14:54:46 [INFO] root: Logging to file: logs/dhaya_20260801_145446.log
14:54:46 [INFO] src.orchestrator: Starting investigation with 1 seed artifact(s)
14:54:46 [INFO] src.orchestrator: Available external tools: 0
14:54:46 [INFO] src.orchestrator: Missing external tools: 35
14:54:46 [INFO] src.plugins.registry: Registered plugin: SherlockPlugin
14:54:46 [INFO] src.plugins.registry: Registered plugin: WhoisPlugin
14:54:46 [INFO] src.plugins.registry: Registered plugin: UsernameSearchPlugin
14:54:46 [INFO] src.plugins.registry: Registered plugin: TheHarvesterPlugin
14:54:46 [INFO] src.plugins.registry: Registered plugin: DigPlugin
14:54:46 [INFO] src.plugins.registry: Registered plugin: EmailBreachPlugin
14:54:46 [INFO] src.plugins.registry: Registered plugin: ImageMatchPlugin
14:54:46 [INFO] src.plugins.registry: Registered plugin: GoogleDorksPlugin
14:54:46 [INFO] src.plugins.registry: Registered plugin: ShodanPlugin
14:54:46 [INFO] src.plugins.registry: Registered plugin: PhoneValidationPlugin
14:54:46 [INFO] src.config.loader: Configuration loaded from: config/config.yaml
14:54:46 [INFO] src.orchestrator: Available plugins: 7
14:54:46 [INFO] src.orchestrator: Created investigation: INV-473e0a40
14:54:46 [INFO] src.orchestrator: Starting BFS processing with 1 artifacts in queue
14:54:46 [INFO] src.orchestrator: Processing: username=dhayanidhi.r@gmail.com (depth=0, queue_size=0)
14:54:47 [INFO] src.modules.username_search: Found dhayanidhi.r@gmail.com on Instagram
14:54:47 [INFO] src.modules.username_search: Found dhayanidhi.r@gmail.com on Medium
14:54:47 [INFO] src.modules.username_search: Found dhayanidhi.r@gmail.com on Steam
14:54:47 [INFO] src.modules.username_search: Found dhayanidhi.r@gmail.com on Mastodon (mastodon.social)
14:54:47 [INFO] src.modules.username_search: Found dhayanidhi.r@gmail.com on Pinterest
14:54:47 [INFO] src.modules.username_search: Username search complete: dhayanidhi.r@gmail.com → found on 5/12 platforms
14:54:47 [INFO] src.modules.google_dorks: Limiting patterns from 9 to 3 to avoid rate limiting
14:54:47 [INFO] src.modules.google_dorks: Searching for username 'dhayanidhi.r@gmail.com' with 3 dork patterns
14:54:47 [INFO] src.modules.google_dorks: Pattern 'simple_search' found 10 results
14:54:48 [INFO] src.modules.google_dorks: DuckDuckGo search found 0 results for pattern 'social_platforms'
14:54:48 [WARNING] src.modules.google_dorks: Pattern 'social_platforms' failed: None
14:54:49 [INFO] src.modules.google_dorks: DuckDuckGo search found 0 results for pattern 'profile_pages'
14:54:49 [WARNING] src.modules.google_dorks: Pattern 'profile_pages' failed: None
14:54:49 [INFO] src.modules.google_dorks: Google Dorks search discovered 20 artifacts
14:54:49 [INFO] src.orchestrator: Google Dorks found 20 artifacts for username dhayanidhi.r@gmail.com
14:54:49 [INFO] src.modules.google_dorks: Limiting patterns from 9 to 3 to avoid rate limiting
14:54:49 [INFO] src.modules.google_dorks: Searching for username 'dhayanidhi.r@gmail.com' with 3 dork patterns
14:54:49 [INFO] src.modules.google_dorks: Pattern 'simple_search' found 1 results
14:54:49 [INFO] src.modules.google_dorks: Pattern 'social_platforms' found 0 results
14:54:49 [INFO] src.modules.google_dorks: Pattern 'profile_pages' found 0 results
14:54:49 [INFO] src.modules.google_dorks: Google Dorks search discovered 2 artifacts
14:54:49 [INFO] src.modules.username_search: Found dhayanidhi.r@gmail.com on Mastodon (mastodon.social)
14:54:49 [INFO] src.modules.username_search: Found dhayanidhi.r@gmail.com on Steam
14:54:49 [INFO] src.modules.username_search: Found dhayanidhi.r@gmail.com on Instagram
14:54:50 [INFO] src.modules.username_search: Found dhayanidhi.r@gmail.com on Medium
14:54:50 [INFO] src.modules.username_search: Found dhayanidhi.r@gmail.com on Pinterest
14:54:50 [INFO] src.modules.username_search: Username search complete: dhayanidhi.r@gmail.com → found on 5/12 platforms
14:54:50 [INFO] src.orchestrator: Plugin system processed 2 plugins, discovered 2 artifacts
14:54:50 [INFO] src.orchestrator: Processing: platform_presence=https://www.instagram.com/dhayanidhi.r@gmail.com/ (depth=1, queue_size=19)
14:54:50 [WARNING] src.orchestrator: Unknown artifact type: platform_presence
14:54:50 [WARNING] src.plugins.manager: No plugins available for artifact type: platform_presence
14:54:50 [INFO] src.orchestrator: Plugin system processed 0 plugins, discovered 0 artifacts
14:54:50 [INFO] src.orchestrator: Processing: platform_presence=https://medium.com/@dhayanidhi.r@gmail.com (depth=1, queue_size=18)
14:54:50 [WARNING] src.orchestrator: Unknown artifact type: platform_presence
14:54:50 [WARNING] src.plugins.manager: No plugins available for artifact type: platform_presence
14:54:50 [INFO] src.orchestrator: Plugin system processed 0 plugins, discovered 0 artifacts
14:54:50 [INFO] src.orchestrator: Processing: platform_presence=https://steamcommunity.com/id/dhayanidhi.r@gmail.com (depth=1, queue_size=17)
14:54:50 [WARNING] src.orchestrator: Unknown artifact type: platform_presence
14:54:50 [WARNING] src.plugins.manager: No plugins available for artifact type: platform_presence
14:54:50 [INFO] src.orchestrator: Plugin system processed 0 plugins, discovered 0 artifacts
14:54:50 [INFO] src.orchestrator: Processing: platform_presence=https://mastodon.social/@dhayanidhi.r@gmail.com (depth=1, queue_size=16)
14:54:50 [WARNING] src.orchestrator: Unknown artifact type: platform_presence
14:54:50 [WARNING] src.plugins.manager: No plugins available for artifact type: platform_presence
14:54:50 [INFO] src.orchestrator: Plugin system processed 0 plugins, discovered 0 artifacts
14:54:50 [INFO] src.orchestrator: Processing: platform_presence=https://www.pinterest.com/dhayanidhi.r@gmail.com/ (depth=1, queue_size=15)
14:54:50 [WARNING] src.orchestrator: Unknown artifact type: platform_presence
14:54:50 [WARNING] src.plugins.manager: No plugins available for artifact type: platform_presence
14:54:50 [INFO] src.orchestrator: Plugin system processed 0 plugins, discovered 0 artifacts
14:54:50 [INFO] src.orchestrator: Processing: username=login?service=mail (depth=1, queue_size=14)
14:54:50 [INFO] src.modules.username_search: Found login?service=mail on Mastodon (mastodon.social)
14:54:50 [INFO] src.modules.username_search: Found login?service=mail on Instagram
14:54:50 [INFO] src.modules.username_search: Found login?service=mail on Keybase
14:54:51 [INFO] src.modules.username_search: Found login?service=mail on Medium
14:54:51 [INFO] src.modules.username_search: Username search complete: login?service=mail → found on 4/12 platforms
14:54:51 [INFO] src.modules.google_dorks: Limiting patterns from 9 to 3 to avoid rate limiting
14:54:51 [INFO] src.modules.google_dorks: Searching for username 'login?service=mail' with 3 dork patterns
14:54:51 [INFO] src.modules.google_dorks: Pattern 'simple_search' found 10 results
14:54:51 [INFO] src.modules.google_dorks: DuckDuckGo search found 0 results for pattern 'social_platforms'
14:54:51 [WARNING] src.modules.google_dorks: Pattern 'social_platforms' failed: None
14:54:52 [INFO] src.modules.google_dorks: DuckDuckGo search found 0 results for pattern 'profile_pages'
14:54:52 [WARNING] src.modules.google_dorks: Pattern 'profile_pages' failed: None
14:54:52 [INFO] src.modules.google_dorks: Google Dorks search discovered 20 artifacts
14:54:52 [INFO] src.orchestrator: Google Dorks found 20 artifacts for username login?service=mail
14:54:52 [INFO] src.modules.google_dorks: Limiting patterns from 9 to 3 to avoid rate limiting
14:54:52 [INFO] src.modules.google_dorks: Searching for username 'login?service=mail' with 3 dork patterns
14:54:52 [INFO] src.modules.google_dorks: Pattern 'simple_search' found 1 results
14:54:52 [INFO] src.modules.google_dorks: Pattern 'profile_pages' found 1 results
14:54:52 [INFO] src.modules.google_dorks: Pattern 'social_platforms' found 1 results
14:54:52 [INFO] src.modules.google_dorks: Google Dorks search discovered 6 artifacts
14:54:52 [INFO] src.modules.username_search: Found login?service=mail on Mastodon (mastodon.social)
14:54:52 [INFO] src.modules.username_search: Found login?service=mail on Keybase
14:54:52 [INFO] src.modules.username_search: Found login?service=mail on Instagram
14:54:52 [INFO] src.modules.username_search: Found login?service=mail on Medium
14:54:52 [INFO] src.modules.username_search: Username search complete: login?service=mail → found on 4/12 platforms
14:54:52 [INFO] src.orchestrator: Plugin system processed 2 plugins, discovered 6 artifacts
14:54:52 [INFO] src.orchestrator: Processing: domain=accounts.google.com (depth=1, queue_size=34)
14:54:52 [WARNING] src.orchestrator: Unknown artifact type: domain
14:54:52 [ERROR] src.orchestrator: External tools processing failed for accounts.google.com: 'WhoisIntegration' object has no attribute 'search_username'
14:54:53 [INFO] src.orchestrator: Plugin system processed 2 plugins, discovered 6 artifacts
14:54:53 [INFO] src.orchestrator: Processing: username=Login (depth=1, queue_size=39)
14:54:53 [INFO] src.modules.username_search: Found Login on Keybase
14:54:53 [INFO] src.modules.username_search: Found Login on Instagram
14:54:53 [INFO] src.modules.username_search: Found Login on Mastodon (mastodon.social)
14:54:53 [INFO] src.modules.username_search: Found Login on Medium
14:54:54 [INFO] src.modules.username_search: Found Login on Pinterest
14:54:54 [INFO] src.modules.username_search: Username search complete: Login → found on 5/12 platforms
14:54:54 [INFO] src.modules.google_dorks: Limiting patterns from 9 to 3 to avoid rate limiting
14:54:54 [INFO] src.modules.google_dorks: Searching for username 'Login' with 3 dork patterns
14:54:54 [INFO] src.modules.google_dorks: Pattern 'simple_search' found 10 results
14:54:54 [INFO] src.modules.google_dorks: Pattern 'profile_pages' found 5 results
14:54:54 [INFO] src.modules.google_dorks: DuckDuckGo search found 0 results for pattern 'social_platforms'
14:54:54 [WARNING] src.modules.google_dorks: Pattern 'social_platforms' failed: None
14:54:54 [WARNING] src.modules.google_dorks: Limiting Google Dorks results from 15 to 10 to prevent exponential growth
14:54:54 [INFO] src.modules.google_dorks: Google Dorks search discovered 30 artifacts
14:54:54 [INFO] src.orchestrator: Google Dorks found 30 artifacts for username Login
14:54:54 [INFO] src.modules.google_dorks: Limiting patterns from 9 to 3 to avoid rate limiting
14:54:54 [INFO] src.modules.google_dorks: Searching for username 'Login' with 3 dork patterns
14:54:54 [INFO] src.modules.google_dorks: Pattern 'simple_search' found 1 results
14:54:54 [INFO] src.modules.google_dorks: Pattern 'profile_pages' found 1 results
14:54:54 [INFO] src.modules.google_dorks: Pattern 'social_platforms' found 1 results
14:54:54 [INFO] src.modules.google_dorks: Google Dorks search discovered 6 artifacts
14:54:54 [INFO] src.modules.username_search: Found Login on Mastodon (mastodon.social)
14:54:54 [INFO] src.modules.username_search: Found Login on Keybase
14:54:55 [INFO] src.modules.username_search: Found Login on Instagram
14:54:55 [INFO] src.modules.username_search: Found Login on Medium
14:54:55 [INFO] src.modules.username_search: Found Login on Pinterest
14:54:55 [INFO] src.modules.username_search: Username search complete: Login → found on 5/12 platforms
14:54:55 [INFO] src.orchestrator: Plugin system processed 2 plugins, discovered 6 artifacts
14:54:55 [INFO] src.orchestrator: Processing: username=dhayanidhir.r.9 (depth=1, queue_size=59)
14:54:56 [INFO] src.modules.username_search: Found dhayanidhir.r.9 on Instagram
14:54:56 [INFO] src.modules.username_search: Found dhayanidhir.r.9 on Mastodon (mastodon.social)
14:54:56 [INFO] src.modules.username_search: Found dhayanidhir.r.9 on Steam
14:54:56 [INFO] src.modules.username_search: Found dhayanidhir.r.9 on Pinterest
14:54:56 [INFO] src.modules.username_search: Found dhayanidhir.r.9 on Medium
14:54:56 [INFO] src.modules.username_search: Username search complete: dhayanidhir.r.9 → found on 5/12 platforms
14:54:56 [INFO] src.modules.google_dorks: Limiting patterns from 9 to 3 to avoid rate limiting
14:54:56 [INFO] src.modules.google_dorks: Searching for username 'dhayanidhir.r.9' with 3 dork patterns
14:54:56 [INFO] src.modules.google_dorks: Pattern 'simple_search' found 10 results
14:54:56 [INFO] src.modules.google_dorks: DuckDuckGo search found 0 results for pattern 'social_platforms'
14:54:56 [WARNING] src.modules.google_dorks: Pattern 'social_platforms' failed: None
14:54:57 [INFO] src.modules.google_dorks: DuckDuckGo search found 0 results for pattern 'profile_pages'
14:54:57 [WARNING] src.modules.google_dorks: Pattern 'profile_pages' failed: None
14:54:57 [INFO] src.modules.google_dorks: Google Dorks search discovered 20 artifacts
14:54:57 [INFO] src.orchestrator: Google Dorks found 20 artifacts for username dhayanidhir.r.9
14:54:57 [INFO] src.modules.google_dorks: Limiting patterns from 9 to 3 to avoid rate limiting
14:54:57 [INFO] src.modules.google_dorks: Searching for username 'dhayanidhir.r.9' with 3 dork patterns
14:54:57 [INFO] src.modules.google_dorks: Pattern 'simple_search' found 1 results
14:54:57 [INFO] src.modules.google_dorks: Pattern 'profile_pages' found 1 results
14:54:57 [INFO] src.modules.google_dorks: Pattern 'social_platforms' found 1 results
14:54:57 [INFO] src.modules.google_dorks: Google Dorks search discovered 6 artifacts
14:54:58 [INFO] src.modules.username_search: Found dhayanidhir.r.9 on Mastodon (mastodon.social)
14:54:58 [INFO] src.modules.username_search: Found dhayanidhir.r.9 on Steam
14:54:58 [INFO] src.modules.username_search: Found dhayanidhir.r.9 on Instagram
14:54:58 [INFO] src.modules.username_search: Found dhayanidhir.r.9 on Medium
14:54:59 [INFO] src.modules.username_search: Found dhayanidhir.r.9 on Pinterest
14:54:59 [INFO] src.modules.username_search: Username search complete: dhayanidhir.r.9 → found on 5/12 platforms
14:54:59 [INFO] src.orchestrator: Plugin system processed 2 plugins, discovered 6 artifacts
14:54:59 [INFO] src.orchestrator: Processing: domain=facebook.com (depth=1, queue_size=76)
14:54:59 [WARNING] src.orchestrator: Unknown artifact type: domain
14:54:59 [ERROR] src.orchestrator: External tools processing failed for facebook.com: 'WhoisIntegration' object has no attribute 'search_username'
14:54:59 [INFO] src.orchestrator: Plugin system processed 2 plugins, discovered 6 artifacts
14:54:59 [INFO] src.orchestrator: Processing: username=r.dhayanidhi.5 (depth=1, queue_size=81)
14:54:59 [INFO] src.modules.username_search: Found r.dhayanidhi.5 on Instagram
14:54:59 [INFO] src.modules.username_search: Found r.dhayanidhi.5 on Steam
14:54:59 [INFO] src.modules.username_search: Found r.dhayanidhi.5 on Mastodon (mastodon.social)
14:55:00 [INFO] src.modules.username_search: Found r.dhayanidhi.5 on Medium
14:55:00 [INFO] src.modules.username_search: Found r.dhayanidhi.5 on Pinterest
14:55:00 [INFO] src.modules.username_search: Username search complete: r.dhayanidhi.5 → found on 5/12 platforms
14:55:00 [INFO] src.modules.google_dorks: Limiting patterns from 9 to 3 to avoid rate limiting
14:55:00 [INFO] src.modules.google_dorks: Searching for username 'r.dhayanidhi.5' with 3 dork patterns
14:55:00 [INFO] src.modules.google_dorks: Pattern 'simple_search' found 10 results
14:55:00 [INFO] src.modules.google_dorks: DuckDuckGo search found 0 results for pattern 'social_platforms'
14:55:00 [WARNING] src.modules.google_dorks: Pattern 'social_platforms' failed: None
14:55:01 [INFO] src.modules.google_dorks: DuckDuckGo search found 0 results for pattern 'profile_pages'
14:55:01 [WARNING] src.modules.google_dorks: Pattern 'profile_pages' failed: None
14:55:01 [INFO] src.modules.google_dorks: Google Dorks search discovered 20 artifacts
14:55:01 [INFO] src.orchestrator: Google Dorks found 20 artifacts for username r.dhayanidhi.5
14:55:01 [INFO] src.modules.google_dorks: Limiting patterns from 9 to 3 to avoid rate limiting
14:55:01 [INFO] src.modules.google_dorks: Searching for username 'r.dhayanidhi.5' with 3 dork patterns
14:55:01 [INFO] src.modules.google_dorks: Pattern 'simple_search' found 1 results
14:55:01 [INFO] src.modules.google_dorks: Pattern 'profile_pages' found 1 results
14:55:01 [INFO] src.modules.google_dorks: Pattern 'social_platforms' found 1 results
14:55:01 [INFO] src.modules.google_dorks: Google Dorks search discovered 6 artifacts
14:55:01 [INFO] src.modules.username_search: Found r.dhayanidhi.5 on Mastodon (mastodon.social)
14:55:01 [INFO] src.modules.username_search: Found r.dhayanidhi.5 on Steam
14:55:01 [INFO] src.modules.username_search: Found r.dhayanidhi.5 on Instagram
14:55:02 [INFO] src.modules.username_search: Found r.dhayanidhi.5 on Pinterest
14:55:02 [INFO] src.modules.username_search: Found r.dhayanidhi.5 on Medium
14:55:02 [INFO] src.modules.username_search: Username search complete: r.dhayanidhi.5 → found on 5/12 platforms
14:55:02 [INFO] src.orchestrator: Plugin system processed 2 plugins, discovered 6 artifacts
14:55:02 [INFO] src.orchestrator: Processing: username=dhayanidhi-r-4200b5286 (depth=1, queue_size=94)
14:55:03 [INFO] src.modules.username_search: Found dhayanidhi-r-4200b5286 on Instagram
14:55:03 [INFO] src.modules.username_search: Found dhayanidhi-r-4200b5286 on Steam
14:55:03 [INFO] src.modules.username_search: Found dhayanidhi-r-4200b5286 on Pinterest
14:55:03 [INFO] src.modules.username_search: Found dhayanidhi-r-4200b5286 on Medium
14:55:03 [INFO] src.modules.username_search: Username search complete: dhayanidhi-r-4200b5286 → found on 4/12 platforms
14:55:03 [INFO] src.modules.google_dorks: Limiting patterns from 9 to 3 to avoid rate limiting
14:55:03 [INFO] src.modules.google_dorks: Searching for username 'dhayanidhi-r-4200b5286' with 3 dork patterns
14:55:03 [INFO] src.modules.google_dorks: Pattern 'simple_search' found 10 results
14:55:03 [INFO] src.modules.google_dorks: DuckDuckGo search found 0 results for pattern 'social_platforms'
14:55:03 [WARNING] src.modules.google_dorks: Pattern 'social_platforms' failed: None
14:55:04 [INFO] src.modules.google_dorks: DuckDuckGo search found 0 results for pattern 'profile_pages'
14:55:04 [WARNING] src.modules.google_dorks: Pattern 'profile_pages' failed: None
14:55:04 [INFO] src.modules.google_dorks: Google Dorks search discovered 20 artifacts
14:55:04 [INFO] src.orchestrator: Google Dorks found 20 artifacts for username dhayanidhi-r-4200b5286
14:55:04 [INFO] src.modules.google_dorks: Limiting patterns from 9 to 3 to avoid rate limiting
14:55:04 [INFO] src.modules.google_dorks: Searching for username 'dhayanidhi-r-4200b5286' with 3 dork patterns
14:55:04 [INFO] src.modules.google_dorks: Pattern 'simple_search' found 1 results
14:55:04 [INFO] src.modules.google_dorks: Pattern 'social_platforms' found 1 results
14:55:04 [INFO] src.modules.google_dorks: Pattern 'profile_pages' found 1 results
14:55:04 [INFO] src.modules.google_dorks: Google Dorks search discovered 6 artifacts
14:55:05 [INFO] src.modules.username_search: Found dhayanidhi-r-4200b5286 on Instagram
14:55:05 [INFO] src.modules.username_search: Found dhayanidhi-r-4200b5286 on Steam
14:55:05 [INFO] src.modules.username_search: Found dhayanidhi-r-4200b5286 on Medium
14:55:05 [INFO] src.modules.username_search: Found dhayanidhi-r-4200b5286 on Pinterest
14:55:05 [INFO] src.modules.username_search: Username search complete: dhayanidhi-r-4200b5286 → found on 4/12 platforms
14:55:05 [INFO] src.orchestrator: Plugin system processed 2 plugins, discovered 6 artifacts
14:55:05 [INFO] src.orchestrator: Processing: domain=in.linkedin.com (depth=1, queue_size=105)
14:55:05 [WARNING] src.orchestrator: Unknown artifact type: domain
14:55:05 [ERROR] src.orchestrator: External tools processing failed for in.linkedin.com: 'WhoisIntegration' object has no attribute 'search_username'
14:55:06 [INFO] src.orchestrator: Plugin system processed 2 plugins, discovered 17 artifacts
14:55:06 [INFO] src.orchestrator: Processing: username=dhayanidhi-r-17b862238 (depth=1, queue_size=121)
14:55:06 [INFO] src.modules.username_search: Found dhayanidhi-r-17b862238 on Instagram
14:55:06 [INFO] src.modules.username_search: Found dhayanidhi-r-17b862238 on Steam
14:55:06 [INFO] src.modules.username_search: Found dhayanidhi-r-17b862238 on Medium
14:55:06 [INFO] src.modules.username_search: Found dhayanidhi-r-17b862238 on Pinterest
14:55:06 [INFO] src.modules.username_search: Username search complete: dhayanidhi-r-17b862238 → found on 4/12 platforms
14:55:06 [INFO] src.modules.google_dorks: Limiting patterns from 9 to 3 to avoid rate limiting
14:55:06 [INFO] src.modules.google_dorks: Searching for username 'dhayanidhi-r-17b862238' with 3 dork patterns
14:55:06 [INFO] src.modules.google_dorks: Pattern 'simple_search' found 10 results
14:55:07 [INFO] src.modules.google_dorks: DuckDuckGo search found 0 results for pattern 'social_platforms'
14:55:07 [WARNING] src.modules.google_dorks: Pattern 'social_platforms' failed: None
14:55:08 [INFO] src.modules.google_dorks: DuckDuckGo search found 0 results for pattern 'profile_pages'
14:55:08 [WARNING] src.modules.google_dorks: Pattern 'profile_pages' failed: None
14:55:08 [INFO] src.modules.google_dorks: Google Dorks search discovered 20 artifacts
14:55:08 [INFO] src.orchestrator: Google Dorks found 20 artifacts for username dhayanidhi-r-17b862238
14:55:08 [INFO] src.modules.google_dorks: Limiting patterns from 9 to 3 to avoid rate limiting
14:55:08 [INFO] src.modules.google_dorks: Searching for username 'dhayanidhi-r-17b862238' with 3 dork patterns
14:55:08 [INFO] src.modules.username_search: Found dhayanidhi-r-17b862238 on Instagram
14:55:08 [INFO] src.modules.username_search: Found dhayanidhi-r-17b862238 on Steam
14:55:08 [INFO] src.modules.username_search: Found dhayanidhi-r-17b862238 on Pinterest
14:55:08 [INFO] src.modules.username_search: Found dhayanidhi-r-17b862238 on Medium
14:55:08 [INFO] src.modules.username_search: Username search complete: dhayanidhi-r-17b862238 → found on 4/12 platforms
14:55:09 [WARNING] src.modules.google_dorks: Google rate limited (429) for query: dhayanidhi-r-17b862238
14:55:09 [WARNING] src.modules.google_dorks: Pattern 'simple_search' failed: Rate limited by Google (429)
14:55:09 [WARNING] src.modules.google_dorks: Google rate limited (429) for query: site:twitter.com "dhayanidhi-r-17b862238" OR site:linkedin.com "dhayanidhi-r-17b862238" OR site:github.com "dhayanidhi-r-17b862238" OR site:instagram.com "dhayanidhi-r-17b862238"
14:55:09 [WARNING] src.modules.google_dorks: Pattern 'social_platforms' failed: Rate limited by Google (429)
14:55:11 [WARNING] src.modules.google_dorks: Google rate limited (429) for query: intitle:"profile" "dhayanidhi-r-17b862238" OR intitle:"user" "dhayanidhi-r-17b862238"
14:55:11 [WARNING] src.modules.google_dorks: Pattern 'profile_pages' failed: Rate limited by Google (429)
14:55:11 [INFO] src.modules.google_dorks: Google Dorks search discovered 0 artifacts
14:55:11 [INFO] src.orchestrator: Plugin system processed 2 plugins, discovered 0 artifacts
14:55:11 [INFO] src.orchestrator: Processing: username=dhayanidhi-r-830a8221a (depth=1, queue_size=128)
14:55:11 [INFO] src.modules.username_search: Found dhayanidhi-r-830a8221a on Instagram
14:55:11 [INFO] src.modules.username_search: Found dhayanidhi-r-830a8221a on Steam
14:55:11 [INFO] src.modules.username_search: Found dhayanidhi-r-830a8221a on Medium
14:55:12 [INFO] src.modules.username_search: Found dhayanidhi-r-830a8221a on Pinterest
14:55:12 [INFO] src.modules.username_search: Username search complete: dhayanidhi-r-830a8221a → found on 4/12 platforms
14:55:12 [INFO] src.modules.google_dorks: Limiting patterns from 9 to 3 to avoid rate limiting
14:55:12 [INFO] src.modules.google_dorks: Searching for username 'dhayanidhi-r-830a8221a' with 3 dork patterns
14:55:12 [INFO] src.modules.google_dorks: Pattern 'simple_search' found 10 results
14:55:12 [INFO] src.modules.google_dorks: DuckDuckGo search found 0 results for pattern 'social_platforms'
14:55:12 [WARNING] src.modules.google_dorks: Pattern 'social_platforms' failed: None
14:55:13 [INFO] src.modules.google_dorks: DuckDuckGo search found 0 results for pattern 'profile_pages'
14:55:13 [WARNING] src.modules.google_dorks: Pattern 'profile_pages' failed: None
14:55:13 [INFO] src.modules.google_dorks: Google Dorks search discovered 20 artifacts
14:55:13 [INFO] src.orchestrator: Google Dorks found 20 artifacts for username dhayanidhi-r-830a8221a
14:55:13 [INFO] src.modules.google_dorks: Limiting patterns from 9 to 3 to avoid rate limiting
14:55:13 [INFO] src.modules.google_dorks: Searching for username 'dhayanidhi-r-830a8221a' with 3 dork patterns
14:55:13 [INFO] src.modules.username_search: Found dhayanidhi-r-830a8221a on Instagram
14:55:13 [INFO] src.modules.username_search: Found dhayanidhi-r-830a8221a on Steam
14:55:13 [INFO] src.modules.username_search: Found dhayanidhi-r-830a8221a on Medium
14:55:13 [INFO] src.modules.username_search: Found dhayanidhi-r-830a8221a on Pinterest
14:55:13 [INFO] src.modules.username_search: Username search complete: dhayanidhi-r-830a8221a → found on 4/12 platforms
14:55:14 [WARNING] src.modules.google_dorks: Google rate limited (429) for query: dhayanidhi-r-830a8221a
14:55:14 [WARNING] src.modules.google_dorks: Pattern 'simple_search' failed: Rate limited by Google (429)
14:55:15 [WARNING] src.modules.google_dorks: Google rate limited (429) for query: site:twitter.com "dhayanidhi-r-830a8221a" OR site:linkedin.com "dhayanidhi-r-830a8221a" OR site:github.com "dhayanidhi-r-830a8221a" OR site:instagram.com "dhayanidhi-r-830a8221a"
14:55:15 [WARNING] src.modules.google_dorks: Pattern 'social_platforms' failed: Rate limited by Google (429)
14:55:15 [WARNING] src.modules.google_dorks: Google rate limited (429) for query: intitle:"profile" "dhayanidhi-r-830a8221a" OR intitle:"user" "dhayanidhi-r-830a8221a"
14:55:15 [WARNING] src.modules.google_dorks: Pattern 'profile_pages' failed: Rate limited by Google (429)
14:55:15 [INFO] src.modules.google_dorks: Google Dorks search discovered 0 artifacts
14:55:15 [INFO] src.orchestrator: Plugin system processed 2 plugins, discovered 0 artifacts
14:55:15 [INFO] src.orchestrator: Processing: username=dhayanidhi-r-2a7b473b4 (depth=1, queue_size=138)
14:55:15 [INFO] src.modules.username_search: Found dhayanidhi-r-2a7b473b4 on Instagram
14:55:15 [INFO] src.modules.username_search: Found dhayanidhi-r-2a7b473b4 on Pinterest
14:55:15 [INFO] src.modules.username_search: Found dhayanidhi-r-2a7b473b4 on Steam
14:55:16 [INFO] src.modules.username_search: Found dhayanidhi-r-2a7b473b4 on Medium
14:55:16 [INFO] src.modules.username_search: Username search complete: dhayanidhi-r-2a7b473b4 → found on 4/12 platforms
14:55:16 [INFO] src.modules.google_dorks: Limiting patterns from 9 to 3 to avoid rate limiting
14:55:16 [INFO] src.modules.google_dorks: Searching for username 'dhayanidhi-r-2a7b473b4' with 3 dork patterns
14:55:16 [INFO] src.modules.google_dorks: Pattern 'simple_search' found 10 results
14:55:16 [INFO] src.modules.google_dorks: DuckDuckGo search found 0 results for pattern 'profile_pages'
14:55:16 [WARNING] src.modules.google_dorks: Pattern 'profile_pages' failed: None
14:55:17 [INFO] src.modules.google_dorks: DuckDuckGo search found 0 results for pattern 'social_platforms'
14:55:17 [WARNING] src.modules.google_dorks: Pattern 'social_platforms' failed: None
14:55:17 [INFO] src.modules.google_dorks: Google Dorks search discovered 20 artifacts
14:55:17 [INFO] src.orchestrator: Google Dorks found 20 artifacts for username dhayanidhi-r-2a7b473b4
14:55:17 [INFO] src.modules.google_dorks: Limiting patterns from 9 to 3 to avoid rate limiting
14:55:17 [INFO] src.modules.google_dorks: Searching for username 'dhayanidhi-r-2a7b473b4' with 3 dork patterns
14:55:17 [INFO] src.modules.username_search: Found dhayanidhi-r-2a7b473b4 on Instagram
14:55:17 [INFO] src.modules.username_search: Found dhayanidhi-r-2a7b473b4 on Steam
14:55:18 [INFO] src.modules.username_search: Found dhayanidhi-r-2a7b473b4 on Medium
14:55:18 [INFO] src.modules.username_search: Found dhayanidhi-r-2a7b473b4 on Pinterest
14:55:18 [INFO] src.modules.username_search: Username search complete: dhayanidhi-r-2a7b473b4 → found on 4/12 platforms
14:55:18 [WARNING] src.modules.google_dorks: Google rate limited (429) for query: dhayanidhi-r-2a7b473b4
14:55:18 [WARNING] src.modules.google_dorks: Pattern 'simple_search' failed: Rate limited by Google (429)
14:55:19 [WARNING] src.modules.google_dorks: Google rate limited (429) for query: intitle:"profile" "dhayanidhi-r-2a7b473b4" OR intitle:"user" "dhayanidhi-r-2a7b473b4"
14:55:19 [WARNING] src.modules.google_dorks: Pattern 'profile_pages' failed: Rate limited by Google (429)
14:55:19 [WARNING] src.modules.google_dorks: Google rate limited (429) for query: site:twitter.com "dhayanidhi-r-2a7b473b4" OR site:linkedin.com "dhayanidhi-r-2a7b473b4" OR site:github.com "dhayanidhi-r-2a7b473b4" OR site:instagram.com "dhayanidhi-r-2a7b473b4"
14:55:19 [WARNING] src.modules.google_dorks: Pattern 'social_platforms' failed: Rate limited by Google (429)
14:55:19 [INFO] src.modules.google_dorks: Google Dorks search discovered 0 artifacts
14:55:19 [INFO] src.orchestrator: Plugin system processed 2 plugins, discovered 0 artifacts
14:55:19 [INFO] src.orchestrator: Processing: username=dhayanidhi-r-766b43255 (depth=1, queue_size=147)
14:55:19 [INFO] src.modules.username_search: Found dhayanidhi-r-766b43255 on Instagram
14:55:19 [INFO] src.modules.username_search: Found dhayanidhi-r-766b43255 on Steam
14:55:19 [INFO] src.modules.username_search: Found dhayanidhi-r-766b43255 on Medium
14:55:21 [INFO] src.modules.username_search: Found dhayanidhi-r-766b43255 on Pinterest
14:55:21 [INFO] src.modules.username_search: Username search complete: dhayanidhi-r-766b43255 → found on 4/12 platforms
14:55:21 [INFO] src.modules.google_dorks: Limiting patterns from 9 to 3 to avoid rate limiting
14:55:21 [INFO] src.modules.google_dorks: Searching for username 'dhayanidhi-r-766b43255' with 3 dork patterns
14:55:21 [INFO] src.modules.google_dorks: Pattern 'simple_search' found 10 results
14:55:21 [INFO] src.modules.google_dorks: DuckDuckGo search found 0 results for pattern 'social_platforms'
14:55:21 [WARNING] src.modules.google_dorks: Pattern 'social_platforms' failed: None
14:55:22 [INFO] src.modules.google_dorks: DuckDuckGo search found 0 results for pattern 'profile_pages'
14:55:22 [WARNING] src.modules.google_dorks: Pattern 'profile_pages' failed: None
14:55:22 [INFO] src.modules.google_dorks: Google Dorks search discovered 20 artifacts
14:55:22 [INFO] src.orchestrator: Google Dorks found 20 artifacts for username dhayanidhi-r-766b43255
14:55:22 [INFO] src.modules.google_dorks: Limiting patterns from 9 to 3 to avoid rate limiting
14:55:22 [INFO] src.modules.google_dorks: Searching for username 'dhayanidhi-r-766b43255' with 3 dork patterns
14:55:22 [INFO] src.modules.username_search: Found dhayanidhi-r-766b43255 on Instagram
14:55:22 [INFO] src.modules.username_search: Found dhayanidhi-r-766b43255 on Medium
14:55:22 [INFO] src.modules.username_search: Found dhayanidhi-r-766b43255 on Steam
14:55:23 [INFO] src.modules.username_search: Found dhayanidhi-r-766b43255 on Pinterest
14:55:23 [INFO] src.modules.username_search: Username search complete: dhayanidhi-r-766b43255 → found on 4/12 platforms
14:55:23 [WARNING] src.modules.google_dorks: Google rate limited (429) for query: dhayanidhi-r-766b43255
14:55:23 [WARNING] src.modules.google_dorks: Pattern 'simple_search' failed: Rate limited by Google (429)
14:55:24 [WARNING] src.modules.google_dorks: Google rate limited (429) for query: intitle:"profile" "dhayanidhi-r-766b43255" OR intitle:"user" "dhayanidhi-r-766b43255"
14:55:24 [WARNING] src.modules.google_dorks: Pattern 'profile_pages' failed: Rate limited by Google (429)
14:55:24 [WARNING] src.modules.google_dorks: Google rate limited (429) for query: site:twitter.com "dhayanidhi-r-766b43255" OR site:linkedin.com "dhayanidhi-r-766b43255" OR site:github.com "dhayanidhi-r-766b43255" OR site:instagram.com "dhayanidhi-r-766b43255"
14:55:24 [WARNING] src.modules.google_dorks: Pattern 'social_platforms' failed: Rate limited by Google (429)
14:55:24 [INFO] src.modules.google_dorks: Google Dorks search discovered 0 artifacts
14:55:24 [INFO] src.orchestrator: Plugin system processed 2 plugins, discovered 0 artifacts
14:55:24 [INFO] src.orchestrator: Processing: username=dhayanidhi-r-5aa086296 (depth=1, queue_size=155)
14:55:25 [INFO] src.modules.username_search: Found dhayanidhi-r-5aa086296 on Instagram
14:55:25 [INFO] src.modules.username_search: Found dhayanidhi-r-5aa086296 on Steam
14:55:25 [INFO] src.modules.username_search: Found dhayanidhi-r-5aa086296 on Pinterest
14:55:25 [INFO] src.modules.username_search: Found dhayanidhi-r-5aa086296 on Medium
14:55:25 [INFO] src.modules.username_search: Username search complete: dhayanidhi-r-5aa086296 → found on 4/12 platforms
14:55:25 [INFO] src.modules.google_dorks: Limiting patterns from 9 to 3 to avoid rate limiting
14:55:25 [INFO] src.modules.google_dorks: Searching for username 'dhayanidhi-r-5aa086296' with 3 dork patterns
14:55:25 [INFO] src.modules.google_dorks: Pattern 'simple_search' found 10 results
14:55:25 [INFO] src.modules.google_dorks: DuckDuckGo search found 0 results for pattern 'social_platforms'
14:55:25 [WARNING] src.modules.google_dorks: Pattern 'social_platforms' failed: None
14:55:26 [INFO] src.modules.google_dorks: DuckDuckGo search found 0 results for pattern 'profile_pages'
14:55:26 [WARNING] src.modules.google_dorks: Pattern 'profile_pages' failed: None
14:55:26 [INFO] src.modules.google_dorks: Google Dorks search discovered 20 artifacts
14:55:26 [INFO] src.orchestrator: Google Dorks found 20 artifacts for username dhayanidhi-r-5aa086296
14:55:26 [INFO] src.modules.google_dorks: Limiting patterns from 9 to 3 to avoid rate limiting
14:55:26 [INFO] src.modules.google_dorks: Searching for username 'dhayanidhi-r-5aa086296' with 3 dork patterns
14:55:26 [INFO] src.modules.username_search: Found dhayanidhi-r-5aa086296 on Instagram
14:55:26 [INFO] src.modules.username_search: Found dhayanidhi-r-5aa086296 on Steam
14:55:27 [INFO] src.modules.username_search: Found dhayanidhi-r-5aa086296 on Medium
14:55:27 [WARNING] src.modules.google_dorks: Google rate limited (429) for query: dhayanidhi-r-5aa086296
14:55:27 [WARNING] src.modules.google_dorks: Pattern 'simple_search' failed: Rate limited by Google (429)
14:55:27 [INFO] src.modules.username_search: Found dhayanidhi-r-5aa086296 on Pinterest
14:55:28 [WARNING] src.modules.google_dorks: Google rate limited (429) for query: intitle:"profile" "dhayanidhi-r-5aa086296" OR intitle:"user" "dhayanidhi-r-5aa086296"
14:55:28 [WARNING] src.modules.google_dorks: Pattern 'profile_pages' failed: Rate limited by Google (429)
14:55:28 [WARNING] src.modules.google_dorks: Google rate limited (429) for query: site:twitter.com "dhayanidhi-r-5aa086296" OR site:linkedin.com "dhayanidhi-r-5aa086296" OR site:github.com "dhayanidhi-r-5aa086296" OR site:instagram.com "dhayanidhi-r-5aa086296"
14:55:28 [WARNING] src.modules.google_dorks: Pattern 'social_platforms' failed: Rate limited by Google (429)
14:55:28 [INFO] src.modules.google_dorks: Google Dorks search discovered 0 artifacts
14:55:29 [INFO] src.modules.username_search: Username search complete: dhayanidhi-r-5aa086296 → found on 4/12 platforms
14:55:29 [INFO] src.orchestrator: Plugin system processed 2 plugins, discovered 0 artifacts
14:55:29 [INFO] src.orchestrator: Processing: username=websearch (depth=1, queue_size=158)
14:55:29 [INFO] src.modules.username_search: Found websearch on Instagram
14:55:29 [INFO] src.modules.username_search: Found websearch on Medium
14:55:30 [INFO] src.modules.username_search: Found websearch on Pinterest
14:55:30 [INFO] src.modules.username_search: Username search complete: websearch → found on 3/12 platforms
14:55:30 [INFO] src.modules.google_dorks: Limiting patterns from 9 to 3 to avoid rate limiting
14:55:30 [INFO] src.modules.google_dorks: Searching for username 'websearch' with 3 dork patterns
14:55:30 [INFO] src.modules.google_dorks: Pattern 'simple_search' found 10 results
14:55:30 [INFO] src.modules.google_dorks: DuckDuckGo search found 0 results for pattern 'social_platforms'
14:55:30 [WARNING] src.modules.google_dorks: Pattern 'social_platforms' failed: None
14:55:31 [INFO] src.modules.google_dorks: DuckDuckGo search found 0 results for pattern 'profile_pages'
14:55:31 [WARNING] src.modules.google_dorks: Pattern 'profile_pages' failed: None
14:55:31 [INFO] src.modules.google_dorks: Google Dorks search discovered 20 artifacts
14:55:31 [INFO] src.orchestrator: Google Dorks found 20 artifacts for username websearch
14:55:31 [INFO] src.modules.google_dorks: Limiting patterns from 9 to 3 to avoid rate limiting
14:55:31 [INFO] src.modules.google_dorks: Searching for username 'websearch' with 3 dork patterns
14:55:31 [INFO] src.modules.username_search: Found websearch on Instagram
14:55:31 [INFO] src.modules.username_search: Found websearch on Medium
14:55:32 [INFO] src.modules.username_search: Found websearch on Pinterest
14:55:32 [INFO] src.modules.username_search: Username search complete: websearch → found on 3/12 platforms
14:55:32 [WARNING] src.modules.google_dorks: Google rate limited (429) for query: websearch
14:55:32 [WARNING] src.modules.google_dorks: Pattern 'simple_search' failed: Rate limited by Google (429)
14:55:32 [WARNING] src.modules.google_dorks: Google rate limited (429) for query: site:twitter.com "websearch" OR site:linkedin.com "websearch" OR site:github.com "websearch" OR site:instagram.com "websearch"
14:55:32 [WARNING] src.modules.google_dorks: Pattern 'social_platforms' failed: Rate limited by Google (429)
14:55:34 [WARNING] src.modules.google_dorks: Google rate limited (429) for query: intitle:"profile" "websearch" OR intitle:"user" "websearch"
14:55:34 [WARNING] src.modules.google_dorks: Pattern 'profile_pages' failed: Rate limited by Google (429)
14:55:34 [INFO] src.modules.google_dorks: Google Dorks search discovered 0 artifacts
14:55:34 [INFO] src.orchestrator: Plugin system processed 2 plugins, discovered 0 artifacts
14:55:34 [INFO] src.orchestrator: Processing: domain=support.google.com (depth=1, queue_size=176)
14:55:34 [WARNING] src.orchestrator: Unknown artifact type: domain
14:55:34 [ERROR] src.orchestrator: External tools processing failed for support.google.com: 'WhoisIntegration' object has no attribute 'search_username'
14:55:34 [INFO] src.orchestrator: Plugin system processed 2 plugins, discovered 6 artifacts
14:55:34 [INFO] src.orchestrator: Processing: platform_presence=https://mastodon.social/@login?service=mail (depth=2, queue_size=181)
14:55:34 [WARNING] src.orchestrator: Unknown artifact type: platform_presence
14:55:34 [WARNING] src.plugins.manager: No plugins available for artifact type: platform_presence
14:55:34 [INFO] src.orchestrator: Plugin system processed 0 plugins, discovered 0 artifacts
14:55:34 [INFO] src.orchestrator: Processing: platform_presence=https://www.instagram.com/login?service=mail/ (depth=2, queue_size=180)
14:55:34 [WARNING] src.orchestrator: Unknown artifact type: platform_presence
14:55:34 [WARNING] src.plugins.manager: No plugins available for artifact type: platform_presence
14:55:34 [INFO] src.orchestrator: Plugin system processed 0 plugins, discovered 0 artifacts
14:55:34 [INFO] src.orchestrator: Processing: platform_presence=https://keybase.io/login?service=mail (depth=2, queue_size=179)
14:55:34 [WARNING] src.orchestrator: Unknown artifact type: platform_presence
14:55:34 [WARNING] src.plugins.manager: No plugins available for artifact type: platform_presence
14:55:34 [INFO] src.orchestrator: Plugin system processed 0 plugins, discovered 0 artifacts
14:55:34 [INFO] src.orchestrator: Processing: platform_presence=https://medium.com/@login?service=mail (depth=2, queue_size=178)
14:55:34 [WARNING] src.orchestrator: Unknown artifact type: platform_presence
14:55:34 [WARNING] src.plugins.manager: No plugins available for artifact type: platform_presence
14:55:34 [INFO] src.orchestrator: Plugin system processed 0 plugins, discovered 0 artifacts
14:55:34 [INFO] src.orchestrator: Processing: username=signin (depth=2, queue_size=177)
14:55:35 [INFO] src.modules.username_search: Found signin on HackerNews
14:55:35 [INFO] src.modules.username_search: Found signin on Instagram
14:55:35 [INFO] src.modules.username_search: Found signin on Medium
14:55:36 [INFO] src.modules.username_search: Found signin on Pinterest
14:55:36 [INFO] src.modules.username_search: Username search complete: signin → found on 4/12 platforms
14:55:36 [INFO] src.modules.google_dorks: Limiting patterns from 9 to 3 to avoid rate limiting
14:55:36 [INFO] src.modules.google_dorks: Searching for username 'signin' with 3 dork patterns
14:55:36 [INFO] src.modules.google_dorks: Pattern 'simple_search' found 10 results
14:55:36 [INFO] src.modules.google_dorks: DuckDuckGo search found 0 results for pattern 'social_platforms'
14:55:36 [WARNING] src.modules.google_dorks: Pattern 'social_platforms' failed: None
14:55:37 [INFO] src.modules.google_dorks: DuckDuckGo search found 0 results for pattern 'profile_pages'
14:55:37 [WARNING] src.modules.google_dorks: Pattern 'profile_pages' failed: None
14:55:37 [INFO] src.modules.google_dorks: Google Dorks search discovered 20 artifacts
14:55:37 [INFO] src.orchestrator: Google Dorks found 20 artifacts for username signin
14:55:37 [INFO] src.modules.google_dorks: Limiting patterns from 9 to 3 to avoid rate limiting
14:55:37 [INFO] src.modules.google_dorks: Searching for username 'signin' with 3 dork patterns
14:55:37 [INFO] src.modules.username_search: Found signin on Instagram
14:55:37 [INFO] src.modules.username_search: Found signin on HackerNews
14:55:38 [INFO] src.modules.username_search: Found signin on Medium
14:55:38 [INFO] src.modules.username_search: Found signin on Pinterest
14:55:38 [INFO] src.modules.username_search: Username search complete: signin → found on 4/12 platforms
14:55:38 [WARNING] src.modules.google_dorks: Google rate limited (429) for query: signin
14:55:38 [WARNING] src.modules.google_dorks: Pattern 'simple_search' failed: Rate limited by Google (429)
14:55:39 [WARNING] src.modules.google_dorks: Google rate limited (429) for query: site:twitter.com "signin" OR site:linkedin.com "signin" OR site:github.com "signin" OR site:instagram.com "signin"
14:55:39 [WARNING] src.modules.google_dorks: Pattern 'social_platforms' failed: Rate limited by Google (429)
14:55:39 [WARNING] src.modules.google_dorks: Google rate limited (429) for query: intitle:"profile" "signin" OR intitle:"user" "signin"
14:55:39 [WARNING] src.modules.google_dorks: Pattern 'profile_pages' failed: Rate limited by Google (429)
14:55:39 [INFO] src.modules.google_dorks: Google Dorks search discovered 0 artifacts
14:55:39 [INFO] src.orchestrator: Plugin system processed 2 plugins, discovered 0 artifacts
14:55:39 [INFO] src.orchestrator: Processing: domain=mail.google.com (depth=2, queue_size=176)
14:55:39 [WARNING] src.orchestrator: Unknown artifact type: domain
14:55:39 [ERROR] src.orchestrator: External tools processing failed for mail.google.com: 'WhoisIntegration' object has no attribute 'search_username'
14:55:39 [INFO] src.orchestrator: Plugin system processed 2 plugins, discovered 4 artifacts
14:55:39 [INFO] src.orchestrator: Processing: username=InteractiveLogin?service=mail (depth=2, queue_size=175)
14:55:40 [INFO] src.modules.username_search: Found InteractiveLogin?service=mail on Steam
14:55:40 [INFO] src.modules.username_search: Found InteractiveLogin?service=mail on Instagram
14:55:40 [INFO] src.modules.username_search: Found InteractiveLogin?service=mail on Medium
14:55:40 [INFO] src.modules.username_search: Username search complete: InteractiveLogin?service=mail → found on 3/12 platforms
14:55:40 [INFO] src.modules.google_dorks: Limiting patterns from 9 to 3 to avoid rate limiting
14:55:40 [INFO] src.modules.google_dorks: Searching for username 'InteractiveLogin?service=mail' with 3 dork patterns
14:55:40 [INFO] src.modules.google_dorks: Pattern 'simple_search' found 10 results
14:55:40 [INFO] src.modules.google_dorks: DuckDuckGo search found 0 results for pattern 'social_platforms'
14:55:40 [WARNING] src.modules.google_dorks: Pattern 'social_platforms' failed: None
14:55:41 [INFO] src.modules.google_dorks: DuckDuckGo search found 0 results for pattern 'profile_pages'
14:55:41 [WARNING] src.modules.google_dorks: Pattern 'profile_pages' failed: None
14:55:41 [INFO] src.modules.google_dorks: Google Dorks search discovered 20 artifacts
14:55:41 [INFO] src.orchestrator: Google Dorks found 20 artifacts for username InteractiveLogin?service=mail
14:55:41 [INFO] src.modules.google_dorks: Limiting patterns from 9 to 3 to avoid rate limiting
14:55:41 [INFO] src.modules.google_dorks: Searching for username 'InteractiveLogin?service=mail' with 3 dork patterns
14:55:41 [INFO] src.modules.username_search: Found InteractiveLogin?service=mail on Steam
14:55:41 [INFO] src.modules.username_search: Found InteractiveLogin?service=mail on Instagram
14:55:42 [INFO] src.modules.username_search: Found InteractiveLogin?service=mail on Medium
14:55:42 [INFO] src.modules.username_search: Username search complete: InteractiveLogin?service=mail → found on 3/12 platforms
14:55:42 [WARNING] src.modules.google_dorks: Google rate limited (429) for query: InteractiveLogin?service=mail
14:55:42 [WARNING] src.modules.google_dorks: Pattern 'simple_search' failed: Rate limited by Google (429)
14:55:43 [WARNING] src.modules.google_dorks: Google rate limited (429) for query: site:twitter.com "InteractiveLogin?service=mail" OR site:linkedin.com "InteractiveLogin?service=mail" OR site:github.com "InteractiveLogin?service=mail" OR site:instagram.com "InteractiveLogin?service=mail"
14:55:43 [WARNING] src.modules.google_dorks: Pattern 'social_platforms' failed: Rate limited by Google (429)
14:55:43 [WARNING] src.modules.google_dorks: Google rate limited (429) for query: intitle:"profile" "InteractiveLogin?service=mail" OR intitle:"user" "InteractiveLogin?service=mail"
14:55:43 [WARNING] src.modules.google_dorks: Pattern 'profile_pages' failed: Rate limited by Google (429)
14:55:43 [INFO] src.modules.google_dorks: Google Dorks search discovered 0 artifacts
14:55:43 [INFO] src.orchestrator: Plugin system processed 2 plugins, discovered 0 artifacts
14:55:43 [INFO] src.orchestrator: Processing: username=?ui=en-US&rs=US (depth=2, queue_size=174)
14:55:43 [INFO] src.modules.username_search: Found ?ui=en-US&rs=US on Keybase
14:55:43 [INFO] src.modules.username_search: Found ?ui=en-US&rs=US on Steam
14:55:43 [INFO] src.modules.username_search: Found ?ui=en-US&rs=US on Instagram
14:55:44 [INFO] src.modules.username_search: Found ?ui=en-US&rs=US on Pinterest
14:55:44 [INFO] src.modules.username_search: Username search complete: ?ui=en-US&rs=US → found on 4/12 platforms
14:55:44 [INFO] src.modules.google_dorks: Limiting patterns from 9 to 3 to avoid rate limiting
14:55:44 [INFO] src.modules.google_dorks: Searching for username '?ui=en-US&rs=US' with 3 dork patterns
14:55:44 [INFO] src.modules.google_dorks: Pattern 'simple_search' found 10 results
14:55:44 [INFO] src.modules.google_dorks: DuckDuckGo search found 0 results for pattern 'social_platforms'
14:55:44 [WARNING] src.modules.google_dorks: Pattern 'social_platforms' failed: None
14:55:45 [INFO] src.modules.google_dorks: DuckDuckGo search found 0 results for pattern 'profile_pages'
14:55:45 [WARNING] src.modules.google_dorks: Pattern 'profile_pages' failed: None
14:55:45 [INFO] src.modules.google_dorks: Google Dorks search discovered 20 artifacts
14:55:45 [INFO] src.orchestrator: Google Dorks found 20 artifacts for username ?ui=en-US&rs=US
14:55:45 [INFO] src.modules.google_dorks: Limiting patterns from 9 to 3 to avoid rate limiting
14:55:45 [INFO] src.modules.google_dorks: Searching for username '?ui=en-US&rs=US' with 3 dork patterns
14:55:45 [INFO] src.modules.username_search: Found ?ui=en-US&rs=US on Keybase
14:55:45 [INFO] src.modules.username_search: Found ?ui=en-US&rs=US on Steam
14:55:45 [INFO] src.modules.username_search: Found ?ui=en-US&rs=US on Instagram
14:55:46 [INFO] src.modules.username_search: Found ?ui=en-US&rs=US on Pinterest
14:55:46 [INFO] src.modules.username_search: Username search complete: ?ui=en-US&rs=US → found on 4/12 platforms
14:55:46 [WARNING] src.modules.google_dorks: Google rate limited (429) for query: site:twitter.com "?ui=en-US&rs=US" OR site:linkedin.com "?ui=en-US&rs=US" OR site:github.com "?ui=en-US&rs=US" OR site:instagram.com "?ui=en-US&rs=US"
14:55:46 [WARNING] src.modules.google_dorks: Pattern 'social_platforms' failed: Rate limited by Google (429)
14:55:47 [WARNING] src.modules.google_dorks: Google rate limited (429) for query: ?ui=en-US&rs=US
14:55:47 [WARNING] src.modules.google_dorks: Pattern 'simple_search' failed: Rate limited by Google (429)
14:55:47 [WARNING] src.modules.google_dorks: Google rate limited (429) for query: intitle:"profile" "?ui=en-US&rs=US" OR intitle:"user" "?ui=en-US&rs=US"
14:55:47 [WARNING] src.modules.google_dorks: Pattern 'profile_pages' failed: Rate limited by Google (429)
14:55:47 [INFO] src.modules.google_dorks: Google Dorks search discovered 0 artifacts
14:55:47 [INFO] src.orchestrator: Plugin system processed 2 plugins, discovered 0 artifacts
14:55:47 [INFO] src.orchestrator: Processing: domain=outlook.office.com (depth=2, queue_size=173)
14:55:47 [WARNING] src.orchestrator: Unknown artifact type: domain
14:55:47 [ERROR] src.orchestrator: External tools processing failed for outlook.office.com: 'WhoisIntegration' object has no attribute 'search_username'
14:55:47 [INFO] src.orchestrator: Plugin system processed 2 plugins, discovered 18 artifacts
14:55:47 [INFO] src.orchestrator: Processing: username=?wa=wsignin1.0&wtrealm=urn%3afederation%3aMicrosoftOnline (depth=2, queue_size=172)
14:55:47 [INFO] src.modules.username_search: Found ?wa=wsignin1.0&wtrealm=urn%3afederation%3aMicrosoftOnline on Keybase
14:55:47 [INFO] src.modules.username_search: Found ?wa=wsignin1.0&wtrealm=urn%3afederation%3aMicrosoftOnline on Steam
14:55:47 [INFO] src.modules.username_search: Found ?wa=wsignin1.0&wtrealm=urn%3afederation%3aMicrosoftOnline on Instagram
14:55:48 [INFO] src.modules.username_search: Found ?wa=wsignin1.0&wtrealm=urn%3afederation%3aMicrosoftOnline on Pinterest
14:55:48 [INFO] src.modules.username_search: Username search complete: ?wa=wsignin1.0&wtrealm=urn%3afederation%3aMicrosoftOnline → found on 4/12 platforms
14:55:48 [INFO] src.modules.google_dorks: Limiting patterns from 9 to 3 to avoid rate limiting
14:55:48 [INFO] src.modules.google_dorks: Searching for username '?wa=wsignin1.0&wtrealm=urn%3afederation%3aMicrosoftOnline' with 3 dork patterns
14:55:48 [INFO] src.modules.google_dorks: Pattern 'simple_search' found 10 results
14:55:48 [INFO] src.modules.google_dorks: DuckDuckGo search found 0 results for pattern 'social_platforms'
14:55:48 [WARNING] src.modules.google_dorks: Pattern 'social_platforms' failed: None
14:55:49 [INFO] src.modules.google_dorks: DuckDuckGo search found 0 results for pattern 'profile_pages'
14:55:49 [WARNING] src.modules.google_dorks: Pattern 'profile_pages' failed: None
14:55:49 [INFO] src.modules.google_dorks: Google Dorks search discovered 21 artifacts
14:55:49 [INFO] src.orchestrator: Google Dorks found 21 artifacts for username ?wa=wsignin1.0&wtrealm=urn%3afederation%3aMicrosoftOnline
14:55:49 [INFO] src.modules.google_dorks: Limiting patterns from 9 to 3 to avoid rate limiting
14:55:49 [INFO] src.modules.google_dorks: Searching for username '?wa=wsignin1.0&wtrealm=urn%3afederation%3aMicrosoftOnline' with 3 dork patterns
14:55:49 [INFO] src.modules.username_search: Found ?wa=wsignin1.0&wtrealm=urn%3afederation%3aMicrosoftOnline on Keybase
14:55:49 [INFO] src.modules.username_search: Found ?wa=wsignin1.0&wtrealm=urn%3afederation%3aMicrosoftOnline on Steam
14:55:49 [INFO] src.modules.username_search: Found ?wa=wsignin1.0&wtrealm=urn%3afederation%3aMicrosoftOnline on Instagram
14:55:50 [INFO] src.modules.username_search: Found ?wa=wsignin1.0&wtrealm=urn%3afederation%3aMicrosoftOnline on Pinterest
14:55:50 [INFO] src.modules.username_search: Username search complete: ?wa=wsignin1.0&wtrealm=urn%3afederation%3aMicrosoftOnline → found on 4/12 platforms
14:55:50 [WARNING] src.modules.google_dorks: Google rate limited (429) for query: ?wa=wsignin1.0&wtrealm=urn%3afederation%3aMicrosoftOnline
14:55:50 [WARNING] src.modules.google_dorks: Pattern 'simple_search' failed: Rate limited by Google (429)
14:55:51 [WARNING] src.modules.google_dorks: Google rate limited (429) for query: site:twitter.com "?wa=wsignin1.0&wtrealm=urn%3afederation%3aMicrosoftOnline" OR site:linkedin.com "?wa=wsignin1.0&wtrealm=urn%3afederation%3aMicrosoftOnline" OR site:github.com "?wa=wsignin1.0&wtrealm=urn%3afederation%3aMicrosoftOnline" OR site:instagram.com "?wa=wsignin1.0&wtrealm=urn%3afederation%3aMicrosoftOnline"
14:55:51 [WARNING] src.modules.google_dorks: Pattern 'social_platforms' failed: Rate limited by Google (429)
14:55:52 [WARNING] src.modules.google_dorks: Google rate limited (429) for query: intitle:"profile" "?wa=wsignin1.0&wtrealm=urn%3afederation%3aMicrosoftOnline" OR intitle:"user" "?wa=wsignin1.0&wtrealm=urn%3afederation%3aMicrosoftOnline"
14:55:52 [WARNING] src.modules.google_dorks: Pattern 'profile_pages' failed: Rate limited by Google (429)
14:55:52 [INFO] src.modules.google_dorks: Google Dorks search discovered 0 artifacts
14:55:52 [INFO] src.orchestrator: Plugin system processed 2 plugins, discovered 0 artifacts
14:55:52 [INFO] src.orchestrator: Processing: domain=outlook.office365.com (depth=2, queue_size=171)
14:55:52 [WARNING] src.orchestrator: Unknown artifact type: domain
14:55:52 [ERROR] src.orchestrator: External tools processing failed for outlook.office365.com: 'WhoisIntegration' object has no attribute 'search_username'
14:55:52 [INFO] src.orchestrator: Plugin system processed 2 plugins, discovered 16 artifacts
14:55:52 [INFO] src.orchestrator: Processing: username=id (depth=2, queue_size=170)
14:55:52 [INFO] src.modules.username_search: Found id on Mastodon (mastodon.social)
14:55:52 [INFO] src.modules.username_search: Found id on Instagram
14:55:53 [INFO] src.modules.username_search: Found id on HackerNews
14:55:53 [INFO] src.modules.username_search: Found id on Medium
14:55:53 [INFO] src.modules.username_search: Found id on Pinterest
14:55:53 [INFO] src.modules.username_search: Username search complete: id → found on 5/12 platforms
14:55:53 [INFO] src.modules.google_dorks: Limiting patterns from 9 to 3 to avoid rate limiting
14:55:53 [INFO] src.modules.google_dorks: Searching for username 'id' with 3 dork patterns
14:55:53 [INFO] src.modules.google_dorks: Pattern 'simple_search' found 10 results
14:55:53 [INFO] src.modules.google_dorks: Pattern 'profile_pages' found 8 results
14:55:53 [INFO] src.modules.google_dorks: DuckDuckGo search found 0 results for pattern 'social_platforms'
14:55:53 [WARNING] src.modules.google_dorks: Pattern 'social_platforms' failed: None
14:55:53 [WARNING] src.modules.google_dorks: Limiting Google Dorks results from 18 to 10 to prevent exponential growth
14:55:53 [INFO] src.modules.google_dorks: Google Dorks search discovered 36 artifacts
14:55:53 [INFO] src.orchestrator: Google Dorks found 36 artifacts for username id
14:55:53 [INFO] src.modules.google_dorks: Limiting patterns from 9 to 3 to avoid rate limiting
14:55:53 [INFO] src.modules.google_dorks: Searching for username 'id' with 3 dork patterns
14:55:53 [INFO] src.modules.username_search: Found id on Mastodon (mastodon.social)
14:55:53 [INFO] src.modules.username_search: Found id on Instagram
14:55:54 [INFO] src.modules.username_search: Found id on HackerNews
14:55:54 [INFO] src.modules.username_search: Found id on Medium
14:55:54 [INFO] src.modules.username_search: Found id on Pinterest
14:55:54 [INFO] src.modules.username_search: Username search complete: id → found on 5/12 platforms
14:55:55 [WARNING] src.modules.google_dorks: Google rate limited (429) for query: site:twitter.com "id" OR site:linkedin.com "id" OR site:github.com "id" OR site:instagram.com "id"
14:55:55 [WARNING] src.modules.google_dorks: Pattern 'social_platforms' failed: Rate limited by Google (429)
14:55:55 [WARNING] src.modules.google_dorks: Google rate limited (429) for query: id
14:55:55 [WARNING] src.modules.google_dorks: Pattern 'simple_search' failed: Rate limited by Google (429)
14:55:55 [WARNING] src.modules.google_dorks: Google rate limited (429) for query: intitle:"profile" "id" OR intitle:"user" "id"
14:55:55 [WARNING] src.modules.google_dorks: Pattern 'profile_pages' failed: Rate limited by Google (429)
14:55:55 [INFO] src.modules.google_dorks: Google Dorks search discovered 0 artifacts
14:55:55 [INFO] src.orchestrator: Plugin system processed 2 plugins, discovered 0 artifacts
14:55:55 [INFO] src.orchestrator: Processing: username=mail.yahoo.com (depth=2, queue_size=169)
14:55:55 [INFO] src.modules.username_search: Found mail.yahoo.com on Mastodon (mastodon.social)
14:55:55 [INFO] src.modules.username_search: Found mail.yahoo.com on Instagram
14:55:55 [INFO] src.modules.username_search: Found mail.yahoo.com on Pinterest
14:55:55 [INFO] src.modules.username_search: Found mail.yahoo.com on Steam
14:55:55 [INFO] src.modules.username_search: Found mail.yahoo.com on Medium
14:55:55 [INFO] src.modules.username_search: Username search complete: mail.yahoo.com → found on 5/12 platforms
14:55:55 [INFO] src.modules.google_dorks: Limiting patterns from 9 to 3 to avoid rate limiting
14:55:55 [INFO] src.modules.google_dorks: Searching for username 'mail.yahoo.com' with 3 dork patterns
14:55:55 [INFO] src.modules.google_dorks: Pattern 'profile_pages' found 1 results
14:55:55 [INFO] src.modules.google_dorks: Pattern 'simple_search' found 10 results
14:55:56 [INFO] src.modules.google_dorks: DuckDuckGo search found 0 results for pattern 'social_platforms'
14:55:56 [WARNING] src.modules.google_dorks: Pattern 'social_platforms' failed: None
14:55:56 [WARNING] src.modules.google_dorks: Limiting Google Dorks results from 11 to 10 to prevent exponential growth
14:55:56 [INFO] src.modules.google_dorks: Google Dorks search discovered 22 artifacts
14:55:56 [INFO] src.orchestrator: Google Dorks found 22 artifacts for username mail.yahoo.com
14:55:56 [INFO] src.modules.google_dorks: Limiting patterns from 9 to 3 to avoid rate limiting
14:55:56 [INFO] src.modules.google_dorks: Searching for username 'mail.yahoo.com' with 3 dork patterns
14:55:56 [INFO] src.modules.username_search: Found mail.yahoo.com on Mastodon (mastodon.social)
14:55:56 [INFO] src.modules.username_search: Found mail.yahoo.com on Steam
14:55:56 [INFO] src.modules.username_search: Found mail.yahoo.com on Instagram
14:55:56 [INFO] src.modules.username_search: Found mail.yahoo.com on Pinterest
14:55:56 [INFO] src.modules.username_search: Found mail.yahoo.com on Medium
14:55:56 [INFO] src.modules.username_search: Username search complete: mail.yahoo.com → found on 5/12 platforms
14:55:57 [WARNING] src.modules.google_dorks: Google rate limited (429) for query: mail.yahoo.com
14:55:57 [WARNING] src.modules.google_dorks: Pattern 'simple_search' failed: Rate limited by Google (429)
14:55:57 [WARNING] src.modules.google_dorks: Google rate limited (429) for query: intitle:"profile" "mail.yahoo.com" OR intitle:"user" "mail.yahoo.com"
14:55:57 [WARNING] src.modules.google_dorks: Pattern 'profile_pages' failed: Rate limited by Google (429)
14:55:57 [WARNING] src.modules.google_dorks: Google rate limited (429) for query: site:twitter.com "mail.yahoo.com" OR site:linkedin.com "mail.yahoo.com" OR site:github.com "mail.yahoo.com" OR site:instagram.com "mail.yahoo.com"
14:55:57 [WARNING] src.modules.google_dorks: Pattern 'social_platforms' failed: Rate limited by Google (429)
14:55:57 [INFO] src.modules.google_dorks: Google Dorks search discovered 0 artifacts
14:55:57 [INFO] src.orchestrator: Plugin system processed 2 plugins, discovered 0 artifacts
14:55:57 [INFO] src.orchestrator: Processing: domain=mail.yahoo.com (depth=2, queue_size=168)
14:55:57 [WARNING] src.orchestrator: Unknown artifact type: domain
14:55:57 [ERROR] src.orchestrator: External tools processing failed for mail.yahoo.com: 'WhoisIntegration' object has no attribute 'search_username'
14:55:58 [INFO] src.orchestrator: Plugin system processed 2 plugins, discovered 7 artifacts
14:55:58 [INFO] src.orchestrator: Processing: username=login.yahoo.com (depth=2, queue_size=167)
14:55:58 [INFO] src.modules.username_search: Found login.yahoo.com on Mastodon (mastodon.social)
14:55:58 [INFO] src.modules.username_search: Found login.yahoo.com on Instagram
14:55:58 [INFO] src.modules.username_search: Found login.yahoo.com on Steam
14:55:58 [INFO] src.modules.username_search: Found login.yahoo.com on Medium
14:55:59 [INFO] src.modules.username_search: Found login.yahoo.com on Pinterest
14:55:59 [INFO] src.modules.username_search: Username search complete: login.yahoo.com → found on 5/12 platforms
14:55:59 [INFO] src.modules.google_dorks: Limiting patterns from 9 to 3 to avoid rate limiting
14:55:59 [INFO] src.modules.google_dorks: Searching for username 'login.yahoo.com' with 3 dork patterns
14:55:59 [INFO] src.modules.google_dorks: Pattern 'simple_search' found 10 results
14:55:59 [INFO] src.modules.google_dorks: DuckDuckGo search found 0 results for pattern 'social_platforms'
14:55:59 [WARNING] src.modules.google_dorks: Pattern 'social_platforms' failed: None
14:56:00 [INFO] src.modules.google_dorks: DuckDuckGo search found 0 results for pattern 'profile_pages'
14:56:00 [WARNING] src.modules.google_dorks: Pattern 'profile_pages' failed: None
14:56:00 [INFO] src.modules.google_dorks: Google Dorks search discovered 20 artifacts
14:56:00 [INFO] src.orchestrator: Google Dorks found 20 artifacts for username login.yahoo.com
14:56:00 [INFO] src.modules.google_dorks: Limiting patterns from 9 to 3 to avoid rate limiting
14:56:00 [INFO] src.modules.google_dorks: Searching for username 'login.yahoo.com' with 3 dork patterns
14:56:00 [INFO] src.modules.username_search: Found login.yahoo.com on Mastodon (mastodon.social)
14:56:00 [INFO] src.modules.username_search: Found login.yahoo.com on Steam
14:56:00 [INFO] src.modules.username_search: Found login.yahoo.com on Instagram
14:56:00 [INFO] src.modules.username_search: Found login.yahoo.com on Medium
14:56:01 [WARNING] src.modules.google_dorks: Google rate limited (429) for query: login.yahoo.com
14:56:01 [WARNING] src.modules.google_dorks: Pattern 'simple_search' failed: Rate limited by Google (429)
14:56:01 [INFO] src.modules.username_search: Found login.yahoo.com on Pinterest
14:56:01 [INFO] src.modules.username_search: Username search complete: login.yahoo.com → found on 5/12 platforms
14:56:01 [WARNING] src.modules.google_dorks: Google rate limited (429) for query: intitle:"profile" "login.yahoo.com" OR intitle:"user" "login.yahoo.com"
14:56:01 [WARNING] src.modules.google_dorks: Pattern 'profile_pages' failed: Rate limited by Google (429)
14:56:02 [WARNING] src.modules.google_dorks: Google rate limited (429) for query: site:twitter.com "login.yahoo.com" OR site:linkedin.com "login.yahoo.com" OR site:github.com "login.yahoo.com" OR site:instagram.com "login.yahoo.com"
14:56:02 [WARNING] src.modules.google_dorks: Pattern 'social_platforms' failed: Rate limited by Google (429)
14:56:02 [INFO] src.modules.google_dorks: Google Dorks search discovered 0 artifacts
14:56:02 [INFO] src.orchestrator: Plugin system processed 2 plugins, discovered 0 artifacts
14:56:02 [INFO] src.orchestrator: Processing: domain=login.yahoo.com (depth=2, queue_size=166)
14:56:02 [WARNING] src.orchestrator: Unknown artifact type: domain
14:56:02 [ERROR] src.orchestrator: External tools processing failed for login.yahoo.com: 'WhoisIntegration' object has no attribute 'search_username'
14:56:02 [INFO] src.orchestrator: Plugin system processed 2 plugins, discovered 7 artifacts
14:56:02 [INFO] src.orchestrator: Processing: username=log-in (depth=2, queue_size=165)
14:56:02 [INFO] src.modules.username_search: Found log-in on Instagram
14:56:03 [INFO] src.modules.username_search: Found log-in on Medium
14:56:03 [INFO] src.modules.username_search: Found log-in on Pinterest
14:56:03 [INFO] src.modules.username_search: Username search complete: log-in → found on 3/12 platforms
14:56:03 [INFO] src.modules.google_dorks: Limiting patterns from 9 to 3 to avoid rate limiting
14:56:03 [INFO] src.modules.google_dorks: Searching for username 'log-in' with 3 dork patterns
14:56:03 [INFO] src.modules.google_dorks: Pattern 'simple_search' found 10 results
14:56:03 [INFO] src.modules.google_dorks: Pattern 'profile_pages' found 10 results
14:56:03 [INFO] src.modules.google_dorks: DuckDuckGo search found 0 results for pattern 'social_platforms'
14:56:03 [WARNING] src.modules.google_dorks: Pattern 'social_platforms' failed: None
14:56:03 [WARNING] src.modules.google_dorks: Limiting Google Dorks results from 20 to 10 to prevent exponential growth
14:56:03 [INFO] src.modules.google_dorks: Google Dorks search discovered 40 artifacts
14:56:03 [INFO] src.orchestrator: Google Dorks found 40 artifacts for username log-in
14:56:03 [INFO] src.modules.google_dorks: Limiting patterns from 9 to 3 to avoid rate limiting
14:56:03 [INFO] src.modules.google_dorks: Searching for username 'log-in' with 3 dork patterns
14:56:03 [INFO] src.modules.username_search: Found log-in on Instagram
14:56:03 [INFO] src.modules.username_search: Found log-in on Medium
14:56:04 [INFO] src.modules.username_search: Found log-in on Pinterest
14:56:04 [INFO] src.modules.username_search: Username search complete: log-in → found on 3/12 platforms
14:56:04 [WARNING] src.modules.google_dorks: Google rate limited (429) for query: log-in
14:56:04 [WARNING] src.modules.google_dorks: Pattern 'simple_search' failed: Rate limited by Google (429)
14:56:04 [WARNING] src.modules.google_dorks: Google rate limited (429) for query: site:twitter.com "log-in" OR site:linkedin.com "log-in" OR site:github.com "log-in" OR site:instagram.com "log-in"
14:56:04 [WARNING] src.modules.google_dorks: Pattern 'social_platforms' failed: Rate limited by Google (429)
14:56:06 [WARNING] src.modules.google_dorks: Google rate limited (429) for query: intitle:"profile" "log-in" OR intitle:"user" "log-in"
14:56:06 [WARNING] src.modules.google_dorks: Pattern 'profile_pages' failed: Rate limited by Google (429)
14:56:06 [INFO] src.modules.google_dorks: Google Dorks search discovered 0 artifacts
14:56:06 [INFO] src.orchestrator: Plugin system processed 2 plugins, discovered 0 artifacts
14:56:06 [INFO] src.orchestrator: Processing: domain=microsoft.com (depth=2, queue_size=164)
14:56:06 [WARNING] src.orchestrator: Unknown artifact type: domain
14:56:06 [ERROR] src.orchestrator: External tools processing failed for microsoft.com: 'WhoisIntegration' object has no attribute 'search_username'
14:56:06 [INFO] src.orchestrator: Plugin system processed 2 plugins, discovered 6 artifacts
14:56:06 [INFO] src.orchestrator: Processing: username=mail (depth=2, queue_size=163)
14:56:07 [INFO] src.modules.username_search: Found mail on Keybase
14:56:07 [INFO] src.modules.username_search: Found mail on HackerNews
14:56:07 [INFO] src.modules.username_search: Found mail on Instagram
14:56:07 [INFO] src.modules.username_search: Found mail on Mastodon (mastodon.social)
14:56:07 [INFO] src.modules.username_search: Found mail on Pinterest
14:56:07 [INFO] src.modules.username_search: Found mail on Steam
14:56:07 [INFO] src.modules.username_search: Found mail on Medium
14:56:07 [INFO] src.modules.username_search: Username search complete: mail → found on 7/12 platforms
14:56:07 [INFO] src.modules.google_dorks: Limiting patterns from 9 to 3 to avoid rate limiting
14:56:07 [INFO] src.modules.google_dorks: Searching for username 'mail' with 3 dork patterns
14:56:07 [INFO] src.modules.google_dorks: Pattern 'profile_pages' found 4 results
14:56:07 [INFO] src.modules.google_dorks: Pattern 'simple_search' found 10 results
14:56:08 [INFO] src.modules.google_dorks: DuckDuckGo search found 0 results for pattern 'social_platforms'
14:56:08 [WARNING] src.modules.google_dorks: Pattern 'social_platforms' failed: None
14:56:08 [WARNING] src.modules.google_dorks: Limiting Google Dorks results from 14 to 10 to prevent exponential growth
14:56:08 [INFO] src.modules.google_dorks: Google Dorks search discovered 28 artifacts
14:56:08 [INFO] src.orchestrator: Google Dorks found 28 artifacts for username mail
14:56:08 [INFO] src.modules.google_dorks: Limiting patterns from 9 to 3 to avoid rate limiting
14:56:08 [INFO] src.modules.google_dorks: Searching for username 'mail' with 3 dork patterns
14:56:08 [INFO] src.modules.username_search: Found mail on Mastodon (mastodon.social)
14:56:08 [INFO] src.modules.username_search: Found mail on Keybase
14:56:08 [INFO] src.modules.username_search: Found mail on Instagram
14:56:08 [INFO] src.modules.username_search: Found mail on Steam
14:56:08 [INFO] src.modules.username_search: Found mail on HackerNews
14:56:08 [INFO] src.modules.username_search: Found mail on Pinterest
14:56:09 [WARNING] src.modules.google_dorks: Google rate limited (429) for query: mail
14:56:09 [WARNING] src.modules.google_dorks: Pattern 'simple_search' failed: Rate limited by Google (429)
14:56:10 [INFO] src.modules.username_search: Found mail on Medium
14:56:10 [INFO] src.modules.username_search: Username search complete: mail → found on 7/12 platforms
14:56:10 [WARNING] src.modules.google_dorks: Google rate limited (429) for query: intitle:"profile" "mail" OR intitle:"user" "mail"
14:56:10 [WARNING] src.modules.google_dorks: Pattern 'profile_pages' failed: Rate limited by Google (429)
14:56:11 [WARNING] src.modules.google_dorks: Google rate limited (429) for query: site:twitter.com "mail" OR site:linkedin.com "mail" OR site:github.com "mail" OR site:instagram.com "mail"
14:56:11 [WARNING] src.modules.google_dorks: Pattern 'social_platforms' failed: Rate limited by Google (429)
14:56:11 [INFO] src.modules.google_dorks: Google Dorks search discovered 0 artifacts
14:56:11 [INFO] src.orchestrator: Plugin system processed 2 plugins, discovered 0 artifacts
14:56:11 [INFO] src.orchestrator: Processing: domain=mail.services.live.com (depth=2, queue_size=162)
14:56:11 [WARNING] src.orchestrator: Unknown artifact type: domain
14:56:11 [ERROR] src.orchestrator: External tools processing failed for mail.services.live.com: 'WhoisIntegration' object has no attribute 'search_username'
14:56:11 [INFO] src.orchestrator: Plugin system processed 2 plugins, discovered 21 artifacts
14:56:11 [INFO] src.orchestrator: Processing: username=login.html?authRedirect=true (depth=2, queue_size=161)
14:56:11 [INFO] src.modules.username_search: Found login.html?authRedirect=true on Steam
14:56:11 [INFO] src.modules.username_search: Found login.html?authRedirect=true on Instagram
14:56:11 [INFO] src.modules.username_search: Found login.html?authRedirect=true on Mastodon (mastodon.social)
14:56:12 [INFO] src.modules.username_search: Found login.html?authRedirect=true on Medium
14:56:12 [INFO] src.modules.username_search: Found login.html?authRedirect=true on Pinterest
14:56:12 [INFO] src.modules.username_search: Username search complete: login.html?authRedirect=true → found on 5/12 platforms
14:56:12 [INFO] src.modules.google_dorks: Limiting patterns from 9 to 3 to avoid rate limiting
14:56:12 [INFO] src.modules.google_dorks: Searching for username 'login.html?authRedirect=true' with 3 dork patterns
14:56:12 [INFO] src.modules.google_dorks: Pattern 'simple_search' found 10 results
14:56:12 [INFO] src.modules.google_dorks: DuckDuckGo search found 0 results for pattern 'social_platforms'
14:56:12 [WARNING] src.modules.google_dorks: Pattern 'social_platforms' failed: None
14:56:13 [INFO] src.modules.google_dorks: DuckDuckGo search found 0 results for pattern 'profile_pages'
14:56:13 [WARNING] src.modules.google_dorks: Pattern 'profile_pages' failed: None
14:56:13 [INFO] src.modules.google_dorks: Google Dorks search discovered 20 artifacts
14:56:13 [INFO] src.orchestrator: Google Dorks found 20 artifacts for username login.html?authRedirect=true
14:56:13 [INFO] src.modules.google_dorks: Limiting patterns from 9 to 3 to avoid rate limiting
14:56:13 [INFO] src.modules.google_dorks: Searching for username 'login.html?authRedirect=true' with 3 dork patterns
14:56:13 [INFO] src.modules.username_search: Found login.html?authRedirect=true on Mastodon (mastodon.social)
14:56:14 [INFO] src.modules.username_search: Found login.html?authRedirect=true on Steam
14:56:14 [INFO] src.modules.username_search: Found login.html?authRedirect=true on Instagram
14:56:14 [INFO] src.modules.username_search: Found login.html?authRedirect=true on Medium
14:56:14 [INFO] src.modules.username_search: Found login.html?authRedirect=true on Pinterest
14:56:14 [INFO] src.modules.username_search: Username search complete: login.html?authRedirect=true → found on 5/12 platforms
14:56:14 [WARNING] src.modules.google_dorks: Google rate limited (429) for query: login.html?authRedirect=true
14:56:14 [WARNING] src.modules.google_dorks: Pattern 'simple_search' failed: Rate limited by Google (429)
14:56:15 [WARNING] src.modules.google_dorks: Google rate limited (429) for query: intitle:"profile" "login.html?authRedirect=true" OR intitle:"user" "login.html?authRedirect=true"
14:56:15 [WARNING] src.modules.google_dorks: Pattern 'profile_pages' failed: Rate limited by Google (429)
14:56:15 [WARNING] src.modules.google_dorks: Google rate limited (429) for query: site:twitter.com "login.html?authRedirect=true" OR site:linkedin.com "login.html?authRedirect=true" OR site:github.com "login.html?authRedirect=true" OR site:instagram.com "login.html?authRedirect=true"
14:56:15 [WARNING] src.modules.google_dorks: Pattern 'social_platforms' failed: Rate limited by Google (429)
14:56:15 [INFO] src.modules.google_dorks: Google Dorks search discovered 0 artifacts
14:56:15 [INFO] src.orchestrator: Plugin system processed 2 plugins, discovered 0 artifacts
14:56:15 [INFO] src.orchestrator: Processing: ip=192.178.211.84 (depth=2, queue_size=160)
14:56:15 [WARNING] src.orchestrator: Unknown artifact type: ip
14:56:15 [INFO] src.orchestrator: Plugin system processed 1 plugins, discovered 0 artifacts
14:56:15 [INFO] src.orchestrator: Processing: mail_server=10 alt1.gmr-smtp-in.l.google.com. (depth=2, queue_size=159)
14:56:15 [WARNING] src.orchestrator: Unknown artifact type: mail_server
14:56:15 [WARNING] src.plugins.manager: No plugins available for artifact type: mail_server
14:56:15 [INFO] src.orchestrator: Plugin system processed 0 plugins, discovered 0 artifacts
14:56:15 [INFO] src.orchestrator: Processing: mail_server=40 alt4.gmr-smtp-in.l.google.com. (depth=2, queue_size=158)
14:56:15 [WARNING] src.orchestrator: Unknown artifact type: mail_server
14:56:15 [WARNING] src.plugins.manager: No plugins available for artifact type: mail_server
14:56:15 [INFO] src.orchestrator: Plugin system processed 0 plugins, discovered 0 artifacts
14:56:15 [INFO] src.orchestrator: Processing: mail_server=20 alt2.gmr-smtp-in.l.google.com. (depth=2, queue_size=157)
14:56:15 [WARNING] src.orchestrator: Unknown artifact type: mail_server
14:56:15 [WARNING] src.plugins.manager: No plugins available for artifact type: mail_server
14:56:15 [INFO] src.orchestrator: Plugin system processed 0 plugins, discovered 0 artifacts
14:56:15 [INFO] src.orchestrator: Processing: mail_server=5 gmr-smtp-in.l.google.com. (depth=2, queue_size=156)
14:56:15 [WARNING] src.orchestrator: Unknown artifact type: mail_server
14:56:15 [WARNING] src.plugins.manager: No plugins available for artifact type: mail_server
14:56:15 [INFO] src.orchestrator: Plugin system processed 0 plugins, discovered 0 artifacts
14:56:15 [INFO] src.orchestrator: Processing: mail_server=30 alt3.gmr-smtp-in.l.google.com. (depth=2, queue_size=155)
14:56:15 [WARNING] src.orchestrator: Unknown artifact type: mail_server
14:56:15 [WARNING] src.plugins.manager: No plugins available for artifact type: mail_server
14:56:15 [INFO] src.orchestrator: Plugin system processed 0 plugins, discovered 0 artifacts
14:56:15 [INFO] src.orchestrator: Processing: platform_presence=https://keybase.io/Login (depth=2, queue_size=154)
14:56:15 [WARNING] src.orchestrator: Unknown artifact type: platform_presence
14:56:15 [WARNING] src.plugins.manager: No plugins available for artifact type: platform_presence
14:56:15 [INFO] src.orchestrator: Plugin system processed 0 plugins, discovered 0 artifacts
14:56:15 [INFO] src.orchestrator: Processing: platform_presence=https://www.instagram.com/Login/ (depth=2, queue_size=153)
14:56:15 [WARNING] src.orchestrator: Unknown artifact type: platform_presence
14:56:16 [WARNING] src.plugins.manager: No plugins available for artifact type: platform_presence
14:56:16 [INFO] src.orchestrator: Plugin system processed 0 plugins, discovered 0 artifacts
14:56:16 [INFO] src.orchestrator: Processing: platform_presence=https://mastodon.social/@Login (depth=2, queue_size=152)
14:56:16 [WARNING] src.orchestrator: Unknown artifact type: platform_presence
14:56:16 [WARNING] src.plugins.manager: No plugins available for artifact type: platform_presence
14:56:16 [INFO] src.orchestrator: Plugin system processed 0 plugins, discovered 0 artifacts
14:56:16 [INFO] src.orchestrator: Processing: platform_presence=https://medium.com/@Login (depth=2, queue_size=151)
14:56:16 [WARNING] src.orchestrator: Unknown artifact type: platform_presence
14:56:16 [WARNING] src.plugins.manager: No plugins available for artifact type: platform_presence
14:56:16 [INFO] src.orchestrator: Plugin system processed 0 plugins, discovered 0 artifacts
14:56:16 [INFO] src.orchestrator: Processing: platform_presence=https://www.pinterest.com/Login/ (depth=2, queue_size=150)
14:56:16 [WARNING] src.orchestrator: Unknown artifact type: platform_presence
14:56:16 [WARNING] src.plugins.manager: No plugins available for artifact type: platform_presence
14:56:16 [INFO] src.orchestrator: Plugin system processed 0 plugins, discovered 0 artifacts
14:56:16 [INFO] src.orchestrator: Processing: username=www.office.com (depth=2, queue_size=149)
14:56:16 [INFO] src.modules.username_search: Found www.office.com on Instagram
14:56:16 [INFO] src.modules.username_search: Found www.office.com on Pinterest
14:56:16 [INFO] src.modules.username_search: Found www.office.com on Steam
14:56:16 [INFO] src.modules.username_search: Found www.office.com on Medium
14:56:16 [INFO] src.modules.username_search: Found www.office.com on Mastodon (mastodon.social)
14:56:16 [INFO] src.modules.username_search: Username search complete: www.office.com → found on 5/12 platforms
14:56:16 [INFO] src.modules.google_dorks: Limiting patterns from 9 to 3 to avoid rate limiting
14:56:16 [INFO] src.modules.google_dorks: Searching for username 'www.office.com' with 3 dork patterns
14:56:16 [INFO] src.modules.google_dorks: DuckDuckGo search found 0 results for pattern 'simple_search'
14:56:16 [WARNING] src.modules.google_dorks: Pattern 'simple_search' failed: None
14:56:17 [INFO] src.modules.google_dorks: DuckDuckGo search found 0 results for pattern 'social_platforms'
14:56:17 [WARNING] src.modules.google_dorks: Pattern 'social_platforms' failed: None
14:56:17 [INFO] src.modules.google_dorks: DuckDuckGo search found 0 results for pattern 'profile_pages'
14:56:17 [WARNING] src.modules.google_dorks: Pattern 'profile_pages' failed: None
14:56:17 [INFO] src.modules.google_dorks: Google Dorks search discovered 0 artifacts
14:56:17 [INFO] src.modules.google_dorks: Limiting patterns from 9 to 3 to avoid rate limiting
14:56:17 [INFO] src.modules.google_dorks: Searching for username 'www.office.com' with 3 dork patterns
14:56:18 [INFO] src.modules.username_search: Found www.office.com on Mastodon (mastodon.social)
14:56:18 [INFO] src.modules.username_search: Found www.office.com on Instagram
14:56:18 [INFO] src.modules.username_search: Found www.office.com on Medium
14:56:18 [WARNING] src.modules.google_dorks: Google rate limited (429) for query: www.office.com
14:56:18 [WARNING] src.modules.google_dorks: Pattern 'simple_search' failed: Rate limited by Google (429)
14:56:19 [INFO] src.modules.username_search: Found www.office.com on Steam
14:56:19 [INFO] src.modules.username_search: Found www.office.com on Pinterest
14:56:19 [INFO] src.modules.username_search: Username search complete: www.office.com → found on 5/12 platforms
14:56:19 [WARNING] src.modules.google_dorks: Google rate limited (429) for query: site:twitter.com "www.office.com" OR site:linkedin.com "www.office.com" OR site:github.com "www.office.com" OR site:instagram.com "www.office.com"
14:56:19 [WARNING] src.modules.google_dorks: Pattern 'social_platforms' failed: Rate limited by Google (429)
14:56:19 [WARNING] src.modules.google_dorks: Google rate limited (429) for query: intitle:"profile" "www.office.com" OR intitle:"user" "www.office.com"
14:56:19 [WARNING] src.modules.google_dorks: Pattern 'profile_pages' failed: Rate limited by Google (429)
14:56:19 [INFO] src.modules.google_dorks: Google Dorks search discovered 0 artifacts
14:56:19 [INFO] src.orchestrator: Plugin system processed 2 plugins, discovered 0 artifacts
14:56:19 [INFO] src.orchestrator: Processing: domain=office.com (depth=2, queue_size=148)
14:56:19 [WARNING] src.orchestrator: Unknown artifact type: domain
14:56:19 [ERROR] src.orchestrator: External tools processing failed for office.com: 'WhoisIntegration' object has no attribute 'search_username'
14:56:19 [INFO] src.orchestrator: Plugin system processed 2 plugins, discovered 5 artifacts
14:56:19 [INFO] src.orchestrator: Processing: username=login.php (depth=2, queue_size=147)
14:56:20 [INFO] src.modules.username_search: Found login.php on Steam
14:56:20 [INFO] src.modules.username_search: Found login.php on Instagram
14:56:20 [INFO] src.modules.username_search: Found login.php on Pinterest
14:56:29 [WARNING] urllib3.connectionpool: Retrying (Retry(total=1, connect=None, read=None, redirect=None, status=None)) after connection broken by 'ReadTimeoutError("HTTPSConnectionPool(host='mastodon.social', port=443): Read timed out. (read timeout=10)")': /@login.php
14:56:41 [WARNING] urllib3.connectionpool: Retrying (Retry(total=0, connect=None, read=None, redirect=None, status=None)) after connection broken by 'ReadTimeoutError("HTTPSConnectionPool(host='mastodon.social', port=443): Read timed out. (read timeout=10)")': /@login.php
14:56:51 [ERROR] src.modules.username_search: Exception checking Mastodon (mastodon.social): name 'requests' is not defined
14:56:51 [INFO] src.modules.username_search: Username search complete: login.php → found on 3/12 platforms
14:56:51 [INFO] src.modules.google_dorks: Limiting patterns from 9 to 3 to avoid rate limiting
14:56:51 [INFO] src.modules.google_dorks: Searching for username 'login.php' with 3 dork patterns
14:56:52 [INFO] src.modules.google_dorks: DuckDuckGo search found 0 results for pattern 'simple_search'
14:56:52 [WARNING] src.modules.google_dorks: Pattern 'simple_search' failed: None
14:56:53 [INFO] src.modules.google_dorks: DuckDuckGo search found 0 results for pattern 'social_platforms'
14:56:53 [WARNING] src.modules.google_dorks: Pattern 'social_platforms' failed: None
14:56:53 [INFO] src.modules.google_dorks: DuckDuckGo search found 0 results for pattern 'profile_pages'
14:56:53 [WARNING] src.modules.google_dorks: Pattern 'profile_pages' failed: None
14:56:53 [INFO] src.modules.google_dorks: Google Dorks search discovered 0 artifacts
14:56:53 [INFO] src.modules.google_dorks: Limiting patterns from 9 to 3 to avoid rate limiting
14:56:53 [INFO] src.modules.google_dorks: Searching for username 'login.php' with 3 dork patterns
14:56:53 [INFO] src.modules.username_search: Found login.php on Steam
14:56:53 [INFO] src.modules.username_search: Found login.php on Pinterest
14:56:53 [INFO] src.modules.username_search: Found login.php on Instagram
14:56:54 [WARNING] src.modules.google_dorks: Google rate limited (429) for query: login.php
14:56:54 [WARNING] src.modules.google_dorks: Pattern 'simple_search' failed: Rate limited by Google (429)
14:56:54 [WARNING] src.modules.google_dorks: Google rate limited (429) for query: site:twitter.com "login.php" OR site:linkedin.com "login.php" OR site:github.com "login.php" OR site:instagram.com "login.php"
14:56:54 [WARNING] src.modules.google_dorks: Pattern 'social_platforms' failed: Rate limited by Google (429)
14:56:54 [WARNING] src.modules.google_dorks: Google rate limited (429) for query: intitle:"profile" "login.php" OR intitle:"user" "login.php"
14:56:54 [WARNING] src.modules.google_dorks: Pattern 'profile_pages' failed: Rate limited by Google (429)
14:56:54 [INFO] src.modules.google_dorks: Google Dorks search discovered 0 artifacts
14:57:03 [WARNING] urllib3.connectionpool: Retrying (Retry(total=1, connect=None, read=None, redirect=None, status=None)) after connection broken by 'ReadTimeoutError("HTTPSConnectionPool(host='mastodon.social', port=443): Read timed out. (read timeout=10)")': /@login.php
14:57:15 [WARNING] urllib3.connectionpool: Retrying (Retry(total=0, connect=None, read=None, redirect=None, status=None)) after connection broken by 'ReadTimeoutError("HTTPSConnectionPool(host='mastodon.social', port=443): Read timed out. (read timeout=10)")': /@login.php
14:57:25 [ERROR] src.modules.username_search: Exception checking Mastodon (mastodon.social): name 'requests' is not defined
14:57:25 [INFO] src.modules.username_search: Username search complete: login.php → found on 3/12 platforms
14:57:25 [INFO] src.orchestrator: Plugin system processed 2 plugins, discovered 0 artifacts
14:57:25 [INFO] src.orchestrator: Processing: username=login.salesforce.com (depth=2, queue_size=146)
14:57:25 [INFO] src.modules.username_search: Found login.salesforce.com on Instagram
14:57:25 [INFO] src.modules.username_search: Found login.salesforce.com on Mastodon (mastodon.social)
14:57:25 [INFO] src.modules.username_search: Found login.salesforce.com on Steam
14:57:25 [INFO] src.modules.username_search: Found login.salesforce.com on Medium
14:57:26 [INFO] src.modules.username_search: Found login.salesforce.com on Pinterest
14:57:26 [INFO] src.modules.username_search: Username search complete: login.salesforce.com → found on 5/12 platforms
14:57:26 [INFO] src.modules.google_dorks: Limiting patterns from 9 to 3 to avoid rate limiting
14:57:26 [INFO] src.modules.google_dorks: Searching for username 'login.salesforce.com' with 3 dork patterns
14:57:26 [INFO] src.modules.google_dorks: DuckDuckGo search found 0 results for pattern 'social_platforms'
14:57:26 [WARNING] src.modules.google_dorks: Pattern 'social_platforms' failed: None
14:57:27 [INFO] src.modules.google_dorks: DuckDuckGo search found 0 results for pattern 'simple_search'
14:57:27 [WARNING] src.modules.google_dorks: Pattern 'simple_search' failed: None
14:57:28 [INFO] src.modules.google_dorks: DuckDuckGo search found 1 results for pattern 'profile_pages'
14:57:28 [INFO] src.modules.google_dorks: Pattern 'profile_pages' found 1 results
14:57:28 [INFO] src.modules.google_dorks: Google Dorks search discovered 2 artifacts
14:57:28 [INFO] src.orchestrator: Google Dorks found 2 artifacts for username login.salesforce.com
14:57:28 [INFO] src.modules.google_dorks: Limiting patterns from 9 to 3 to avoid rate limiting
14:57:28 [INFO] src.modules.google_dorks: Searching for username 'login.salesforce.com' with 3 dork patterns
14:57:28 [INFO] src.modules.username_search: Found login.salesforce.com on Mastodon (mastodon.social)
14:57:28 [INFO] src.modules.username_search: Found login.salesforce.com on Steam
14:57:28 [INFO] src.modules.username_search: Found login.salesforce.com on Instagram
14:57:28 [INFO] src.modules.username_search: Found login.salesforce.com on Medium
14:57:29 [INFO] src.modules.username_search: Found login.salesforce.com on Pinterest
14:57:29 [INFO] src.modules.username_search: Username search complete: login.salesforce.com → found on 5/12 platforms
14:57:29 [WARNING] src.modules.google_dorks: Google rate limited (429) for query: login.salesforce.com
14:57:29 [WARNING] src.modules.google_dorks: Pattern 'simple_search' failed: Rate limited by Google (429)
14:57:30 [WARNING] src.modules.google_dorks: Google rate limited (429) for query: intitle:"profile" "login.salesforce.com" OR intitle:"user" "login.salesforce.com"
14:57:30 [WARNING] src.modules.google_dorks: Pattern 'profile_pages' failed: Rate limited by Google (429)
14:57:30 [WARNING] src.modules.google_dorks: Google rate limited (429) for query: site:twitter.com "login.salesforce.com" OR site:linkedin.com "login.salesforce.com" OR site:github.com "login.salesforce.com" OR site:instagram.com "login.salesforce.com"
14:57:30 [WARNING] src.modules.google_dorks: Pattern 'social_platforms' failed: Rate limited by Google (429)
14:57:30 [INFO] src.modules.google_dorks: Google Dorks search discovered 0 artifacts
14:57:30 [INFO] src.orchestrator: Plugin system processed 2 plugins, discovered 0 artifacts
14:57:30 [INFO] src.orchestrator: Processing: domain=login.salesforce.com (depth=2, queue_size=145)
14:57:30 [WARNING] src.orchestrator: Unknown artifact type: domain
14:57:30 [ERROR] src.orchestrator: External tools processing failed for login.salesforce.com: 'WhoisIntegration' object has no attribute 'search_username'
14:57:30 [INFO] src.orchestrator: Plugin system processed 2 plugins, discovered 10 artifacts
14:57:30 [INFO] src.orchestrator: Processing: username=inbox (depth=2, queue_size=144)
14:57:30 [INFO] src.modules.username_search: Found inbox on Keybase
14:57:30 [INFO] src.modules.username_search: Found inbox on HackerNews
14:57:31 [INFO] src.modules.username_search: Found inbox on Mastodon (mastodon.social)
14:57:31 [INFO] src.modules.username_search: Found inbox on Instagram
14:57:31 [INFO] src.modules.username_search: Found inbox on Steam
14:57:32 [INFO] src.modules.username_search: Found inbox on Medium
14:57:32 [INFO] src.modules.username_search: Username search complete: inbox → found on 6/12 platforms
14:57:32 [INFO] src.modules.google_dorks: Limiting patterns from 9 to 3 to avoid rate limiting
14:57:32 [INFO] src.modules.google_dorks: Searching for username 'inbox' with 3 dork patterns
14:57:33 [INFO] src.modules.google_dorks: DuckDuckGo search found 10 results for pattern 'simple_search'
14:57:33 [INFO] src.modules.google_dorks: Pattern 'simple_search' found 10 results
14:57:33 [INFO] src.modules.google_dorks: DuckDuckGo search found 0 results for pattern 'social_platforms'
14:57:33 [WARNING] src.modules.google_dorks: Pattern 'social_platforms' failed: None
14:57:33 [INFO] src.modules.google_dorks: DuckDuckGo search found 0 results for pattern 'profile_pages'
14:57:33 [WARNING] src.modules.google_dorks: Pattern 'profile_pages' failed: None
14:57:33 [INFO] src.modules.google_dorks: Google Dorks search discovered 20 artifacts
14:57:33 [INFO] src.orchestrator: Google Dorks found 20 artifacts for username inbox
14:57:33 [INFO] src.modules.google_dorks: Limiting patterns from 9 to 3 to avoid rate limiting
14:57:33 [INFO] src.modules.google_dorks: Searching for username 'inbox' with 3 dork patterns
14:57:33 [INFO] src.modules.username_search: Found inbox on Mastodon (mastodon.social)
14:57:33 [INFO] src.modules.username_search: Found inbox on Keybase
14:57:33 [INFO] src.modules.username_search: Found inbox on Instagram
14:57:34 [INFO] src.modules.username_search: Found inbox on HackerNews
14:57:34 [INFO] src.modules.username_search: Found inbox on Steam
14:57:34 [WARNING] src.modules.google_dorks: Google rate limited (429) for query: inbox
14:57:34 [WARNING] src.modules.google_dorks: Pattern 'simple_search' failed: Rate limited by Google (429)
14:57:34 [INFO] src.modules.username_search: Found inbox on Medium
14:57:34 [INFO] src.modules.username_search: Username search complete: inbox → found on 6/12 platforms
14:57:35 [WARNING] src.modules.google_dorks: Google rate limited (429) for query: site:twitter.com "inbox" OR site:linkedin.com "inbox" OR site:github.com "inbox" OR site:instagram.com "inbox"
14:57:35 [WARNING] src.modules.google_dorks: Pattern 'social_platforms' failed: Rate limited by Google (429)
14:57:35 [WARNING] src.modules.google_dorks: Google rate limited (429) for query: intitle:"profile" "inbox" OR intitle:"user" "inbox"
14:57:35 [WARNING] src.modules.google_dorks: Pattern 'profile_pages' failed: Rate limited by Google (429)
14:57:35 [INFO] src.modules.google_dorks: Google Dorks search discovered 0 artifacts
14:57:35 [INFO] src.orchestrator: Plugin system processed 2 plugins, discovered 0 artifacts
14:57:35 [INFO] src.orchestrator: Processing: username=login (depth=2, queue_size=143)
14:57:35 [INFO] src.modules.username_search: Found login on Instagram
14:57:35 [INFO] src.modules.username_search: Found login on Keybase
14:57:35 [INFO] src.modules.username_search: Found login on Mastodon (mastodon.social)
14:57:35 [INFO] src.modules.username_search: Found login on Pinterest
14:57:35 [INFO] src.modules.username_search: Found login on Medium
14:57:35 [INFO] src.modules.username_search: Found login on Steam
14:57:36 [INFO] src.modules.username_search: Username search complete: login → found on 6/12 platforms
14:57:36 [INFO] src.modules.google_dorks: Limiting patterns from 9 to 3 to avoid rate limiting
14:57:36 [INFO] src.modules.google_dorks: Searching for username 'login' with 3 dork patterns
14:57:36 [INFO] src.modules.google_dorks: DuckDuckGo search found 0 results for pattern 'simple_search'
14:57:36 [WARNING] src.modules.google_dorks: Pattern 'simple_search' failed: None
14:57:37 [INFO] src.modules.google_dorks: DuckDuckGo search found 0 results for pattern 'social_platforms'
14:57:37 [WARNING] src.modules.google_dorks: Pattern 'social_platforms' failed: None
14:57:37 [INFO] src.modules.google_dorks: DuckDuckGo search found 0 results for pattern 'profile_pages'
14:57:37 [WARNING] src.modules.google_dorks: Pattern 'profile_pages' failed: None
14:57:37 [INFO] src.modules.google_dorks: Google Dorks search discovered 0 artifacts
14:57:37 [INFO] src.modules.google_dorks: Limiting patterns from 9 to 3 to avoid rate limiting
14:57:37 [INFO] src.modules.google_dorks: Searching for username 'login' with 3 dork patterns
14:57:37 [INFO] src.modules.username_search: Found login on Mastodon (mastodon.social)
14:57:37 [INFO] src.modules.username_search: Found login on Keybase
14:57:37 [INFO] src.modules.username_search: Found login on Steam
14:57:37 [INFO] src.modules.username_search: Found login on Instagram
14:57:38 [INFO] src.modules.username_search: Found login on Pinterest
14:57:38 [INFO] src.modules.username_search: Found login on Medium
14:57:38 [INFO] src.modules.username_search: Username search complete: login → found on 6/12 platforms
14:57:38 [WARNING] src.modules.google_dorks: Google rate limited (429) for query: login
14:57:38 [WARNING] src.modules.google_dorks: Pattern 'simple_search' failed: Rate limited by Google (429)
14:57:39 [WARNING] src.modules.google_dorks: Google rate limited (429) for query: intitle:"profile" "login" OR intitle:"user" "login"
14:57:39 [WARNING] src.modules.google_dorks: Google rate limited (429) for query: site:twitter.com "login" OR site:linkedin.com "login" OR site:github.com "login" OR site:instagram.com "login"
14:57:39 [WARNING] src.modules.google_dorks: Pattern 'profile_pages' failed: Rate limited by Google (429)
14:57:39 [WARNING] src.modules.google_dorks: Pattern 'social_platforms' failed: Rate limited by Google (429)
14:57:39 [INFO] src.modules.google_dorks: Google Dorks search discovered 0 artifacts
14:57:39 [INFO] src.orchestrator: Plugin system processed 2 plugins, discovered 0 artifacts
14:57:39 [INFO] src.orchestrator: Processing: domain=myaccount.microsoft.com (depth=2, queue_size=142)
14:57:39 [WARNING] src.orchestrator: Unknown artifact type: domain
14:57:39 [ERROR] src.orchestrator: External tools processing failed for myaccount.microsoft.com: 'WhoisIntegration' object has no attribute 'search_username'
14:57:39 [INFO] src.orchestrator: Plugin system processed 2 plugins, discovered 11 artifacts
14:57:39 [INFO] src.orchestrator: Processing: username=secure.login.gov (depth=2, queue_size=141)
14:57:40 [INFO] src.modules.username_search: Found secure.login.gov on Mastodon (mastodon.social)
14:57:40 [INFO] src.modules.username_search: Found secure.login.gov on Instagram
14:57:40 [INFO] src.modules.username_search: Found secure.login.gov on Steam
14:57:40 [INFO] src.modules.username_search: Found secure.login.gov on Pinterest
14:57:40 [INFO] src.modules.username_search: Found secure.login.gov on Medium
14:57:40 [INFO] src.modules.username_search: Username search complete: secure.login.gov → found on 5/12 platforms
14:57:40 [INFO] src.modules.google_dorks: Limiting patterns from 9 to 3 to avoid rate limiting
14:57:40 [INFO] src.modules.google_dorks: Searching for username 'secure.login.gov' with 3 dork patterns
14:57:41 [INFO] src.modules.google_dorks: DuckDuckGo search found 10 results for pattern 'simple_search'
14:57:41 [INFO] src.modules.google_dorks: Pattern 'simple_search' found 10 results
14:57:42 [INFO] src.modules.google_dorks: DuckDuckGo search found 0 results for pattern 'social_platforms'
14:57:42 [WARNING] src.modules.google_dorks: Pattern 'social_platforms' failed: None
14:57:42 [INFO] src.modules.google_dorks: DuckDuckGo search found 1 results for pattern 'profile_pages'
14:57:42 [INFO] src.modules.google_dorks: Pattern 'profile_pages' found 1 results
14:57:42 [WARNING] src.modules.google_dorks: Limiting Google Dorks results from 11 to 10 to prevent exponential growth
14:57:42 [INFO] src.modules.google_dorks: Google Dorks search discovered 22 artifacts
14:57:42 [INFO] src.orchestrator: Google Dorks found 22 artifacts for username secure.login.gov
14:57:42 [INFO] src.modules.google_dorks: Limiting patterns from 9 to 3 to avoid rate limiting
14:57:42 [INFO] src.modules.google_dorks: Searching for username 'secure.login.gov' with 3 dork patterns
14:57:42 [INFO] src.modules.username_search: Found secure.login.gov on Mastodon (mastodon.social)
14:57:42 [INFO] src.modules.username_search: Found secure.login.gov on Steam
14:57:42 [INFO] src.modules.username_search: Found secure.login.gov on Instagram
14:57:42 [INFO] src.modules.username_search: Found secure.login.gov on Medium
14:57:43 [INFO] src.modules.username_search: Found secure.login.gov on Pinterest
14:57:43 [WARNING] src.modules.google_dorks: Google rate limited (429) for query: secure.login.gov
14:57:43 [WARNING] src.modules.google_dorks: Pattern 'simple_search' failed: Rate limited by Google (429)
14:57:43 [INFO] src.modules.username_search: Username search complete: secure.login.gov → found on 5/12 platforms
14:57:43 [WARNING] src.modules.google_dorks: Google rate limited (429) for query: site:twitter.com "secure.login.gov" OR site:linkedin.com "secure.login.gov" OR site:github.com "secure.login.gov" OR site:instagram.com "secure.login.gov"
14:57:43 [WARNING] src.modules.google_dorks: Pattern 'social_platforms' failed: Rate limited by Google (429)
14:57:44 [WARNING] src.modules.google_dorks: Google rate limited (429) for query: intitle:"profile" "secure.login.gov" OR intitle:"user" "secure.login.gov"
14:57:44 [WARNING] src.modules.google_dorks: Pattern 'profile_pages' failed: Rate limited by Google (429)
14:57:44 [INFO] src.modules.google_dorks: Google Dorks search discovered 0 artifacts
14:57:44 [INFO] src.orchestrator: Plugin system processed 2 plugins, discovered 0 artifacts
14:57:44 [INFO] src.orchestrator: Processing: domain=secure.login.gov (depth=2, queue_size=140)
14:57:44 [WARNING] src.orchestrator: Unknown artifact type: domain
14:57:44 [ERROR] src.orchestrator: External tools processing failed for secure.login.gov: 'WhoisIntegration' object has no attribute 'search_username'
14:57:45 [INFO] src.orchestrator: Plugin system processed 2 plugins, discovered 11 artifacts
14:57:45 [INFO] src.orchestrator: Processing: username=en (depth=2, queue_size=139)
14:57:46 [INFO] src.modules.username_search: Found en on HackerNews
14:57:46 [INFO] src.modules.username_search: Found en on Keybase
14:57:46 [INFO] src.modules.username_search: Found en on Mastodon (mastodon.social)
14:57:46 [INFO] src.modules.username_search: Found en on Instagram
14:57:46 [INFO] src.modules.username_search: Found en on Steam
14:57:46 [INFO] src.modules.username_search: Found en on Pinterest
14:57:46 [INFO] src.modules.username_search: Username search complete: en → found on 6/12 platforms
14:57:46 [INFO] src.modules.google_dorks: Limiting patterns from 9 to 3 to avoid rate limiting
14:57:46 [INFO] src.modules.google_dorks: Searching for username 'en' with 3 dork patterns
14:57:47 [INFO] src.modules.google_dorks: DuckDuckGo search found 10 results for pattern 'simple_search'
14:57:47 [INFO] src.modules.google_dorks: Pattern 'simple_search' found 10 results
14:57:47 [INFO] src.modules.google_dorks: DuckDuckGo search found 0 results for pattern 'profile_pages'
14:57:47 [WARNING] src.modules.google_dorks: Pattern 'profile_pages' failed: None
14:57:47 [INFO] src.modules.google_dorks: DuckDuckGo search found 0 results for pattern 'social_platforms'
14:57:47 [WARNING] src.modules.google_dorks: Pattern 'social_platforms' failed: None
14:57:47 [INFO] src.modules.google_dorks: Google Dorks search discovered 20 artifacts
14:57:47 [INFO] src.orchestrator: Google Dorks found 20 artifacts for username en
14:57:47 [INFO] src.modules.google_dorks: Limiting patterns from 9 to 3 to avoid rate limiting
14:57:47 [INFO] src.modules.google_dorks: Searching for username 'en' with 3 dork patterns
14:57:48 [INFO] src.modules.username_search: Found en on Mastodon (mastodon.social)
14:57:48 [INFO] src.modules.username_search: Found en on Keybase
14:57:48 [INFO] src.modules.username_search: Found en on HackerNews
14:57:48 [INFO] src.modules.username_search: Found en on Steam
14:57:48 [INFO] src.modules.username_search: Found en on Instagram
14:57:48 [INFO] src.modules.username_search: Found en on Pinterest
14:57:48 [INFO] src.modules.username_search: Username search complete: en → found on 6/12 platforms
14:57:49 [WARNING] src.modules.google_dorks: Google rate limited (429) for query: en
14:57:49 [WARNING] src.modules.google_dorks: Pattern 'simple_search' failed: Rate limited by Google (429)
14:57:49 [WARNING] src.modules.google_dorks: Google rate limited (429) for query: intitle:"profile" "en" OR intitle:"user" "en"
14:57:49 [WARNING] src.modules.google_dorks: Pattern 'profile_pages' failed: Rate limited by Google (429)
14:57:49 [WARNING] src.modules.google_dorks: Google rate limited (429) for query: site:twitter.com "en" OR site:linkedin.com "en" OR site:github.com "en" OR site:instagram.com "en"
14:57:49 [WARNING] src.modules.google_dorks: Pattern 'social_platforms' failed: Rate limited by Google (429)
14:57:49 [INFO] src.modules.google_dorks: Google Dorks search discovered 0 artifacts
14:57:49 [INFO] src.orchestrator: Plugin system processed 2 plugins, discovered 0 artifacts
14:57:49 [INFO] src.orchestrator: Processing: domain=linkedin.com (depth=2, queue_size=138)
14:57:49 [WARNING] src.orchestrator: Unknown artifact type: domain
14:57:49 [ERROR] src.orchestrator: External tools processing failed for linkedin.com: 'WhoisIntegration' object has no attribute 'search_username'
14:57:50 [INFO] src.orchestrator: Plugin system processed 2 plugins, discovered 13 artifacts
14:57:50 [INFO] src.orchestrator: Processing: domain=my.jfrog.com (depth=2, queue_size=137)
14:57:50 [WARNING] src.orchestrator: Unknown artifact type: domain
14:57:50 [ERROR] src.orchestrator: External tools processing failed for my.jfrog.com: 'WhoisIntegration' object has no attribute 'search_username'
14:57:51 [INFO] src.orchestrator: Plugin system processed 2 plugins, discovered 9 artifacts
14:57:51 [INFO] src.orchestrator: Processing: username=login?request_type=LogonHandler&Face=en_US (depth=2, queue_size=136)
14:57:51 [INFO] src.modules.username_search: Found login?request_type=LogonHandler&Face=en_US on Keybase
14:57:51 [INFO] src.modules.username_search: Found login?request_type=LogonHandler&Face=en_US on Instagram
14:57:51 [INFO] src.modules.username_search: Found login?request_type=LogonHandler&Face=en_US on Mastodon (mastodon.social)
14:57:52 [INFO] src.modules.username_search: Found login?request_type=LogonHandler&Face=en_US on Medium
14:57:52 [INFO] src.modules.username_search: Username search complete: login?request_type=LogonHandler&Face=en_US → found on 4/12 platforms
14:57:52 [INFO] src.modules.google_dorks: Limiting patterns from 9 to 3 to avoid rate limiting
14:57:52 [INFO] src.modules.google_dorks: Searching for username 'login?request_type=LogonHandler&Face=en_US' with 3 dork patterns
14:57:52 [INFO] src.modules.google_dorks: DuckDuckGo search found 0 results for pattern 'simple_search'
14:57:52 [WARNING] src.modules.google_dorks: Pattern 'simple_search' failed: None
14:57:53 [INFO] src.modules.google_dorks: DuckDuckGo search found 0 results for pattern 'profile_pages'
14:57:53 [WARNING] src.modules.google_dorks: Pattern 'profile_pages' failed: None
14:57:53 [INFO] src.modules.google_dorks: DuckDuckGo search found 0 results for pattern 'social_platforms'
14:57:53 [WARNING] src.modules.google_dorks: Pattern 'social_platforms' failed: None
14:57:53 [INFO] src.modules.google_dorks: Google Dorks search discovered 0 artifacts
14:57:53 [INFO] src.modules.google_dorks: Limiting patterns from 9 to 3 to avoid rate limiting
14:57:53 [INFO] src.modules.google_dorks: Searching for username 'login?request_type=LogonHandler&Face=en_US' with 3 dork patterns
14:57:53 [INFO] src.modules.username_search: Found login?request_type=LogonHandler&Face=en_US on Mastodon (mastodon.social)
14:57:53 [INFO] src.modules.username_search: Found login?request_type=LogonHandler&Face=en_US on Keybase
14:57:54 [INFO] src.modules.username_search: Found login?request_type=LogonHandler&Face=en_US on Instagram
14:57:54 [WARNING] src.modules.google_dorks: Google rate limited (429) for query: login?request_type=LogonHandler&Face=en_US
14:57:54 [WARNING] src.modules.google_dorks: Pattern 'simple_search' failed: Rate limited by Google (429)
14:57:54 [INFO] src.modules.username_search: Found login?request_type=LogonHandler&Face=en_US on Medium
14:57:54 [INFO] src.modules.username_search: Found login?request_type=LogonHandler&Face=en_US on LinkedIn
14:57:54 [INFO] src.modules.username_search: Username search complete: login?request_type=LogonHandler&Face=en_US → found on 5/12 platforms
14:57:55 [WARNING] src.modules.google_dorks: Google rate limited (429) for query: site:twitter.com "login?request_type=LogonHandler&Face=en_US" OR site:linkedin.com "login?request_type=LogonHandler&Face=en_US" OR site:github.com "login?request_type=LogonHandler&Face=en_US" OR site:instagram.com "login?request_type=LogonHandler&Face=en_US"
14:57:55 [WARNING] src.modules.google_dorks: Pattern 'social_platforms' failed: Rate limited by Google (429)
14:57:55 [WARNING] src.modules.google_dorks: Google rate limited (429) for query: intitle:"profile" "login?request_type=LogonHandler&Face=en_US" OR intitle:"user" "login?request_type=LogonHandler&Face=en_US"
14:57:55 [WARNING] src.modules.google_dorks: Pattern 'profile_pages' failed: Rate limited by Google (429)
14:57:55 [INFO] src.modules.google_dorks: Google Dorks search discovered 0 artifacts
14:57:55 [INFO] src.orchestrator: Plugin system processed 2 plugins, discovered 0 artifacts
14:57:55 [INFO] src.orchestrator: Processing: domain=americanexpress.com (depth=2, queue_size=135)
14:57:55 [WARNING] src.orchestrator: Unknown artifact type: domain
14:57:55 [ERROR] src.orchestrator: External tools processing failed for americanexpress.com: 'WhoisIntegration' object has no attribute 'search_username'
14:57:56 [INFO] src.orchestrator: Plugin system processed 2 plugins, discovered 9 artifacts
14:57:56 [INFO] src.orchestrator: Processing: domain=vibe.emindful.com (depth=2, queue_size=134)
14:57:56 [WARNING] src.orchestrator: Unknown artifact type: domain
14:57:56 [ERROR] src.orchestrator: External tools processing failed for vibe.emindful.com: 'WhoisIntegration' object has no attribute 'search_username'
14:57:57 [INFO] src.orchestrator: Plugin system processed 2 plugins, discovered 5 artifacts
14:57:57 [INFO] src.orchestrator: Processing: platform_presence=https://www.instagram.com/dhayanidhir.r.9/ (depth=2, queue_size=133)
14:57:57 [WARNING] src.orchestrator: Unknown artifact type: platform_presence
14:57:57 [WARNING] src.plugins.manager: No plugins available for artifact type: platform_presence
14:57:57 [INFO] src.orchestrator: Plugin system processed 0 plugins, discovered 0 artifacts
14:57:57 [INFO] src.orchestrator: Processing: platform_presence=https://mastodon.social/@dhayanidhir.r.9 (depth=2, queue_size=132)
14:57:57 [WARNING] src.orchestrator: Unknown artifact type: platform_presence
14:57:57 [WARNING] src.plugins.manager: No plugins available for artifact type: platform_presence
14:57:57 [INFO] src.orchestrator: Plugin system processed 0 plugins, discovered 0 artifacts
14:57:57 [INFO] src.orchestrator: Processing: platform_presence=https://steamcommunity.com/id/dhayanidhir.r.9 (depth=2, queue_size=131)
14:57:57 [WARNING] src.orchestrator: Unknown artifact type: platform_presence
14:57:57 [WARNING] src.plugins.manager: No plugins available for artifact type: platform_presence
14:57:57 [INFO] src.orchestrator: Plugin system processed 0 plugins, discovered 0 artifacts
14:57:57 [INFO] src.orchestrator: Processing: platform_presence=https://www.pinterest.com/dhayanidhir.r.9/ (depth=2, queue_size=130)
14:57:57 [WARNING] src.orchestrator: Unknown artifact type: platform_presence
14:57:57 [WARNING] src.plugins.manager: No plugins available for artifact type: platform_presence
14:57:57 [INFO] src.orchestrator: Plugin system processed 0 plugins, discovered 0 artifacts
14:57:57 [INFO] src.orchestrator: Processing: platform_presence=https://medium.com/@dhayanidhir.r.9 (depth=2, queue_size=129)
14:57:57 [WARNING] src.orchestrator: Unknown artifact type: platform_presence
14:57:57 [WARNING] src.plugins.manager: No plugins available for artifact type: platform_presence
14:57:57 [INFO] src.orchestrator: Plugin system processed 0 plugins, discovered 0 artifacts
14:57:57 [INFO] src.orchestrator: Processing: username=dayanidhir.dayanidhir.1 (depth=2, queue_size=128)
14:57:57 [INFO] src.modules.username_search: Found dayanidhir.dayanidhir.1 on Mastodon (mastodon.social)
14:57:57 [INFO] src.modules.username_search: Found dayanidhir.dayanidhir.1 on Instagram
14:57:57 [INFO] src.modules.username_search: Found dayanidhir.dayanidhir.1 on Steam
14:57:58 [INFO] src.modules.username_search: Found dayanidhir.dayanidhir.1 on Medium
14:57:58 [INFO] src.modules.username_search: Found dayanidhir.dayanidhir.1 on Pinterest
14:57:58 [INFO] src.modules.username_search: Username search complete: dayanidhir.dayanidhir.1 → found on 5/12 platforms
14:57:58 [INFO] src.modules.google_dorks: Limiting patterns from 9 to 3 to avoid rate limiting
14:57:58 [INFO] src.modules.google_dorks: Searching for username 'dayanidhir.dayanidhir.1' with 3 dork patterns
14:57:58 [INFO] src.modules.google_dorks: DuckDuckGo search found 0 results for pattern 'simple_search'
14:57:58 [WARNING] src.modules.google_dorks: Pattern 'simple_search' failed: None
14:57:59 [INFO] src.modules.google_dorks: DuckDuckGo search found 0 results for pattern 'profile_pages'
14:57:59 [WARNING] src.modules.google_dorks: Pattern 'profile_pages' failed: None
14:57:59 [INFO] src.modules.google_dorks: DuckDuckGo search found 0 results for pattern 'social_platforms'
14:57:59 [WARNING] src.modules.google_dorks: Pattern 'social_platforms' failed: None
14:57:59 [INFO] src.modules.google_dorks: Google Dorks search discovered 0 artifacts
14:57:59 [INFO] src.modules.google_dorks: Limiting patterns from 9 to 3 to avoid rate limiting
14:57:59 [INFO] src.modules.google_dorks: Searching for username 'dayanidhir.dayanidhir.1' with 3 dork patterns
14:57:59 [INFO] src.modules.username_search: Found dayanidhir.dayanidhir.1 on Mastodon (mastodon.social)
14:58:00 [INFO] src.modules.username_search: Found dayanidhir.dayanidhir.1 on Steam
14:58:00 [INFO] src.modules.username_search: Found dayanidhir.dayanidhir.1 on Instagram
14:58:00 [WARNING] src.modules.google_dorks: Google rate limited (429) for query: dayanidhir.dayanidhir.1
14:58:00 [WARNING] src.modules.google_dorks: Pattern 'simple_search' failed: Rate limited by Google (429)
14:58:00 [INFO] src.modules.username_search: Found dayanidhir.dayanidhir.1 on Medium
14:58:01 [INFO] src.modules.username_search: Found dayanidhir.dayanidhir.1 on Pinterest
14:58:01 [INFO] src.modules.username_search: Username search complete: dayanidhir.dayanidhir.1 → found on 5/12 platforms
14:58:01 [WARNING] src.modules.google_dorks: Google rate limited (429) for query: intitle:"profile" "dayanidhir.dayanidhir.1" OR intitle:"user" "dayanidhir.dayanidhir.1"
14:58:01 [WARNING] src.modules.google_dorks: Pattern 'profile_pages' failed: Rate limited by Google (429)
14:58:01 [WARNING] src.modules.google_dorks: Google rate limited (429) for query: site:twitter.com "dayanidhir.dayanidhir.1" OR site:linkedin.com "dayanidhir.dayanidhir.1" OR site:github.com "dayanidhir.dayanidhir.1" OR site:instagram.com "dayanidhir.dayanidhir.1"
14:58:01 [WARNING] src.modules.google_dorks: Pattern 'social_platforms' failed: Rate limited by Google (429)
14:58:01 [INFO] src.modules.google_dorks: Google Dorks search discovered 0 artifacts
14:58:01 [INFO] src.orchestrator: Plugin system processed 2 plugins, discovered 0 artifacts
14:58:01 [INFO] src.orchestrator: Processing: username=mr.dayanidhi9 (depth=2, queue_size=127)
14:58:02 [INFO] src.modules.username_search: Found mr.dayanidhi9 on Instagram
14:58:02 [INFO] src.modules.username_search: Found mr.dayanidhi9 on Steam
14:58:02 [INFO] src.modules.username_search: Found mr.dayanidhi9 on Medium
14:58:02 [INFO] src.modules.username_search: Found mr.dayanidhi9 on Pinterest
14:58:11 [WARNING] urllib3.connectionpool: Retrying (Retry(total=1, connect=None, read=None, redirect=None, status=None)) after connection broken by 'ReadTimeoutError("HTTPSConnectionPool(host='mastodon.social', port=443): Read timed out. (read timeout=10)")': /@mr.dayanidhi9
14:58:23 [WARNING] urllib3.connectionpool: Retrying (Retry(total=0, connect=None, read=None, redirect=None, status=None)) after connection broken by 'ReadTimeoutError("HTTPSConnectionPool(host='mastodon.social', port=443): Read timed out. (read timeout=10)")': /@mr.dayanidhi9
14:58:33 [ERROR] src.modules.username_search: Exception checking Mastodon (mastodon.social): name 'requests' is not defined
14:58:33 [INFO] src.modules.username_search: Username search complete: mr.dayanidhi9 → found on 4/12 platforms
14:58:33 [INFO] src.modules.google_dorks: Limiting patterns from 9 to 3 to avoid rate limiting
14:58:33 [INFO] src.modules.google_dorks: Searching for username 'mr.dayanidhi9' with 3 dork patterns
14:58:33 [INFO] src.modules.google_dorks: DuckDuckGo search found 0 results for pattern 'simple_search'
14:58:33 [WARNING] src.modules.google_dorks: Pattern 'simple_search' failed: None
14:58:34 [INFO] src.modules.google_dorks: DuckDuckGo search found 0 results for pattern 'profile_pages'
14:58:34 [WARNING] src.modules.google_dorks: Pattern 'profile_pages' failed: None
14:58:34 [INFO] src.modules.google_dorks: DuckDuckGo search found 0 results for pattern 'social_platforms'
14:58:34 [WARNING] src.modules.google_dorks: Pattern 'social_platforms' failed: None
14:58:34 [INFO] src.modules.google_dorks: Google Dorks search discovered 0 artifacts
14:58:35 [INFO] src.modules.google_dorks: Limiting patterns from 9 to 3 to avoid rate limiting
14:58:35 [INFO] src.modules.google_dorks: Searching for username 'mr.dayanidhi9' with 3 dork patterns
14:58:35 [INFO] src.modules.username_search: Found mr.dayanidhi9 on Instagram
14:58:35 [INFO] src.modules.username_search: Found mr.dayanidhi9 on Steam
14:58:35 [INFO] src.modules.username_search: Found mr.dayanidhi9 on Medium
14:58:36 [INFO] src.modules.username_search: Found mr.dayanidhi9 on Pinterest
14:58:36 [WARNING] src.modules.google_dorks: Google rate limited (429) for query: mr.dayanidhi9
14:58:36 [WARNING] src.modules.google_dorks: Pattern 'simple_search' failed: Rate limited by Google (429)
14:58:36 [WARNING] src.modules.google_dorks: Google rate limited (429) for query: intitle:"profile" "mr.dayanidhi9" OR intitle:"user" "mr.dayanidhi9"
14:58:36 [WARNING] src.modules.google_dorks: Pattern 'profile_pages' failed: Rate limited by Google (429)
14:58:36 [WARNING] src.modules.google_dorks: Google rate limited (429) for query: site:twitter.com "mr.dayanidhi9" OR site:linkedin.com "mr.dayanidhi9" OR site:github.com "mr.dayanidhi9" OR site:instagram.com "mr.dayanidhi9"
14:58:36 [WARNING] src.modules.google_dorks: Pattern 'social_platforms' failed: Rate limited by Google (429)
14:58:36 [INFO] src.modules.google_dorks: Google Dorks search discovered 0 artifacts
14:58:45 [WARNING] urllib3.connectionpool: Retrying (Retry(total=1, connect=None, read=None, redirect=None, status=None)) after connection broken by 'ReadTimeoutError("HTTPSConnectionPool(host='mastodon.social', port=443): Read timed out. (read timeout=10)")': /@mr.dayanidhi9
14:58:57 [WARNING] urllib3.connectionpool: Retrying (Retry(total=0, connect=None, read=None, redirect=None, status=None)) after connection broken by 'ReadTimeoutError("HTTPSConnectionPool(host='mastodon.social', port=443): Read timed out. (read timeout=10)")': /@mr.dayanidhi9
14:59:07 [ERROR] src.modules.username_search: Exception checking Mastodon (mastodon.social): name 'requests' is not defined
14:59:07 [INFO] src.modules.username_search: Username search complete: mr.dayanidhi9 → found on 4/12 platforms
14:59:07 [INFO] src.orchestrator: Plugin system processed 2 plugins, discovered 0 artifacts
14:59:07 [INFO] src.orchestrator: Processing: domain=instagram.com (depth=2, queue_size=126)
14:59:07 [WARNING] src.orchestrator: Unknown artifact type: domain
14:59:07 [ERROR] src.orchestrator: External tools processing failed for instagram.com: 'WhoisIntegration' object has no attribute 'search_username'
14:59:07 [INFO] src.orchestrator: Plugin system processed 2 plugins, discovered 7 artifacts
14:59:07 [INFO] src.orchestrator: Processing: username=dayanidhi_9 (depth=2, queue_size=125)
14:59:07 [INFO] src.modules.username_search: Found dayanidhi_9 on Instagram
14:59:08 [INFO] src.modules.username_search: Found dayanidhi_9 on Steam
14:59:08 [INFO] src.modules.username_search: Found dayanidhi_9 on Medium
14:59:09 [INFO] src.modules.username_search: Found dayanidhi_9 on Pinterest
14:59:09 [INFO] src.modules.username_search: Username search complete: dayanidhi_9 → found on 4/12 platforms
14:59:09 [INFO] src.modules.google_dorks: Limiting patterns from 9 to 3 to avoid rate limiting
14:59:09 [INFO] src.modules.google_dorks: Searching for username 'dayanidhi_9' with 3 dork patterns
14:59:09 [INFO] src.modules.google_dorks: DuckDuckGo search found 0 results for pattern 'simple_search'
14:59:09 [WARNING] src.modules.google_dorks: Pattern 'simple_search' failed: None
14:59:10 [INFO] src.modules.google_dorks: DuckDuckGo search found 0 results for pattern 'profile_pages'
14:59:10 [WARNING] src.modules.google_dorks: Pattern 'profile_pages' failed: None
14:59:10 [INFO] src.modules.google_dorks: DuckDuckGo search found 0 results for pattern 'social_platforms'
14:59:10 [WARNING] src.modules.google_dorks: Pattern 'social_platforms' failed: None
14:59:10 [INFO] src.modules.google_dorks: Google Dorks search discovered 0 artifacts
14:59:10 [INFO] src.modules.google_dorks: Limiting patterns from 9 to 3 to avoid rate limiting
14:59:10 [INFO] src.modules.google_dorks: Searching for username 'dayanidhi_9' with 3 dork patterns
14:59:11 [INFO] src.modules.username_search: Found dayanidhi_9 on Instagram
14:59:11 [INFO] src.modules.username_search: Found dayanidhi_9 on Medium
14:59:11 [INFO] src.modules.username_search: Found dayanidhi_9 on Steam
14:59:11 [INFO] src.modules.username_search: Found dayanidhi_9 on Pinterest
14:59:11 [INFO] src.modules.username_search: Username search complete: dayanidhi_9 → found on 4/12 platforms
14:59:12 [WARNING] src.modules.google_dorks: Google rate limited (429) for query: site:twitter.com "dayanidhi_9" OR site:linkedin.com "dayanidhi_9" OR site:github.com "dayanidhi_9" OR site:instagram.com "dayanidhi_9"
14:59:12 [WARNING] src.modules.google_dorks: Pattern 'social_platforms' failed: Rate limited by Google (429)
14:59:12 [WARNING] src.modules.google_dorks: Google rate limited (429) for query: dayanidhi_9
14:59:12 [WARNING] src.modules.google_dorks: Pattern 'simple_search' failed: Rate limited by Google (429)
14:59:13 [WARNING] src.modules.google_dorks: Google rate limited (429) for query: intitle:"profile" "dayanidhi_9" OR intitle:"user" "dayanidhi_9"
14:59:13 [WARNING] src.modules.google_dorks: Pattern 'profile_pages' failed: Rate limited by Google (429)
14:59:13 [INFO] src.modules.google_dorks: Google Dorks search discovered 0 artifacts
14:59:13 [INFO] src.orchestrator: Plugin system processed 2 plugins, discovered 0 artifacts
14:59:13 [INFO] src.orchestrator: Processing: username=playlists (depth=2, queue_size=124)
14:59:13 [INFO] src.modules.username_search: Found playlists on HackerNews
14:59:13 [INFO] src.modules.username_search: Found playlists on Instagram
14:59:13 [INFO] src.modules.username_search: Found playlists on Medium
14:59:13 [INFO] src.modules.username_search: Found playlists on Steam
14:59:14 [INFO] src.modules.username_search: Found playlists on Pinterest
14:59:14 [INFO] src.modules.username_search: Username search complete: playlists → found on 5/12 platforms
14:59:14 [INFO] src.modules.google_dorks: Limiting patterns from 9 to 3 to avoid rate limiting
14:59:14 [INFO] src.modules.google_dorks: Searching for username 'playlists' with 3 dork patterns
14:59:14 [INFO] src.modules.google_dorks: Pattern 'simple_search' found 10 results
14:59:14 [INFO] src.modules.google_dorks: Pattern 'profile_pages' found 9 results
14:59:14 [INFO] src.modules.google_dorks: DuckDuckGo search found 0 results for pattern 'social_platforms'
14:59:14 [WARNING] src.modules.google_dorks: Pattern 'social_platforms' failed: None
14:59:14 [WARNING] src.modules.google_dorks: Limiting Google Dorks results from 19 to 10 to prevent exponential growth
14:59:14 [INFO] src.modules.google_dorks: Google Dorks search discovered 38 artifacts
14:59:14 [INFO] src.orchestrator: Google Dorks found 38 artifacts for username playlists
14:59:14 [INFO] src.modules.google_dorks: Limiting patterns from 9 to 3 to avoid rate limiting
14:59:14 [INFO] src.modules.google_dorks: Searching for username 'playlists' with 3 dork patterns
14:59:14 [INFO] src.modules.username_search: Found playlists on HackerNews
14:59:14 [INFO] src.modules.username_search: Found playlists on Instagram
14:59:15 [INFO] src.modules.username_search: Found playlists on Steam
14:59:15 [INFO] src.modules.username_search: Found playlists on Medium
14:59:15 [INFO] src.modules.username_search: Found playlists on Pinterest
14:59:15 [INFO] src.modules.username_search: Username search complete: playlists → found on 5/12 platforms
14:59:15 [WARNING] src.modules.google_dorks: Google rate limited (429) for query: playlists
14:59:15 [WARNING] src.modules.google_dorks: Pattern 'simple_search' failed: Rate limited by Google (429)
14:59:16 [WARNING] src.modules.google_dorks: Google rate limited (429) for query: site:twitter.com "playlists" OR site:linkedin.com "playlists" OR site:github.com "playlists" OR site:instagram.com "playlists"
14:59:16 [WARNING] src.modules.google_dorks: Pattern 'social_platforms' failed: Rate limited by Google (429)
14:59:16 [WARNING] src.modules.google_dorks: Google rate limited (429) for query: intitle:"profile" "playlists" OR intitle:"user" "playlists"
14:59:16 [WARNING] src.modules.google_dorks: Pattern 'profile_pages' failed: Rate limited by Google (429)
14:59:16 [INFO] src.modules.google_dorks: Google Dorks search discovered 0 artifacts
14:59:16 [INFO] src.orchestrator: Plugin system processed 2 plugins, discovered 0 artifacts
14:59:16 [INFO] src.orchestrator: Processing: domain=youtube.com (depth=2, queue_size=123)
14:59:16 [WARNING] src.orchestrator: Unknown artifact type: domain
14:59:16 [ERROR] src.orchestrator: External tools processing failed for youtube.com: 'WhoisIntegration' object has no attribute 'search_username'
14:59:16 [INFO] src.orchestrator: Plugin system processed 2 plugins, discovered 9 artifacts
14:59:16 [INFO] src.orchestrator: Processing: username=R (depth=2, queue_size=122)
14:59:16 [INFO] src.modules.username_search: Found R on Instagram
14:59:16 [INFO] src.modules.username_search: Found R on Steam
14:59:16 [INFO] src.modules.username_search: Found R on Mastodon (mastodon.social)
14:59:17 [INFO] src.modules.username_search: Found R on Pinterest
14:59:17 [INFO] src.modules.username_search: Found R on Medium
14:59:17 [INFO] src.modules.username_search: Username search complete: R → found on 5/12 platforms
14:59:17 [INFO] src.modules.google_dorks: Limiting patterns from 9 to 3 to avoid rate limiting
14:59:17 [INFO] src.modules.google_dorks: Searching for username 'R' with 3 dork patterns
14:59:17 [INFO] src.modules.google_dorks: Pattern 'profile_pages' found 8 results
14:59:17 [INFO] src.modules.google_dorks: Pattern 'simple_search' found 10 results
14:59:17 [INFO] src.modules.google_dorks: DuckDuckGo search found 0 results for pattern 'social_platforms'
14:59:17 [WARNING] src.modules.google_dorks: Pattern 'social_platforms' failed: None
14:59:17 [WARNING] src.modules.google_dorks: Limiting Google Dorks results from 18 to 10 to prevent exponential growth
14:59:17 [INFO] src.modules.google_dorks: Google Dorks search discovered 36 artifacts
14:59:17 [INFO] src.orchestrator: Google Dorks found 36 artifacts for username R
14:59:17 [INFO] src.modules.google_dorks: Limiting patterns from 9 to 3 to avoid rate limiting
14:59:17 [INFO] src.modules.google_dorks: Searching for username 'R' with 3 dork patterns
14:59:18 [INFO] src.modules.username_search: Found R on Mastodon (mastodon.social)
14:59:18 [INFO] src.modules.username_search: Found R on Steam
14:59:18 [INFO] src.modules.username_search: Found R on Instagram
14:59:19 [INFO] src.modules.username_search: Found R on Pinterest
14:59:19 [INFO] src.modules.username_search: Found R on Medium
14:59:19 [WARNING] src.modules.google_dorks: Google rate limited (429) for query: R
14:59:19 [WARNING] src.modules.google_dorks: Pattern 'simple_search' failed: Rate limited by Google (429)
14:59:19 [INFO] src.modules.username_search: Username search complete: R → found on 5/12 platforms
14:59:20 [WARNING] src.modules.google_dorks: Google rate limited (429) for query: site:twitter.com "R" OR site:linkedin.com "R" OR site:github.com "R" OR site:instagram.com "R"
14:59:20 [WARNING] src.modules.google_dorks: Pattern 'social_platforms' failed: Rate limited by Google (429)
14:59:20 [WARNING] src.modules.google_dorks: Google rate limited (429) for query: intitle:"profile" "R" OR intitle:"user" "R"
14:59:20 [WARNING] src.modules.google_dorks: Pattern 'profile_pages' failed: Rate limited by Google (429)
14:59:20 [INFO] src.modules.google_dorks: Google Dorks search discovered 0 artifacts
14:59:20 [INFO] src.orchestrator: Plugin system processed 2 plugins, discovered 0 artifacts
14:59:20 [INFO] src.orchestrator: Processing: username=dhayanidhir (depth=2, queue_size=121)
14:59:20 [INFO] src.modules.username_search: Found dhayanidhir on Instagram
14:59:20 [INFO] src.modules.username_search: Found dhayanidhir on Steam
14:59:21 [INFO] src.modules.username_search: Found dhayanidhir on Medium
14:59:21 [INFO] src.modules.username_search: Found dhayanidhir on Pinterest
14:59:21 [INFO] src.modules.username_search: Username search complete: dhayanidhir → found on 4/12 platforms
14:59:21 [INFO] src.modules.google_dorks: Limiting patterns from 9 to 3 to avoid rate limiting
14:59:21 [INFO] src.modules.google_dorks: Searching for username 'dhayanidhir' with 3 dork patterns
14:59:21 [INFO] src.modules.google_dorks: Pattern 'simple_search' found 10 results
14:59:21 [INFO] src.modules.google_dorks: DuckDuckGo search found 0 results for pattern 'social_platforms'
14:59:21 [WARNING] src.modules.google_dorks: Pattern 'social_platforms' failed: None
14:59:22 [INFO] src.modules.google_dorks: DuckDuckGo search found 0 results for pattern 'profile_pages'
14:59:22 [WARNING] src.modules.google_dorks: Pattern 'profile_pages' failed: None
14:59:22 [INFO] src.modules.google_dorks: Google Dorks search discovered 20 artifacts
14:59:22 [INFO] src.orchestrator: Google Dorks found 20 artifacts for username dhayanidhir
14:59:22 [INFO] src.modules.google_dorks: Limiting patterns from 9 to 3 to avoid rate limiting
14:59:22 [INFO] src.modules.google_dorks: Searching for username 'dhayanidhir' with 3 dork patterns
14:59:22 [INFO] src.modules.username_search: Found dhayanidhir on Instagram
14:59:23 [INFO] src.modules.username_search: Found dhayanidhir on Medium
14:59:23 [INFO] src.modules.username_search: Found dhayanidhir on Steam
14:59:23 [INFO] src.modules.username_search: Found dhayanidhir on Pinterest
14:59:23 [INFO] src.modules.username_search: Username search complete: dhayanidhir → found on 4/12 platforms
14:59:23 [WARNING] src.modules.google_dorks: Google rate limited (429) for query: site:twitter.com "dhayanidhir" OR site:linkedin.com "dhayanidhir" OR site:github.com "dhayanidhir" OR site:instagram.com "dhayanidhir"
14:59:23 [WARNING] src.modules.google_dorks: Pattern 'social_platforms' failed: Rate limited by Google (429)
14:59:24 [WARNING] src.modules.google_dorks: Google rate limited (429) for query: dhayanidhir
14:59:24 [WARNING] src.modules.google_dorks: Pattern 'simple_search' failed: Rate limited by Google (429)
14:59:25 [WARNING] src.modules.google_dorks: Google rate limited (429) for query: intitle:"profile" "dhayanidhir" OR intitle:"user" "dhayanidhir"
14:59:25 [WARNING] src.modules.google_dorks: Pattern 'profile_pages' failed: Rate limited by Google (429)
14:59:25 [INFO] src.modules.google_dorks: Google Dorks search discovered 0 artifacts
14:59:25 [INFO] src.orchestrator: Plugin system processed 2 plugins, discovered 0 artifacts
14:59:25 [INFO] src.orchestrator: Processing: domain=leetcode.com (depth=2, queue_size=120)
14:59:25 [WARNING] src.orchestrator: Unknown artifact type: domain
14:59:25 [ERROR] src.orchestrator: External tools processing failed for leetcode.com: 'WhoisIntegration' object has no attribute 'search_username'
14:59:25 [INFO] src.orchestrator: Plugin system processed 2 plugins, discovered 9 artifacts
14:59:25 [INFO] src.orchestrator: Processing: username=CreativeDaya (depth=2, queue_size=119)
14:59:25 [INFO] src.modules.username_search: Found CreativeDaya on Instagram
14:59:25 [INFO] src.modules.username_search: Found CreativeDaya on Pinterest
14:59:25 [INFO] src.modules.username_search: Found CreativeDaya on Steam
14:59:26 [INFO] src.modules.username_search: Found CreativeDaya on Medium
14:59:26 [INFO] src.modules.username_search: Username search complete: CreativeDaya → found on 4/12 platforms
14:59:26 [INFO] src.modules.google_dorks: Limiting patterns from 9 to 3 to avoid rate limiting
14:59:26 [INFO] src.modules.google_dorks: Searching for username 'CreativeDaya' with 3 dork patterns
14:59:26 [INFO] src.modules.google_dorks: Pattern 'simple_search' found 10 results
14:59:26 [INFO] src.modules.google_dorks: DuckDuckGo search found 0 results for pattern 'social_platforms'
14:59:26 [WARNING] src.modules.google_dorks: Pattern 'social_platforms' failed: None
14:59:27 [INFO] src.modules.google_dorks: DuckDuckGo search found 0 results for pattern 'profile_pages'
14:59:27 [WARNING] src.modules.google_dorks: Pattern 'profile_pages' failed: None
14:59:27 [INFO] src.modules.google_dorks: Google Dorks search discovered 20 artifacts
14:59:27 [INFO] src.orchestrator: Google Dorks found 20 artifacts for username CreativeDaya
14:59:27 [INFO] src.modules.google_dorks: Limiting patterns from 9 to 3 to avoid rate limiting
14:59:27 [INFO] src.modules.google_dorks: Searching for username 'CreativeDaya' with 3 dork patterns
14:59:28 [INFO] src.modules.username_search: Found CreativeDaya on Instagram
14:59:28 [WARNING] src.modules.google_dorks: Google rate limited (429) for query: CreativeDaya
14:59:28 [WARNING] src.modules.google_dorks: Pattern 'simple_search' failed: Rate limited by Google (429)
14:59:28 [INFO] src.modules.username_search: Found CreativeDaya on Steam
14:59:28 [INFO] src.modules.username_search: Found CreativeDaya on Pinterest
14:59:28 [INFO] src.modules.username_search: Found CreativeDaya on Medium
14:59:28 [INFO] src.modules.username_search: Username search complete: CreativeDaya → found on 4/12 platforms
14:59:29 [WARNING] src.modules.google_dorks: Google rate limited (429) for query: intitle:"profile" "CreativeDaya" OR intitle:"user" "CreativeDaya"
14:59:29 [WARNING] src.modules.google_dorks: Pattern 'profile_pages' failed: Rate limited by Google (429)
14:59:29 [WARNING] src.modules.google_dorks: Google rate limited (429) for query: site:twitter.com "CreativeDaya" OR site:linkedin.com "CreativeDaya" OR site:github.com "CreativeDaya" OR site:instagram.com "CreativeDaya"
14:59:29 [WARNING] src.modules.google_dorks: Pattern 'social_platforms' failed: Rate limited by Google (429)
14:59:29 [INFO] src.modules.google_dorks: Google Dorks search discovered 0 artifacts
14:59:29 [INFO] src.orchestrator: Plugin system processed 2 plugins, discovered 0 artifacts
14:59:29 [INFO] src.orchestrator: Processing: domain=behance.net (depth=2, queue_size=118)
14:59:29 [WARNING] src.orchestrator: Unknown artifact type: domain
14:59:29 [ERROR] src.orchestrator: External tools processing failed for behance.net: 'WhoisIntegration' object has no attribute 'search_username'
14:59:30 [INFO] src.orchestrator: Plugin system processed 2 plugins, discovered 13 artifacts
14:59:30 [INFO] src.orchestrator: Processing: username=dhaya.dhayanidhir (depth=2, queue_size=117)
14:59:31 [INFO] src.modules.username_search: Found dhaya.dhayanidhir on Instagram
14:59:31 [INFO] src.modules.username_search: Found dhaya.dhayanidhir on Medium
14:59:31 [INFO] src.modules.username_search: Found dhaya.dhayanidhir on Steam
14:59:31 [INFO] src.modules.username_search: Found dhaya.dhayanidhir on Pinterest
14:59:40 [WARNING] urllib3.connectionpool: Retrying (Retry(total=1, connect=None, read=None, redirect=None, status=None)) after connection broken by 'ReadTimeoutError("HTTPSConnectionPool(host='mastodon.social', port=443): Read timed out. (read timeout=10)")': /@dhaya.dhayanidhir
14:59:52 [WARNING] urllib3.connectionpool: Retrying (Retry(total=0, connect=None, read=None, redirect=None, status=None)) after connection broken by 'ReadTimeoutError("HTTPSConnectionPool(host='mastodon.social', port=443): Read timed out. (read timeout=10)")': /@dhaya.dhayanidhir
15:00:02 [ERROR] src.modules.username_search: Exception checking Mastodon (mastodon.social): name 'requests' is not defined
15:00:02 [INFO] src.modules.username_search: Username search complete: dhaya.dhayanidhir → found on 4/12 platforms
15:00:02 [INFO] src.modules.google_dorks: Limiting patterns from 9 to 3 to avoid rate limiting
15:00:02 [INFO] src.modules.google_dorks: Searching for username 'dhaya.dhayanidhir' with 3 dork patterns
15:00:02 [INFO] src.modules.google_dorks: Pattern 'simple_search' found 10 results
15:00:03 [INFO] src.modules.google_dorks: DuckDuckGo search found 0 results for pattern 'social_platforms'
15:00:03 [WARNING] src.modules.google_dorks: Pattern 'social_platforms' failed: None
15:00:04 [INFO] src.modules.google_dorks: DuckDuckGo search found 0 results for pattern 'profile_pages'
15:00:04 [WARNING] src.modules.google_dorks: Pattern 'profile_pages' failed: None
15:00:04 [INFO] src.modules.google_dorks: Google Dorks search discovered 20 artifacts
15:00:04 [INFO] src.orchestrator: Google Dorks found 20 artifacts for username dhaya.dhayanidhir
15:00:04 [INFO] src.modules.google_dorks: Limiting patterns from 9 to 3 to avoid rate limiting
15:00:04 [INFO] src.modules.google_dorks: Searching for username 'dhaya.dhayanidhir' with 3 dork patterns
15:00:04 [INFO] src.modules.username_search: Found dhaya.dhayanidhir on Instagram
15:00:04 [INFO] src.modules.username_search: Found dhaya.dhayanidhir on Medium
15:00:04 [WARNING] src.modules.google_dorks: Google rate limited (429) for query: dhaya.dhayanidhir
15:00:04 [WARNING] src.modules.google_dorks: Pattern 'simple_search' failed: Rate limited by Google (429)
15:00:04 [INFO] src.modules.username_search: Found dhaya.dhayanidhir on Steam
15:00:04 [INFO] src.modules.username_search: Found dhaya.dhayanidhir on Pinterest
15:00:05 [WARNING] src.modules.google_dorks: Google rate limited (429) for query: site:twitter.com "dhaya.dhayanidhir" OR site:linkedin.com "dhaya.dhayanidhir" OR site:github.com "dhaya.dhayanidhir" OR site:instagram.com "dhaya.dhayanidhir"
15:00:05 [WARNING] src.modules.google_dorks: Pattern 'social_platforms' failed: Rate limited by Google (429)
15:00:05 [WARNING] src.modules.google_dorks: Google rate limited (429) for query: intitle:"profile" "dhaya.dhayanidhir" OR intitle:"user" "dhaya.dhayanidhir"
15:00:05 [WARNING] src.modules.google_dorks: Pattern 'profile_pages' failed: Rate limited by Google (429)
15:00:05 [INFO] src.modules.google_dorks: Google Dorks search discovered 0 artifacts
15:00:14 [WARNING] urllib3.connectionpool: Retrying (Retry(total=1, connect=None, read=None, redirect=None, status=None)) after connection broken by 'ReadTimeoutError("HTTPSConnectionPool(host='mastodon.social', port=443): Read timed out. (read timeout=10)")': /@dhaya.dhayanidhir
15:00:26 [WARNING] urllib3.connectionpool: Retrying (Retry(total=0, connect=None, read=None, redirect=None, status=None)) after connection broken by 'ReadTimeoutError("HTTPSConnectionPool(host='mastodon.social', port=443): Read timed out. (read timeout=10)")': /@dhaya.dhayanidhir
15:00:36 [ERROR] src.modules.username_search: Exception checking Mastodon (mastodon.social): name 'requests' is not defined
15:00:36 [INFO] src.modules.username_search: Username search complete: dhaya.dhayanidhir → found on 4/12 platforms
15:00:36 [INFO] src.orchestrator: Plugin system processed 2 plugins, discovered 0 artifacts
15:00:36 [INFO] src.orchestrator: Processing: username=dayanidhi_os (depth=2, queue_size=116)
15:00:36 [INFO] src.modules.username_search: Found dayanidhi_os on Instagram
15:00:36 [INFO] src.modules.username_search: Found dayanidhi_os on Steam
15:00:36 [INFO] src.modules.username_search: Found dayanidhi_os on Medium
15:00:37 [INFO] src.modules.username_search: Found dayanidhi_os on Pinterest
15:00:37 [INFO] src.modules.username_search: Username search complete: dayanidhi_os → found on 4/12 platforms
15:00:37 [INFO] src.modules.google_dorks: Limiting patterns from 9 to 3 to avoid rate limiting
15:00:37 [INFO] src.modules.google_dorks: Searching for username 'dayanidhi_os' with 3 dork patterns
15:00:37 [INFO] src.modules.google_dorks: Pattern 'simple_search' found 10 results
15:00:37 [INFO] src.modules.google_dorks: DuckDuckGo search found 0 results for pattern 'social_platforms'
15:00:37 [WARNING] src.modules.google_dorks: Pattern 'social_platforms' failed: None
15:00:38 [INFO] src.modules.google_dorks: DuckDuckGo search found 0 results for pattern 'profile_pages'
15:00:38 [WARNING] src.modules.google_dorks: Pattern 'profile_pages' failed: None
15:00:38 [INFO] src.modules.google_dorks: Google Dorks search discovered 20 artifacts
15:00:38 [INFO] src.orchestrator: Google Dorks found 20 artifacts for username dayanidhi_os
15:00:38 [INFO] src.modules.google_dorks: Limiting patterns from 9 to 3 to avoid rate limiting
15:00:38 [INFO] src.modules.google_dorks: Searching for username 'dayanidhi_os' with 3 dork patterns
15:00:38 [INFO] src.modules.username_search: Found dayanidhi_os on Instagram
15:00:38 [INFO] src.modules.username_search: Found dayanidhi_os on Medium
15:00:38 [INFO] src.modules.username_search: Found dayanidhi_os on Steam
15:00:38 [INFO] src.modules.username_search: Found dayanidhi_os on Pinterest
15:00:38 [INFO] src.modules.username_search: Username search complete: dayanidhi_os → found on 4/12 platforms
15:00:39 [WARNING] src.modules.google_dorks: Google rate limited (429) for query: dayanidhi_os
15:00:39 [WARNING] src.modules.google_dorks: Pattern 'simple_search' failed: Rate limited by Google (429)
15:00:39 [WARNING] src.modules.google_dorks: Google rate limited (429) for query: intitle:"profile" "dayanidhi_os" OR intitle:"user" "dayanidhi_os"
15:00:39 [WARNING] src.modules.google_dorks: Pattern 'profile_pages' failed: Rate limited by Google (429)
15:00:39 [WARNING] src.modules.google_dorks: Google rate limited (429) for query: site:twitter.com "dayanidhi_os" OR site:linkedin.com "dayanidhi_os" OR site:github.com "dayanidhi_os" OR site:instagram.com "dayanidhi_os"
15:00:39 [WARNING] src.modules.google_dorks: Pattern 'social_platforms' failed: Rate limited by Google (429)
15:00:39 [INFO] src.modules.google_dorks: Google Dorks search discovered 0 artifacts
15:00:39 [INFO] src.orchestrator: Plugin system processed 2 plugins, discovered 0 artifacts
15:00:39 [INFO] src.orchestrator: Processing: ip=57.144.48.1 (depth=2, queue_size=115)
15:00:39 [WARNING] src.orchestrator: Unknown artifact type: ip
15:00:39 [INFO] src.orchestrator: Plugin system processed 1 plugins, discovered 0 artifacts
15:00:39 [INFO] src.orchestrator: Processing: mail_server=10 smtpin.vvv.facebook.com. (depth=2, queue_size=114)
15:00:39 [WARNING] src.orchestrator: Unknown artifact type: mail_server
15:00:39 [WARNING] src.plugins.manager: No plugins available for artifact type: mail_server
15:00:39 [INFO] src.orchestrator: Plugin system processed 0 plugins, discovered 0 artifacts
15:00:39 [INFO] src.orchestrator: Processing: nameserver=c.ns.facebook.com. (depth=2, queue_size=113)
15:00:39 [WARNING] src.orchestrator: Unknown artifact type: nameserver
15:00:40 [WARNING] src.plugins.manager: No plugins available for artifact type: nameserver
15:00:40 [INFO] src.orchestrator: Plugin system processed 0 plugins, discovered 0 artifacts
15:00:40 [INFO] src.orchestrator: Processing: nameserver=b.ns.facebook.com. (depth=2, queue_size=112)
15:00:40 [WARNING] src.orchestrator: Unknown artifact type: nameserver
15:00:40 [WARNING] src.plugins.manager: No plugins available for artifact type: nameserver
15:00:40 [INFO] src.orchestrator: Plugin system processed 0 plugins, discovered 0 artifacts
15:00:40 [INFO] src.orchestrator: Processing: nameserver=a.ns.facebook.com. (depth=2, queue_size=111)
15:00:40 [WARNING] src.orchestrator: Unknown artifact type: nameserver
15:00:40 [WARNING] src.plugins.manager: No plugins available for artifact type: nameserver
15:00:40 [INFO] src.orchestrator: Plugin system processed 0 plugins, discovered 0 artifacts
15:00:40 [INFO] src.orchestrator: Processing: nameserver=d.ns.facebook.com. (depth=2, queue_size=110)
15:00:40 [WARNING] src.orchestrator: Unknown artifact type: nameserver
15:00:40 [WARNING] src.plugins.manager: No plugins available for artifact type: nameserver
15:00:40 [INFO] src.orchestrator: Plugin system processed 0 plugins, discovered 0 artifacts
15:00:40 [INFO] src.orchestrator: Processing: platform_presence=https://www.instagram.com/r.dhayanidhi.5/ (depth=2, queue_size=109)
15:00:40 [WARNING] src.orchestrator: Unknown artifact type: platform_presence
15:00:40 [WARNING] src.plugins.manager: No plugins available for artifact type: platform_presence
15:00:40 [INFO] src.orchestrator: Plugin system processed 0 plugins, discovered 0 artifacts
15:00:40 [INFO] src.orchestrator: Processing: platform_presence=https://steamcommunity.com/id/r.dhayanidhi.5 (depth=2, queue_size=108)
15:00:40 [WARNING] src.orchestrator: Unknown artifact type: platform_presence
15:00:40 [WARNING] src.plugins.manager: No plugins available for artifact type: platform_presence
15:00:40 [INFO] src.orchestrator: Plugin system processed 0 plugins, discovered 0 artifacts
15:00:40 [INFO] src.orchestrator: Processing: platform_presence=https://mastodon.social/@r.dhayanidhi.5 (depth=2, queue_size=107)
15:00:40 [WARNING] src.orchestrator: Unknown artifact type: platform_presence
15:00:40 [WARNING] src.plugins.manager: No plugins available for artifact type: platform_presence
15:00:40 [INFO] src.orchestrator: Plugin system processed 0 plugins, discovered 0 artifacts
15:00:40 [INFO] src.orchestrator: Processing: platform_presence=https://medium.com/@r.dhayanidhi.5 (depth=2, queue_size=106)
15:00:40 [WARNING] src.orchestrator: Unknown artifact type: platform_presence
15:00:40 [WARNING] src.plugins.manager: No plugins available for artifact type: platform_presence
15:00:40 [INFO] src.orchestrator: Plugin system processed 0 plugins, discovered 0 artifacts
15:00:40 [INFO] src.orchestrator: Processing: platform_presence=https://www.pinterest.com/r.dhayanidhi.5/ (depth=2, queue_size=105)
15:00:40 [WARNING] src.orchestrator: Unknown artifact type: platform_presence
15:00:40 [WARNING] src.plugins.manager: No plugins available for artifact type: platform_presence
15:00:40 [INFO] src.orchestrator: Plugin system processed 0 plugins, discovered 0 artifacts
15:00:40 [INFO] src.orchestrator: Processing: username=rdhayanidhi (depth=2, queue_size=104)
15:00:40 [INFO] src.modules.username_search: Found rdhayanidhi on Instagram
15:00:40 [INFO] src.modules.username_search: Found rdhayanidhi on Steam
15:00:40 [INFO] src.modules.username_search: Found rdhayanidhi on Pinterest
15:00:41 [INFO] src.modules.username_search: Found rdhayanidhi on Medium
15:00:41 [INFO] src.modules.username_search: Username search complete: rdhayanidhi → found on 4/12 platforms
15:00:41 [INFO] src.modules.google_dorks: Limiting patterns from 9 to 3 to avoid rate limiting
15:00:41 [INFO] src.modules.google_dorks: Searching for username 'rdhayanidhi' with 3 dork patterns
15:00:41 [INFO] src.modules.google_dorks: Pattern 'simple_search' found 10 results
15:00:41 [INFO] src.modules.google_dorks: DuckDuckGo search found 0 results for pattern 'social_platforms'
15:00:41 [WARNING] src.modules.google_dorks: Pattern 'social_platforms' failed: None
15:00:42 [INFO] src.modules.google_dorks: DuckDuckGo search found 0 results for pattern 'profile_pages'
15:00:42 [WARNING] src.modules.google_dorks: Pattern 'profile_pages' failed: None
15:00:42 [INFO] src.modules.google_dorks: Google Dorks search discovered 20 artifacts
15:00:42 [INFO] src.orchestrator: Google Dorks found 20 artifacts for username rdhayanidhi
15:00:42 [INFO] src.modules.google_dorks: Limiting patterns from 9 to 3 to avoid rate limiting
15:00:42 [INFO] src.modules.google_dorks: Searching for username 'rdhayanidhi' with 3 dork patterns
15:00:42 [INFO] src.modules.username_search: Found rdhayanidhi on Instagram
15:00:42 [WARNING] src.modules.google_dorks: Google rate limited (429) for query: rdhayanidhi
15:00:42 [WARNING] src.modules.google_dorks: Pattern 'simple_search' failed: Rate limited by Google (429)
15:00:42 [INFO] src.modules.username_search: Found rdhayanidhi on Steam
15:00:43 [INFO] src.modules.username_search: Found rdhayanidhi on Medium
15:00:43 [INFO] src.modules.username_search: Found rdhayanidhi on Pinterest
15:00:43 [INFO] src.modules.username_search: Username search complete: rdhayanidhi → found on 4/12 platforms
15:00:43 [WARNING] src.modules.google_dorks: Google rate limited (429) for query: intitle:"profile" "rdhayanidhi" OR intitle:"user" "rdhayanidhi"
15:00:43 [WARNING] src.modules.google_dorks: Pattern 'profile_pages' failed: Rate limited by Google (429)
15:00:44 [WARNING] src.modules.google_dorks: Google rate limited (429) for query: site:twitter.com "rdhayanidhi" OR site:linkedin.com "rdhayanidhi" OR site:github.com "rdhayanidhi" OR site:instagram.com "rdhayanidhi"
15:00:44 [WARNING] src.modules.google_dorks: Pattern 'social_platforms' failed: Rate limited by Google (429)
15:00:44 [INFO] src.modules.google_dorks: Google Dorks search discovered 0 artifacts
15:00:44 [INFO] src.orchestrator: Plugin system processed 2 plugins, discovered 0 artifacts
15:00:44 [INFO] src.orchestrator: Processing: username=37089729121 (depth=2, queue_size=103)
15:00:44 [INFO] src.modules.username_search: Found 37089729121 on Instagram
15:00:44 [INFO] src.modules.username_search: Found 37089729121 on Pinterest
15:00:44 [INFO] src.modules.username_search: Found 37089729121 on Medium
15:00:44 [INFO] src.modules.username_search: Found 37089729121 on Steam
15:00:44 [INFO] src.modules.username_search: Username search complete: 37089729121 → found on 4/12 platforms
15:00:44 [INFO] src.modules.google_dorks: Limiting patterns from 9 to 3 to avoid rate limiting
15:00:44 [INFO] src.modules.google_dorks: Searching for username '37089729121' with 3 dork patterns
15:00:44 [INFO] src.modules.google_dorks: Pattern 'simple_search' found 10 results
15:00:45 [INFO] src.modules.google_dorks: DuckDuckGo search found 0 results for pattern 'social_platforms'
15:00:45 [WARNING] src.modules.google_dorks: Pattern 'social_platforms' failed: None
15:00:46 [INFO] src.modules.google_dorks: DuckDuckGo search found 0 results for pattern 'profile_pages'
15:00:46 [WARNING] src.modules.google_dorks: Pattern 'profile_pages' failed: None
15:00:46 [INFO] src.modules.google_dorks: Google Dorks search discovered 20 artifacts
15:00:46 [INFO] src.orchestrator: Google Dorks found 20 artifacts for username 37089729121
15:00:46 [INFO] src.modules.google_dorks: Limiting patterns from 9 to 3 to avoid rate limiting
15:00:46 [INFO] src.modules.google_dorks: Searching for username '37089729121' with 3 dork patterns
15:00:46 [INFO] src.modules.username_search: Found 37089729121 on Instagram
15:00:46 [INFO] src.modules.username_search: Found 37089729121 on Pinterest
15:00:46 [INFO] src.modules.username_search: Found 37089729121 on Steam
15:00:46 [WARNING] src.modules.google_dorks: Google rate limited (429) for query: 37089729121
15:00:46 [WARNING] src.modules.google_dorks: Pattern 'simple_search' failed: Rate limited by Google (429)
15:00:46 [INFO] src.modules.username_search: Found 37089729121 on Medium
15:00:46 [INFO] src.modules.username_search: Username search complete: 37089729121 → found on 4/12 platforms
15:00:47 [WARNING] src.modules.google_dorks: Google rate limited (429) for query: intitle:"profile" "37089729121" OR intitle:"user" "37089729121"
15:00:47 [WARNING] src.modules.google_dorks: Pattern 'profile_pages' failed: Rate limited by Google (429)
15:00:47 [WARNING] src.modules.google_dorks: Google rate limited (429) for query: site:twitter.com "37089729121" OR site:linkedin.com "37089729121" OR site:github.com "37089729121" OR site:instagram.com "37089729121"
15:00:47 [WARNING] src.modules.google_dorks: Pattern 'social_platforms' failed: Rate limited by Google (429)
15:00:47 [INFO] src.modules.google_dorks: Google Dorks search discovered 0 artifacts
15:00:47 [INFO] src.orchestrator: Plugin system processed 2 plugins, discovered 0 artifacts
15:00:47 [INFO] src.orchestrator: Processing: domain=ieeexplore.ieee.org (depth=2, queue_size=102)
15:00:47 [WARNING] src.orchestrator: Unknown artifact type: domain
15:00:47 [ERROR] src.orchestrator: External tools processing failed for ieeexplore.ieee.org: 'WhoisIntegration' object has no attribute 'search_username'
15:00:49 [INFO] src.orchestrator: Plugin system processed 2 plugins, discovered 11 artifacts
15:00:49 [INFO] src.orchestrator: Processing: username=_._dhayanidhi_._ (depth=2, queue_size=101)
15:00:49 [INFO] src.modules.username_search: Found _._dhayanidhi_._ on Mastodon (mastodon.social)
15:00:49 [INFO] src.modules.username_search: Found _._dhayanidhi_._ on Instagram
15:00:49 [INFO] src.modules.username_search: Found _._dhayanidhi_._ on Steam
15:00:49 [INFO] src.modules.username_search: Found _._dhayanidhi_._ on Pinterest
15:00:50 [INFO] src.modules.username_search: Found _._dhayanidhi_._ on Medium
15:00:50 [INFO] src.modules.username_search: Username search complete: _._dhayanidhi_._ → found on 5/12 platforms
15:00:50 [INFO] src.modules.google_dorks: Limiting patterns from 9 to 3 to avoid rate limiting
15:00:50 [INFO] src.modules.google_dorks: Searching for username '_._dhayanidhi_._' with 3 dork patterns
15:00:50 [INFO] src.modules.google_dorks: Pattern 'simple_search' found 10 results
15:00:50 [INFO] src.modules.google_dorks: DuckDuckGo search found 0 results for pattern 'social_platforms'
15:00:50 [WARNING] src.modules.google_dorks: Pattern 'social_platforms' failed: None
15:00:51 [INFO] src.modules.google_dorks: DuckDuckGo search found 0 results for pattern 'profile_pages'
15:00:51 [WARNING] src.modules.google_dorks: Pattern 'profile_pages' failed: None
15:00:51 [INFO] src.modules.google_dorks: Google Dorks search discovered 20 artifacts
15:00:51 [INFO] src.orchestrator: Google Dorks found 20 artifacts for username _._dhayanidhi_._
15:00:51 [INFO] src.modules.google_dorks: Limiting patterns from 9 to 3 to avoid rate limiting
15:00:51 [INFO] src.modules.google_dorks: Searching for username '_._dhayanidhi_._' with 3 dork patterns
15:00:51 [INFO] src.modules.username_search: Found _._dhayanidhi_._ on Mastodon (mastodon.social)
15:00:51 [INFO] src.modules.username_search: Found _._dhayanidhi_._ on Steam
15:00:51 [INFO] src.modules.username_search: Found _._dhayanidhi_._ on Instagram
15:00:52 [INFO] src.modules.username_search: Found _._dhayanidhi_._ on Medium
15:00:52 [INFO] src.modules.username_search: Found _._dhayanidhi_._ on Pinterest
15:00:52 [INFO] src.modules.username_search: Username search complete: _._dhayanidhi_._ → found on 5/12 platforms
15:00:52 [WARNING] src.modules.google_dorks: Google rate limited (429) for query: _._dhayanidhi_._
15:00:52 [WARNING] src.modules.google_dorks: Pattern 'simple_search' failed: Rate limited by Google (429)
15:00:53 [WARNING] src.modules.google_dorks: Google rate limited (429) for query: site:twitter.com "_._dhayanidhi_._" OR site:linkedin.com "_._dhayanidhi_._" OR site:github.com "_._dhayanidhi_._" OR site:instagram.com "_._dhayanidhi_._"
15:00:53 [WARNING] src.modules.google_dorks: Google rate limited (429) for query: intitle:"profile" "_._dhayanidhi_._" OR intitle:"user" "_._dhayanidhi_._"
15:00:53 [WARNING] src.modules.google_dorks: Pattern 'social_platforms' failed: Rate limited by Google (429)
15:00:53 [WARNING] src.modules.google_dorks: Pattern 'profile_pages' failed: Rate limited by Google (429)
15:00:53 [INFO] src.modules.google_dorks: Google Dorks search discovered 0 artifacts
15:00:53 [INFO] src.orchestrator: Plugin system processed 2 plugins, discovered 0 artifacts
15:00:53 [INFO] src.orchestrator: Processing: username=UCiW6GtOVGtr40m18tXT5J8Q (depth=2, queue_size=100)
15:00:54 [INFO] src.modules.username_search: Found UCiW6GtOVGtr40m18tXT5J8Q on Instagram
15:00:54 [INFO] src.modules.username_search: Found UCiW6GtOVGtr40m18tXT5J8Q on Medium
15:00:54 [INFO] src.modules.username_search: Found UCiW6GtOVGtr40m18tXT5J8Q on Steam
15:00:54 [INFO] src.modules.username_search: Found UCiW6GtOVGtr40m18tXT5J8Q on Pinterest
15:00:54 [INFO] src.modules.username_search: Username search complete: UCiW6GtOVGtr40m18tXT5J8Q → found on 4/12 platforms
15:00:54 [INFO] src.modules.google_dorks: Limiting patterns from 9 to 3 to avoid rate limiting
15:00:54 [INFO] src.modules.google_dorks: Searching for username 'UCiW6GtOVGtr40m18tXT5J8Q' with 3 dork patterns
15:00:54 [INFO] src.modules.google_dorks: Pattern 'simple_search' found 10 results
15:00:54 [INFO] src.modules.google_dorks: DuckDuckGo search found 0 results for pattern 'social_platforms'
15:00:54 [WARNING] src.modules.google_dorks: Pattern 'social_platforms' failed: None
15:00:55 [INFO] src.modules.google_dorks: DuckDuckGo search found 0 results for pattern 'profile_pages'
15:00:55 [WARNING] src.modules.google_dorks: Pattern 'profile_pages' failed: None
15:00:55 [INFO] src.modules.google_dorks: Google Dorks search discovered 20 artifacts
15:00:55 [INFO] src.orchestrator: Google Dorks found 20 artifacts for username UCiW6GtOVGtr40m18tXT5J8Q
15:00:55 [INFO] src.modules.google_dorks: Limiting patterns from 9 to 3 to avoid rate limiting
15:00:55 [INFO] src.modules.google_dorks: Searching for username 'UCiW6GtOVGtr40m18tXT5J8Q' with 3 dork patterns
15:00:56 [INFO] src.modules.username_search: Found UCiW6GtOVGtr40m18tXT5J8Q on Instagram
15:00:56 [INFO] src.modules.username_search: Found UCiW6GtOVGtr40m18tXT5J8Q on Steam
15:00:56 [INFO] src.modules.username_search: Found UCiW6GtOVGtr40m18tXT5J8Q on Medium
15:00:56 [INFO] src.modules.username_search: Found UCiW6GtOVGtr40m18tXT5J8Q on Pinterest
15:00:56 [INFO] src.modules.username_search: Username search complete: UCiW6GtOVGtr40m18tXT5J8Q → found on 4/12 platforms
15:00:56 [WARNING] src.modules.google_dorks: Google rate limited (429) for query: UCiW6GtOVGtr40m18tXT5J8Q
15:00:56 [WARNING] src.modules.google_dorks: Pattern 'simple_search' failed: Rate limited by Google (429)
15:00:57 [WARNING] src.modules.google_dorks: Google rate limited (429) for query: site:twitter.com "UCiW6GtOVGtr40m18tXT5J8Q" OR site:linkedin.com "UCiW6GtOVGtr40m18tXT5J8Q" OR site:github.com "UCiW6GtOVGtr40m18tXT5J8Q" OR site:instagram.com "UCiW6GtOVGtr40m18tXT5J8Q"
15:00:57 [WARNING] src.modules.google_dorks: Pattern 'social_platforms' failed: Rate limited by Google (429)
15:00:57 [WARNING] src.modules.google_dorks: Google rate limited (429) for query: intitle:"profile" "UCiW6GtOVGtr40m18tXT5J8Q" OR intitle:"user" "UCiW6GtOVGtr40m18tXT5J8Q"
15:00:57 [WARNING] src.modules.google_dorks: Pattern 'profile_pages' failed: Rate limited by Google (429)
15:00:57 [INFO] src.modules.google_dorks: Google Dorks search discovered 0 artifacts
15:00:57 [INFO] src.orchestrator: Plugin system processed 2 plugins, discovered 0 artifacts
15:00:57 [INFO] src.orchestrator: Processing: username=biography.html (depth=2, queue_size=99)
15:00:57 [INFO] src.modules.username_search: Found biography.html on Mastodon (mastodon.social)
15:00:57 [INFO] src.modules.username_search: Found biography.html on Instagram
15:00:58 [INFO] src.modules.username_search: Found biography.html on Steam
15:00:58 [INFO] src.modules.username_search: Found biography.html on Medium
15:00:58 [INFO] src.modules.username_search: Found biography.html on Pinterest
15:00:58 [INFO] src.modules.username_search: Username search complete: biography.html → found on 5/12 platforms
15:00:58 [INFO] src.modules.google_dorks: Limiting patterns from 9 to 3 to avoid rate limiting
15:00:58 [INFO] src.modules.google_dorks: Searching for username 'biography.html' with 3 dork patterns
15:00:58 [INFO] src.modules.google_dorks: Pattern 'simple_search' found 8 results
15:00:58 [INFO] src.modules.google_dorks: DuckDuckGo search found 0 results for pattern 'social_platforms'
15:00:58 [WARNING] src.modules.google_dorks: Pattern 'social_platforms' failed: None
15:00:59 [INFO] src.modules.google_dorks: DuckDuckGo search found 0 results for pattern 'profile_pages'
15:00:59 [WARNING] src.modules.google_dorks: Pattern 'profile_pages' failed: None
15:00:59 [INFO] src.modules.google_dorks: Google Dorks search discovered 16 artifacts
15:00:59 [INFO] src.orchestrator: Google Dorks found 16 artifacts for username biography.html
15:00:59 [INFO] src.modules.google_dorks: Limiting patterns from 9 to 3 to avoid rate limiting
15:00:59 [INFO] src.modules.google_dorks: Searching for username 'biography.html' with 3 dork patterns
15:00:59 [INFO] src.modules.username_search: Found biography.html on Mastodon (mastodon.social)
15:00:59 [INFO] src.modules.username_search: Found biography.html on Steam
15:00:59 [INFO] src.modules.username_search: Found biography.html on Instagram
15:00:59 [INFO] src.modules.username_search: Found biography.html on Medium
15:01:00 [INFO] src.modules.username_search: Found biography.html on Pinterest
15:01:00 [INFO] src.modules.username_search: Username search complete: biography.html → found on 5/12 platforms
15:01:00 [WARNING] src.modules.google_dorks: Google rate limited (429) for query: biography.html
15:01:00 [WARNING] src.modules.google_dorks: Pattern 'simple_search' failed: Rate limited by Google (429)
15:01:00 [WARNING] src.modules.google_dorks: Google rate limited (429) for query: site:twitter.com "biography.html" OR site:linkedin.com "biography.html" OR site:github.com "biography.html" OR site:instagram.com "biography.html"
15:01:00 [WARNING] src.modules.google_dorks: Pattern 'social_platforms' failed: Rate limited by Google (429)
15:01:00 [WARNING] src.modules.google_dorks: Google rate limited (429) for query: intitle:"profile" "biography.html" OR intitle:"user" "biography.html"
15:01:00 [WARNING] src.modules.google_dorks: Pattern 'profile_pages' failed: Rate limited by Google (429)
15:01:00 [INFO] src.modules.google_dorks: Google Dorks search discovered 0 artifacts
15:01:00 [INFO] src.orchestrator: Plugin system processed 2 plugins, discovered 0 artifacts
15:01:00 [INFO] src.orchestrator: Processing: domain=filmibeat.com (depth=2, queue_size=98)
15:01:00 [WARNING] src.orchestrator: Unknown artifact type: domain
15:01:00 [ERROR] src.orchestrator: External tools processing failed for filmibeat.com: 'WhoisIntegration' object has no attribute 'search_username'
15:01:01 [INFO] src.orchestrator: Plugin system processed 2 plugins, discovered 5 artifacts
15:01:01 [INFO] src.orchestrator: Processing: username=bio (depth=2, queue_size=97)
15:01:01 [INFO] src.modules.username_search: Found bio on Keybase
15:01:01 [INFO] src.modules.username_search: Found bio on Mastodon (mastodon.social)
15:01:01 [INFO] src.modules.username_search: Found bio on HackerNews
15:01:01 [INFO] src.modules.username_search: Found bio on Instagram
15:01:01 [INFO] src.modules.username_search: Found bio on Pinterest
15:01:02 [INFO] src.modules.username_search: Found bio on Medium
15:01:02 [INFO] src.modules.username_search: Username search complete: bio → found on 6/12 platforms
15:01:02 [INFO] src.modules.google_dorks: Limiting patterns from 9 to 3 to avoid rate limiting
15:01:02 [INFO] src.modules.google_dorks: Searching for username 'bio' with 3 dork patterns
15:01:02 [INFO] src.modules.google_dorks: DuckDuckGo search found 0 results for pattern 'simple_search'
15:01:02 [WARNING] src.modules.google_dorks: Pattern 'simple_search' failed: None
15:01:03 [INFO] src.modules.google_dorks: DuckDuckGo search found 0 results for pattern 'profile_pages'
15:01:03 [WARNING] src.modules.google_dorks: Pattern 'profile_pages' failed: None
15:01:03 [INFO] src.modules.google_dorks: DuckDuckGo search found 0 results for pattern 'social_platforms'
15:01:03 [WARNING] src.modules.google_dorks: Pattern 'social_platforms' failed: None
15:01:03 [INFO] src.modules.google_dorks: Google Dorks search discovered 0 artifacts
15:01:03 [INFO] src.modules.google_dorks: Limiting patterns from 9 to 3 to avoid rate limiting
15:01:03 [INFO] src.modules.google_dorks: Searching for username 'bio' with 3 dork patterns
15:01:03 [INFO] src.modules.username_search: Found bio on Mastodon (mastodon.social)
15:01:03 [INFO] src.modules.username_search: Found bio on Keybase
15:01:03 [INFO] src.modules.username_search: Found bio on HackerNews
15:01:03 [INFO] src.modules.username_search: Found bio on Instagram
15:01:03 [INFO] src.modules.username_search: Found bio on Medium
15:01:04 [WARNING] src.modules.google_dorks: Google rate limited (429) for query: bio
15:01:04 [WARNING] src.modules.google_dorks: Pattern 'simple_search' failed: Rate limited by Google (429)
15:01:04 [INFO] src.modules.username_search: Found bio on Pinterest
15:01:04 [INFO] src.modules.username_search: Username search complete: bio → found on 6/12 platforms
15:01:05 [WARNING] src.modules.google_dorks: Google rate limited (429) for query: site:twitter.com "bio" OR site:linkedin.com "bio" OR site:github.com "bio" OR site:instagram.com "bio"
15:01:05 [WARNING] src.modules.google_dorks: Pattern 'social_platforms' failed: Rate limited by Google (429)
15:01:05 [WARNING] src.modules.google_dorks: Google rate limited (429) for query: intitle:"profile" "bio" OR intitle:"user" "bio"
15:01:05 [WARNING] src.modules.google_dorks: Pattern 'profile_pages' failed: Rate limited by Google (429)
15:01:05 [INFO] src.modules.google_dorks: Google Dorks search discovered 0 artifacts
15:01:05 [INFO] src.orchestrator: Plugin system processed 2 plugins, discovered 0 artifacts
15:01:05 [INFO] src.orchestrator: Processing: domain=imdb.com (depth=2, queue_size=96)
15:01:05 [WARNING] src.orchestrator: Unknown artifact type: domain
15:01:05 [ERROR] src.orchestrator: External tools processing failed for imdb.com: 'WhoisIntegration' object has no attribute 'search_username'
15:01:06 [INFO] src.orchestrator: Plugin system processed 2 plugins, discovered 12 artifacts
15:01:06 [INFO] src.orchestrator: Processing: platform_presence=https://www.instagram.com/dhayanidhi-r-4200b5286/ (depth=2, queue_size=95)
15:01:06 [WARNING] src.orchestrator: Unknown artifact type: platform_presence
15:01:06 [WARNING] src.plugins.manager: No plugins available for artifact type: platform_presence
15:01:06 [INFO] src.orchestrator: Plugin system processed 0 plugins, discovered 0 artifacts
15:01:06 [INFO] src.orchestrator: Processing: platform_presence=https://steamcommunity.com/id/dhayanidhi-r-4200b5286 (depth=2, queue_size=94)
15:01:06 [WARNING] src.orchestrator: Unknown artifact type: platform_presence
15:01:06 [WARNING] src.plugins.manager: No plugins available for artifact type: platform_presence
15:01:06 [INFO] src.orchestrator: Plugin system processed 0 plugins, discovered 0 artifacts
15:01:06 [INFO] src.orchestrator: Processing: platform_presence=https://www.pinterest.com/dhayanidhi-r-4200b5286/ (depth=2, queue_size=93)
15:01:06 [WARNING] src.orchestrator: Unknown artifact type: platform_presence
15:01:06 [WARNING] src.plugins.manager: No plugins available for artifact type: platform_presence
15:01:06 [INFO] src.orchestrator: Plugin system processed 0 plugins, discovered 0 artifacts
15:01:06 [INFO] src.orchestrator: Processing: platform_presence=https://medium.com/@dhayanidhi-r-4200b5286 (depth=2, queue_size=92)
15:01:06 [WARNING] src.orchestrator: Unknown artifact type: platform_presence
15:01:06 [WARNING] src.plugins.manager: No plugins available for artifact type: platform_presence
15:01:06 [INFO] src.orchestrator: Plugin system processed 0 plugins, discovered 0 artifacts
15:01:06 [INFO] src.orchestrator: Processing: username=Dhayanidhi1 (depth=2, queue_size=91)
15:01:06 [INFO] src.modules.username_search: Found Dhayanidhi1 on Instagram
15:01:06 [INFO] src.modules.username_search: Found Dhayanidhi1 on Steam
15:01:07 [INFO] src.modules.username_search: Found Dhayanidhi1 on Pinterest
15:01:07 [INFO] src.modules.username_search: Found Dhayanidhi1 on Medium
15:01:07 [INFO] src.modules.username_search: Username search complete: Dhayanidhi1 → found on 4/12 platforms
15:01:07 [INFO] src.modules.google_dorks: Limiting patterns from 9 to 3 to avoid rate limiting
15:01:07 [INFO] src.modules.google_dorks: Searching for username 'Dhayanidhi1' with 3 dork patterns
15:01:07 [INFO] src.modules.google_dorks: DuckDuckGo search found 0 results for pattern 'simple_search'
15:01:07 [WARNING] src.modules.google_dorks: Pattern 'simple_search' failed: None
15:01:08 [INFO] src.modules.google_dorks: DuckDuckGo search found 0 results for pattern 'profile_pages'
15:01:08 [WARNING] src.modules.google_dorks: Pattern 'profile_pages' failed: None
15:01:08 [INFO] src.modules.google_dorks: DuckDuckGo search found 0 results for pattern 'social_platforms'
15:01:08 [WARNING] src.modules.google_dorks: Pattern 'social_platforms' failed: None
15:01:08 [INFO] src.modules.google_dorks: Google Dorks search discovered 0 artifacts
15:01:08 [INFO] src.modules.google_dorks: Limiting patterns from 9 to 3 to avoid rate limiting
15:01:08 [INFO] src.modules.google_dorks: Searching for username 'Dhayanidhi1' with 3 dork patterns
15:01:08 [INFO] src.modules.username_search: Found Dhayanidhi1 on Instagram
15:01:09 [INFO] src.modules.username_search: Found Dhayanidhi1 on Steam
15:01:09 [INFO] src.modules.username_search: Found Dhayanidhi1 on Medium
15:01:09 [WARNING] src.modules.google_dorks: Google rate limited (429) for query: Dhayanidhi1
15:01:09 [WARNING] src.modules.google_dorks: Pattern 'simple_search' failed: Rate limited by Google (429)
15:01:09 [INFO] src.modules.username_search: Found Dhayanidhi1 on Pinterest
15:01:09 [INFO] src.modules.username_search: Username search complete: Dhayanidhi1 → found on 4/12 platforms
15:01:10 [INFO] src.modules.google_dorks: Google search found 1 results for pattern 'profile_pages'
15:01:10 [INFO] src.modules.google_dorks: Pattern 'profile_pages' found 1 results
15:01:10 [WARNING] src.modules.google_dorks: Google rate limited (429) for query: site:twitter.com "Dhayanidhi1" OR site:linkedin.com "Dhayanidhi1" OR site:github.com "Dhayanidhi1" OR site:instagram.com "Dhayanidhi1"
15:01:10 [WARNING] src.modules.google_dorks: Pattern 'social_platforms' failed: Rate limited by Google (429)
15:01:10 [INFO] src.modules.google_dorks: Google Dorks search discovered 2 artifacts
15:01:10 [INFO] src.orchestrator: Plugin system processed 2 plugins, discovered 2 artifacts
15:01:10 [INFO] src.orchestrator: Processing: domain=github.com (depth=2, queue_size=90)
15:01:10 [WARNING] src.orchestrator: Unknown artifact type: domain
15:01:10 [ERROR] src.orchestrator: External tools processing failed for github.com: 'WhoisIntegration' object has no attribute 'search_username'
15:01:10 [INFO] src.orchestrator: Plugin system processed 2 plugins, discovered 10 artifacts
15:01:10 [INFO] src.orchestrator: Processing: username=dhayanidhi-r-4200b5286_infrastructuredesign-rccstructures-roaddesign-activity-7241113881283059712-n5CR (depth=2, queue_size=89)
15:01:11 [INFO] src.modules.username_search: Found dhayanidhi-r-4200b5286_infrastructuredesign-rccstructures-roaddesign-activity-7241113881283059712-n5CR on Instagram
15:01:11 [INFO] src.modules.username_search: Found dhayanidhi-r-4200b5286_infrastructuredesign-rccstructures-roaddesign-activity-7241113881283059712-n5CR on Steam
15:01:11 [INFO] src.modules.username_search: Found dhayanidhi-r-4200b5286_infrastructuredesign-rccstructures-roaddesign-activity-7241113881283059712-n5CR on Medium
15:01:12 [INFO] src.modules.username_search: Found dhayanidhi-r-4200b5286_infrastructuredesign-rccstructures-roaddesign-activity-7241113881283059712-n5CR on Pinterest
15:01:12 [INFO] src.modules.username_search: Username search complete: dhayanidhi-r-4200b5286_infrastructuredesign-rccstructures-roaddesign-activity-7241113881283059712-n5CR → found on 4/12 platforms
15:01:12 [INFO] src.modules.google_dorks: Limiting patterns from 9 to 3 to avoid rate limiting
15:01:12 [INFO] src.modules.google_dorks: Searching for username 'dhayanidhi-r-4200b5286_infrastructuredesign-rccstructures-roaddesign-activity-7241113881283059712-n5CR' with 3 dork patterns
15:01:12 [INFO] src.modules.google_dorks: DuckDuckGo search found 0 results for pattern 'simple_search'
15:01:12 [WARNING] src.modules.google_dorks: Pattern 'simple_search' failed: None
15:01:13 [INFO] src.modules.google_dorks: DuckDuckGo search found 0 results for pattern 'social_platforms'
15:01:13 [WARNING] src.modules.google_dorks: Pattern 'social_platforms' failed: None
15:01:14 [INFO] src.modules.google_dorks: DuckDuckGo search found 0 results for pattern 'profile_pages'
15:01:14 [WARNING] src.modules.google_dorks: Pattern 'profile_pages' failed: None
15:01:14 [INFO] src.modules.google_dorks: Google Dorks search discovered 0 artifacts
15:01:14 [INFO] src.modules.google_dorks: Limiting patterns from 9 to 3 to avoid rate limiting
15:01:14 [INFO] src.modules.google_dorks: Searching for username 'dhayanidhi-r-4200b5286_infrastructuredesign-rccstructures-roaddesign-activity-7241113881283059712-n5CR' with 3 dork patterns
15:01:14 [INFO] src.modules.username_search: Found dhayanidhi-r-4200b5286_infrastructuredesign-rccstructures-roaddesign-activity-7241113881283059712-n5CR on Instagram
15:01:14 [INFO] src.modules.username_search: Found dhayanidhi-r-4200b5286_infrastructuredesign-rccstructures-roaddesign-activity-7241113881283059712-n5CR on Medium
15:01:14 [INFO] src.modules.username_search: Found dhayanidhi-r-4200b5286_infrastructuredesign-rccstructures-roaddesign-activity-7241113881283059712-n5CR on Steam
15:01:14 [INFO] src.modules.username_search: Found dhayanidhi-r-4200b5286_infrastructuredesign-rccstructures-roaddesign-activity-7241113881283059712-n5CR on Pinterest
15:01:14 [INFO] src.modules.username_search: Username search complete: dhayanidhi-r-4200b5286_infrastructuredesign-rccstructures-roaddesign-activity-7241113881283059712-n5CR → found on 4/12 platforms
15:01:15 [WARNING] src.modules.google_dorks: Google rate limited (429) for query: dhayanidhi-r-4200b5286_infrastructuredesign-rccstructures-roaddesign-activity-7241113881283059712-n5CR
15:01:15 [WARNING] src.modules.google_dorks: Pattern 'simple_search' failed: Rate limited by Google (429)
15:01:15 [WARNING] src.modules.google_dorks: Google rate limited (429) for query: intitle:"profile" "dhayanidhi-r-4200b5286_infrastructuredesign-rccstructures-roaddesign-activity-7241113881283059712-n5CR" OR intitle:"user" "dhayanidhi-r-4200b5286_infrastructuredesign-rccstructures-roaddesign-activity-7241113881283059712-n5CR"
15:01:15 [WARNING] src.modules.google_dorks: Pattern 'profile_pages' failed: Rate limited by Google (429)
15:01:15 [WARNING] src.modules.google_dorks: Google rate limited (429) for query: site:twitter.com "dhayanidhi-r-4200b5286_infrastructuredesign-rccstructures-roaddesign-activity-7241113881283059712-n5CR" OR site:linkedin.com "dhayanidhi-r-4200b5286_infrastructuredesign-rccstructures-roaddesign-activity-7241113881283059712-n5CR" OR site:github.com "dhayanidhi-r-4200b5286_infrastructuredesign-rccstructures-roaddesign-activity-7241113881283059712-n5CR" OR site:instagram.com "dhayanidhi-r-4200b5286_infrastructuredesign-rccstructures-roaddesign-activity-7241113881283059712-n5CR"
15:01:15 [WARNING] src.modules.google_dorks: Pattern 'social_platforms' failed: Rate limited by Google (429)
15:01:15 [INFO] src.modules.google_dorks: Google Dorks search discovered 0 artifacts
15:01:15 [INFO] src.orchestrator: Plugin system processed 2 plugins, discovered 0 artifacts
15:01:15 [INFO] src.orchestrator: Processing: domain=gist.github.com (depth=2, queue_size=88)
15:01:15 [WARNING] src.orchestrator: Unknown artifact type: domain
15:01:15 [ERROR] src.orchestrator: External tools processing failed for gist.github.com: 'WhoisIntegration' object has no attribute 'search_username'
15:01:16 [INFO] src.orchestrator: Plugin system processed 2 plugins, discovered 13 artifacts
15:01:16 [INFO] src.orchestrator: Processing: username=dhayanidhi-r-4200b5286_ciscocybersecurity-cybersecurityessentials-activity-7116709768798294016-3Ucl (depth=2, queue_size=87)
15:01:16 [INFO] src.modules.username_search: Found dhayanidhi-r-4200b5286_ciscocybersecurity-cybersecurityessentials-activity-7116709768798294016-3Ucl on Instagram
15:01:16 [INFO] src.modules.username_search: Found dhayanidhi-r-4200b5286_ciscocybersecurity-cybersecurityessentials-activity-7116709768798294016-3Ucl on Medium
15:01:16 [INFO] src.modules.username_search: Found dhayanidhi-r-4200b5286_ciscocybersecurity-cybersecurityessentials-activity-7116709768798294016-3Ucl on Steam
15:01:17 [INFO] src.modules.username_search: Found dhayanidhi-r-4200b5286_ciscocybersecurity-cybersecurityessentials-activity-7116709768798294016-3Ucl on Pinterest
15:01:17 [INFO] src.modules.username_search: Username search complete: dhayanidhi-r-4200b5286_ciscocybersecurity-cybersecurityessentials-activity-7116709768798294016-3Ucl → found on 4/12 platforms
15:01:17 [INFO] src.modules.google_dorks: Limiting patterns from 9 to 3 to avoid rate limiting
15:01:17 [INFO] src.modules.google_dorks: Searching for username 'dhayanidhi-r-4200b5286_ciscocybersecurity-cybersecurityessentials-activity-7116709768798294016-3Ucl' with 3 dork patterns
15:01:17 [INFO] src.modules.google_dorks: Pattern 'simple_search' found 10 results
15:01:17 [INFO] src.modules.google_dorks: DuckDuckGo search found 0 results for pattern 'social_platforms'
15:01:17 [WARNING] src.modules.google_dorks: Pattern 'social_platforms' failed: None
15:01:18 [INFO] src.modules.google_dorks: DuckDuckGo search found 0 results for pattern 'profile_pages'
15:01:18 [WARNING] src.modules.google_dorks: Pattern 'profile_pages' failed: None
15:01:18 [INFO] src.modules.google_dorks: Google Dorks search discovered 20 artifacts
15:01:18 [INFO] src.orchestrator: Google Dorks found 20 artifacts for username dhayanidhi-r-4200b5286_ciscocybersecurity-cybersecurityessentials-activity-7116709768798294016-3Ucl
15:01:18 [INFO] src.modules.google_dorks: Limiting patterns from 9 to 3 to avoid rate limiting
15:01:18 [INFO] src.modules.google_dorks: Searching for username 'dhayanidhi-r-4200b5286_ciscocybersecurity-cybersecurityessentials-activity-7116709768798294016-3Ucl' with 3 dork patterns
15:01:18 [INFO] src.modules.username_search: Found dhayanidhi-r-4200b5286_ciscocybersecurity-cybersecurityessentials-activity-7116709768798294016-3Ucl on Instagram
15:01:18 [WARNING] src.modules.google_dorks: Google rate limited (429) for query: dhayanidhi-r-4200b5286_ciscocybersecurity-cybersecurityessentials-activity-7116709768798294016-3Ucl
15:01:18 [WARNING] src.modules.google_dorks: Pattern 'simple_search' failed: Rate limited by Google (429)
15:01:18 [INFO] src.modules.username_search: Found dhayanidhi-r-4200b5286_ciscocybersecurity-cybersecurityessentials-activity-7116709768798294016-3Ucl on Steam
15:01:18 [INFO] src.modules.username_search: Found dhayanidhi-r-4200b5286_ciscocybersecurity-cybersecurityessentials-activity-7116709768798294016-3Ucl on Medium
15:01:19 [INFO] src.modules.username_search: Found dhayanidhi-r-4200b5286_ciscocybersecurity-cybersecurityessentials-activity-7116709768798294016-3Ucl on Pinterest
15:01:19 [INFO] src.modules.username_search: Username search complete: dhayanidhi-r-4200b5286_ciscocybersecurity-cybersecurityessentials-activity-7116709768798294016-3Ucl → found on 4/12 platforms
15:01:19 [INFO] src.modules.google_dorks: Google search found 1 results for pattern 'profile_pages'
15:01:19 [INFO] src.modules.google_dorks: Pattern 'profile_pages' found 1 results
15:01:20 [WARNING] src.modules.google_dorks: Google rate limited (429) for query: site:twitter.com "dhayanidhi-r-4200b5286_ciscocybersecurity-cybersecurityessentials-activity-7116709768798294016-3Ucl" OR site:linkedin.com "dhayanidhi-r-4200b5286_ciscocybersecurity-cybersecurityessentials-activity-7116709768798294016-3Ucl" OR site:github.com "dhayanidhi-r-4200b5286_ciscocybersecurity-cybersecurityessentials-activity-7116709768798294016-3Ucl" OR site:instagram.com "dhayanidhi-r-4200b5286_ciscocybersecurity-cybersecurityessentials-activity-7116709768798294016-3Ucl"
15:01:20 [WARNING] src.modules.google_dorks: Pattern 'social_platforms' failed: Rate limited by Google (429)
15:01:20 [INFO] src.modules.google_dorks: Google Dorks search discovered 2 artifacts
15:01:20 [INFO] src.orchestrator: Plugin system processed 2 plugins, discovered 2 artifacts
15:01:20 [INFO] src.orchestrator: Processing: username=dhayanidhi-r-4200b5286_introduction-to-data-science-activity-7318287706730418176-fxrd (depth=2, queue_size=86)
15:01:20 [INFO] src.modules.username_search: Found dhayanidhi-r-4200b5286_introduction-to-data-science-activity-7318287706730418176-fxrd on Instagram
15:01:20 [INFO] src.modules.username_search: Found dhayanidhi-r-4200b5286_introduction-to-data-science-activity-7318287706730418176-fxrd on Steam
15:01:20 [INFO] src.modules.username_search: Found dhayanidhi-r-4200b5286_introduction-to-data-science-activity-7318287706730418176-fxrd on Medium
15:01:21 [INFO] src.modules.username_search: Found dhayanidhi-r-4200b5286_introduction-to-data-science-activity-7318287706730418176-fxrd on Pinterest
15:01:21 [INFO] src.modules.username_search: Username search complete: dhayanidhi-r-4200b5286_introduction-to-data-science-activity-7318287706730418176-fxrd → found on 4/12 platforms
15:01:21 [INFO] src.modules.google_dorks: Limiting patterns from 9 to 3 to avoid rate limiting
15:01:21 [INFO] src.modules.google_dorks: Searching for username 'dhayanidhi-r-4200b5286_introduction-to-data-science-activity-7318287706730418176-fxrd' with 3 dork patterns
15:01:21 [INFO] src.modules.google_dorks: Pattern 'simple_search' found 10 results
15:01:21 [INFO] src.modules.google_dorks: DuckDuckGo search found 0 results for pattern 'social_platforms'
15:01:21 [WARNING] src.modules.google_dorks: Pattern 'social_platforms' failed: None
15:01:22 [INFO] src.modules.google_dorks: DuckDuckGo search found 0 results for pattern 'profile_pages'
15:01:22 [WARNING] src.modules.google_dorks: Pattern 'profile_pages' failed: None
15:01:22 [INFO] src.modules.google_dorks: Google Dorks search discovered 20 artifacts
15:01:22 [INFO] src.orchestrator: Google Dorks found 20 artifacts for username dhayanidhi-r-4200b5286_introduction-to-data-science-activity-7318287706730418176-fxrd
15:01:22 [INFO] src.modules.google_dorks: Limiting patterns from 9 to 3 to avoid rate limiting
15:01:22 [INFO] src.modules.google_dorks: Searching for username 'dhayanidhi-r-4200b5286_introduction-to-data-science-activity-7318287706730418176-fxrd' with 3 dork patterns
15:01:22 [INFO] src.modules.username_search: Found dhayanidhi-r-4200b5286_introduction-to-data-science-activity-7318287706730418176-fxrd on Instagram
15:01:22 [INFO] src.modules.username_search: Found dhayanidhi-r-4200b5286_introduction-to-data-science-activity-7318287706730418176-fxrd on Medium
15:01:22 [INFO] src.modules.username_search: Found dhayanidhi-r-4200b5286_introduction-to-data-science-activity-7318287706730418176-fxrd on Steam
15:01:22 [INFO] src.modules.username_search: Found dhayanidhi-r-4200b5286_introduction-to-data-science-activity-7318287706730418176-fxrd on Pinterest
15:01:22 [INFO] src.modules.username_search: Username search complete: dhayanidhi-r-4200b5286_introduction-to-data-science-activity-7318287706730418176-fxrd → found on 4/12 platforms
15:01:23 [WARNING] src.modules.google_dorks: Google rate limited (429) for query: site:twitter.com "dhayanidhi-r-4200b5286_introduction-to-data-science-activity-7318287706730418176-fxrd" OR site:linkedin.com "dhayanidhi-r-4200b5286_introduction-to-data-science-activity-7318287706730418176-fxrd" OR site:github.com "dhayanidhi-r-4200b5286_introduction-to-data-science-activity-7318287706730418176-fxrd" OR site:instagram.com "dhayanidhi-r-4200b5286_introduction-to-data-science-activity-7318287706730418176-fxrd"
15:01:23 [WARNING] src.modules.google_dorks: Pattern 'social_platforms' failed: Rate limited by Google (429)
15:01:24 [WARNING] src.modules.google_dorks: Google rate limited (429) for query: dhayanidhi-r-4200b5286_introduction-to-data-science-activity-7318287706730418176-fxrd
15:01:24 [WARNING] src.modules.google_dorks: Google rate limited (429) for query: intitle:"profile" "dhayanidhi-r-4200b5286_introduction-to-data-science-activity-7318287706730418176-fxrd" OR intitle:"user" "dhayanidhi-r-4200b5286_introduction-to-data-science-activity-7318287706730418176-fxrd"
15:01:24 [WARNING] src.modules.google_dorks: Pattern 'simple_search' failed: Rate limited by Google (429)
15:01:24 [WARNING] src.modules.google_dorks: Pattern 'profile_pages' failed: Rate limited by Google (429)
15:01:24 [INFO] src.modules.google_dorks: Google Dorks search discovered 0 artifacts
15:01:24 [INFO] src.orchestrator: Plugin system processed 2 plugins, discovered 0 artifacts
15:01:24 [INFO] src.orchestrator: Processing: username=dayanidhi-r-625064100 (depth=2, queue_size=85)
15:01:24 [INFO] src.modules.username_search: Found dayanidhi-r-625064100 on Instagram
15:01:25 [INFO] src.modules.username_search: Found dayanidhi-r-625064100 on Steam
15:01:25 [INFO] src.modules.username_search: Found dayanidhi-r-625064100 on Medium
15:01:26 [INFO] src.modules.username_search: Found dayanidhi-r-625064100 on Pinterest
15:01:26 [INFO] src.modules.username_search: Username search complete: dayanidhi-r-625064100 → found on 4/12 platforms
15:01:26 [INFO] src.modules.google_dorks: Limiting patterns from 9 to 3 to avoid rate limiting
15:01:26 [INFO] src.modules.google_dorks: Searching for username 'dayanidhi-r-625064100' with 3 dork patterns
15:01:26 [INFO] src.modules.google_dorks: Pattern 'simple_search' found 10 results
15:01:26 [INFO] src.modules.google_dorks: DuckDuckGo search found 0 results for pattern 'social_platforms'
15:01:26 [WARNING] src.modules.google_dorks: Pattern 'social_platforms' failed: None
15:01:27 [INFO] src.modules.google_dorks: DuckDuckGo search found 0 results for pattern 'profile_pages'
15:01:27 [WARNING] src.modules.google_dorks: Pattern 'profile_pages' failed: None
15:01:27 [INFO] src.modules.google_dorks: Google Dorks search discovered 20 artifacts
15:01:27 [INFO] src.orchestrator: Google Dorks found 20 artifacts for username dayanidhi-r-625064100
15:01:27 [INFO] src.modules.google_dorks: Limiting patterns from 9 to 3 to avoid rate limiting
15:01:27 [INFO] src.modules.google_dorks: Searching for username 'dayanidhi-r-625064100' with 3 dork patterns
15:01:27 [INFO] src.modules.username_search: Found dayanidhi-r-625064100 on Instagram
15:01:27 [INFO] src.modules.username_search: Found dayanidhi-r-625064100 on Steam
15:01:28 [INFO] src.modules.username_search: Found dayanidhi-r-625064100 on Pinterest
15:01:28 [WARNING] src.modules.google_dorks: Google rate limited (429) for query: dayanidhi-r-625064100
15:01:28 [WARNING] src.modules.google_dorks: Pattern 'simple_search' failed: Rate limited by Google (429)
15:01:29 [INFO] src.modules.username_search: Found dayanidhi-r-625064100 on Medium
15:01:29 [INFO] src.modules.username_search: Username search complete: dayanidhi-r-625064100 → found on 4/12 platforms
15:01:29 [WARNING] src.modules.google_dorks: Google rate limited (429) for query: site:twitter.com "dayanidhi-r-625064100" OR site:linkedin.com "dayanidhi-r-625064100" OR site:github.com "dayanidhi-r-625064100" OR site:instagram.com "dayanidhi-r-625064100"
15:01:29 [WARNING] src.modules.google_dorks: Pattern 'social_platforms' failed: Rate limited by Google (429)
15:01:29 [WARNING] src.modules.google_dorks: Google rate limited (429) for query: intitle:"profile" "dayanidhi-r-625064100" OR intitle:"user" "dayanidhi-r-625064100"
15:01:29 [WARNING] src.modules.google_dorks: Pattern 'profile_pages' failed: Rate limited by Google (429)
15:01:29 [INFO] src.modules.google_dorks: Google Dorks search discovered 0 artifacts
15:01:29 [INFO] src.orchestrator: Plugin system processed 2 plugins, discovered 0 artifacts
15:01:29 [INFO] src.orchestrator: Processing: username=dhayanidhi-r-4200b5286_ieee-idciot2025-revauniversity-activity-7294341898352107520-5hqB (depth=2, queue_size=84)
15:01:30 [INFO] src.modules.username_search: Found dhayanidhi-r-4200b5286_ieee-idciot2025-revauniversity-activity-7294341898352107520-5hqB on Instagram
15:01:30 [INFO] src.modules.username_search: Found dhayanidhi-r-4200b5286_ieee-idciot2025-revauniversity-activity-7294341898352107520-5hqB on Steam
15:01:30 [INFO] src.modules.username_search: Found dhayanidhi-r-4200b5286_ieee-idciot2025-revauniversity-activity-7294341898352107520-5hqB on Medium
15:01:30 [INFO] src.modules.username_search: Found dhayanidhi-r-4200b5286_ieee-idciot2025-revauniversity-activity-7294341898352107520-5hqB on Pinterest
15:01:30 [INFO] src.modules.username_search: Username search complete: dhayanidhi-r-4200b5286_ieee-idciot2025-revauniversity-activity-7294341898352107520-5hqB → found on 4/12 platforms
15:01:30 [INFO] src.modules.google_dorks: Limiting patterns from 9 to 3 to avoid rate limiting
15:01:30 [INFO] src.modules.google_dorks: Searching for username 'dhayanidhi-r-4200b5286_ieee-idciot2025-revauniversity-activity-7294341898352107520-5hqB' with 3 dork patterns
15:01:30 [INFO] src.modules.google_dorks: Pattern 'simple_search' found 10 results
15:01:30 [INFO] src.modules.google_dorks: DuckDuckGo search found 0 results for pattern 'social_platforms'
15:01:30 [WARNING] src.modules.google_dorks: Pattern 'social_platforms' failed: None
15:01:31 [INFO] src.modules.google_dorks: DuckDuckGo search found 0 results for pattern 'profile_pages'
15:01:31 [WARNING] src.modules.google_dorks: Pattern 'profile_pages' failed: None
15:01:31 [INFO] src.modules.google_dorks: Google Dorks search discovered 21 artifacts
15:01:31 [INFO] src.orchestrator: Google Dorks found 21 artifacts for username dhayanidhi-r-4200b5286_ieee-idciot2025-revauniversity-activity-7294341898352107520-5hqB
15:01:31 [INFO] src.modules.google_dorks: Limiting patterns from 9 to 3 to avoid rate limiting
15:01:31 [INFO] src.modules.google_dorks: Searching for username 'dhayanidhi-r-4200b5286_ieee-idciot2025-revauniversity-activity-7294341898352107520-5hqB' with 3 dork patterns
15:01:32 [INFO] src.modules.username_search: Found dhayanidhi-r-4200b5286_ieee-idciot2025-revauniversity-activity-7294341898352107520-5hqB on Instagram
15:01:32 [WARNING] src.modules.google_dorks: Google rate limited (429) for query: site:twitter.com "dhayanidhi-r-4200b5286_ieee-idciot2025-revauniversity-activity-7294341898352107520-5hqB" OR site:linkedin.com "dhayanidhi-r-4200b5286_ieee-idciot2025-revauniversity-activity-7294341898352107520-5hqB" OR site:github.com "dhayanidhi-r-4200b5286_ieee-idciot2025-revauniversity-activity-7294341898352107520-5hqB" OR site:instagram.com "dhayanidhi-r-4200b5286_ieee-idciot2025-revauniversity-activity-7294341898352107520-5hqB"
15:01:32 [WARNING] src.modules.google_dorks: Pattern 'social_platforms' failed: Rate limited by Google (429)
15:01:32 [INFO] src.modules.username_search: Found dhayanidhi-r-4200b5286_ieee-idciot2025-revauniversity-activity-7294341898352107520-5hqB on Steam
15:01:32 [INFO] src.modules.username_search: Found dhayanidhi-r-4200b5286_ieee-idciot2025-revauniversity-activity-7294341898352107520-5hqB on Pinterest
15:01:32 [INFO] src.modules.username_search: Found dhayanidhi-r-4200b5286_ieee-idciot2025-revauniversity-activity-7294341898352107520-5hqB on Medium
15:01:32 [INFO] src.modules.username_search: Username search complete: dhayanidhi-r-4200b5286_ieee-idciot2025-revauniversity-activity-7294341898352107520-5hqB → found on 4/12 platforms
15:01:33 [WARNING] src.modules.google_dorks: Google rate limited (429) for query: intitle:"profile" "dhayanidhi-r-4200b5286_ieee-idciot2025-revauniversity-activity-7294341898352107520-5hqB" OR intitle:"user" "dhayanidhi-r-4200b5286_ieee-idciot2025-revauniversity-activity-7294341898352107520-5hqB"
15:01:33 [WARNING] src.modules.google_dorks: Pattern 'profile_pages' failed: Rate limited by Google (429)
15:01:34 [WARNING] src.modules.google_dorks: Google rate limited (429) for query: dhayanidhi-r-4200b5286_ieee-idciot2025-revauniversity-activity-7294341898352107520-5hqB
15:01:34 [WARNING] src.modules.google_dorks: Pattern 'simple_search' failed: Rate limited by Google (429)
15:01:34 [INFO] src.modules.google_dorks: Google Dorks search discovered 0 artifacts
15:01:34 [INFO] src.orchestrator: Plugin system processed 2 plugins, discovered 0 artifacts
15:01:34 [INFO] src.orchestrator: Processing: ip=cctld.linkedin.com. (depth=2, queue_size=83)
15:01:34 [WARNING] src.orchestrator: Unknown artifact type: ip
15:01:34 [INFO] src.orchestrator: Plugin system processed 1 plugins, discovered 0 artifacts
15:01:34 [INFO] src.orchestrator: Processing: ip=cctld.es.lnkdns.net. (depth=2, queue_size=82)
15:01:34 [WARNING] src.orchestrator: Unknown artifact type: ip
15:01:34 [INFO] src.orchestrator: Plugin system processed 1 plugins, discovered 0 artifacts
15:01:34 [INFO] src.orchestrator: Processing: ip=www.linkedin.com.cdn.cloudflare.net. (depth=2, queue_size=81)
15:01:34 [WARNING] src.orchestrator: Unknown artifact type: ip
15:01:34 [INFO] src.orchestrator: Plugin system processed 1 plugins, discovered 0 artifacts
15:01:34 [INFO] src.orchestrator: Processing: ip=104.18.41.41 (depth=2, queue_size=80)
15:01:34 [WARNING] src.orchestrator: Unknown artifact type: ip
15:01:34 [INFO] src.orchestrator: Plugin system processed 1 plugins, discovered 0 artifacts
15:01:34 [INFO] src.orchestrator: Processing: ip=172.64.146.215 (depth=2, queue_size=79)
15:01:34 [WARNING] src.orchestrator: Unknown artifact type: ip
15:01:35 [INFO] src.orchestrator: Plugin system processed 1 plugins, discovered 0 artifacts
15:01:35 [INFO] src.orchestrator: Processing: mail_server=cctld.linkedin.com. (depth=2, queue_size=78)
15:01:35 [WARNING] src.orchestrator: Unknown artifact type: mail_server
15:01:35 [WARNING] src.plugins.manager: No plugins available for artifact type: mail_server
15:01:35 [INFO] src.orchestrator: Plugin system processed 0 plugins, discovered 0 artifacts
15:01:35 [INFO] src.orchestrator: Processing: mail_server=cctld.es.lnkdns.net. (depth=2, queue_size=77)
15:01:35 [WARNING] src.orchestrator: Unknown artifact type: mail_server
15:01:35 [WARNING] src.plugins.manager: No plugins available for artifact type: mail_server
15:01:35 [INFO] src.orchestrator: Plugin system processed 0 plugins, discovered 0 artifacts
15:01:35 [INFO] src.orchestrator: Processing: mail_server=cctld-d8ene4cje6dfh5g8.z01.azurefd.net. (depth=2, queue_size=76)
15:01:35 [WARNING] src.orchestrator: Unknown artifact type: mail_server
15:01:35 [WARNING] src.plugins.manager: No plugins available for artifact type: mail_server
15:01:35 [INFO] src.orchestrator: Plugin system processed 0 plugins, discovered 0 artifacts
15:01:35 [INFO] src.orchestrator: Processing: mail_server=mr-z01.tm-azurefd.net. (depth=2, queue_size=75)
15:01:35 [WARNING] src.orchestrator: Unknown artifact type: mail_server
15:01:35 [WARNING] src.plugins.manager: No plugins available for artifact type: mail_server
15:01:35 [INFO] src.orchestrator: Plugin system processed 0 plugins, discovered 0 artifacts
15:01:35 [INFO] src.orchestrator: Processing: mail_server=shed.dual-low.part-0040.t-0009.t-msedge.net. (depth=2, queue_size=74)
15:01:35 [WARNING] src.orchestrator: Unknown artifact type: mail_server
15:01:35 [WARNING] src.plugins.manager: No plugins available for artifact type: mail_server
15:01:35 [INFO] src.orchestrator: Plugin system processed 0 plugins, discovered 0 artifacts
15:01:35 [INFO] src.orchestrator: Processing: mail_server=part-0040.t-0009.t-msedge.net. (depth=2, queue_size=73)
15:01:35 [WARNING] src.orchestrator: Unknown artifact type: mail_server
15:01:35 [WARNING] src.plugins.manager: No plugins available for artifact type: mail_server
15:01:35 [INFO] src.orchestrator: Plugin system processed 0 plugins, discovered 0 artifacts
15:01:35 [INFO] src.orchestrator: Processing: nameserver=cctld.linkedin.com. (depth=2, queue_size=72)
15:01:35 [WARNING] src.orchestrator: Unknown artifact type: nameserver
15:01:35 [WARNING] src.plugins.manager: No plugins available for artifact type: nameserver
15:01:35 [INFO] src.orchestrator: Plugin system processed 0 plugins, discovered 0 artifacts
15:01:35 [INFO] src.orchestrator: Processing: nameserver=cctld.es.lnkdns.net. (depth=2, queue_size=71)
15:01:35 [WARNING] src.orchestrator: Unknown artifact type: nameserver
15:01:35 [WARNING] src.plugins.manager: No plugins available for artifact type: nameserver
15:01:35 [INFO] src.orchestrator: Plugin system processed 0 plugins, discovered 0 artifacts
15:01:35 [INFO] src.orchestrator: Processing: nameserver=cctld-d8ene4cje6dfh5g8.z01.azurefd.net. (depth=2, queue_size=70)
15:01:35 [WARNING] src.orchestrator: Unknown artifact type: nameserver
15:01:35 [WARNING] src.plugins.manager: No plugins available for artifact type: nameserver
15:01:35 [INFO] src.orchestrator: Plugin system processed 0 plugins, discovered 0 artifacts
15:01:35 [INFO] src.orchestrator: Processing: nameserver=mr-z01.tm-azurefd.net. (depth=2, queue_size=69)
15:01:35 [WARNING] src.orchestrator: Unknown artifact type: nameserver
15:01:35 [WARNING] src.plugins.manager: No plugins available for artifact type: nameserver
15:01:35 [INFO] src.orchestrator: Plugin system processed 0 plugins, discovered 0 artifacts
15:01:35 [INFO] src.orchestrator: Processing: nameserver=shed.dual-low.part-0040.t-0009.t-msedge.net. (depth=2, queue_size=68)
15:01:35 [WARNING] src.orchestrator: Unknown artifact type: nameserver
15:01:35 [WARNING] src.plugins.manager: No plugins available for artifact type: nameserver
15:01:35 [INFO] src.orchestrator: Plugin system processed 0 plugins, discovered 0 artifacts
15:01:35 [INFO] src.orchestrator: Processing: nameserver=part-0040.t-0009.t-msedge.net. (depth=2, queue_size=67)
15:01:35 [WARNING] src.orchestrator: Unknown artifact type: nameserver
15:01:35 [WARNING] src.plugins.manager: No plugins available for artifact type: nameserver
15:01:35 [INFO] src.orchestrator: Plugin system processed 0 plugins, discovered 0 artifacts
15:01:35 [INFO] src.orchestrator: Processing: platform_presence=https://www.instagram.com/dhayanidhi-r-17b862238/ (depth=2, queue_size=66)
15:01:35 [WARNING] src.orchestrator: Unknown artifact type: platform_presence
15:01:35 [WARNING] src.plugins.manager: No plugins available for artifact type: platform_presence
15:01:35 [INFO] src.orchestrator: Plugin system processed 0 plugins, discovered 0 artifacts
15:01:35 [INFO] src.orchestrator: Processing: platform_presence=https://steamcommunity.com/id/dhayanidhi-r-17b862238 (depth=2, queue_size=65)
15:01:35 [WARNING] src.orchestrator: Unknown artifact type: platform_presence
15:01:35 [WARNING] src.plugins.manager: No plugins available for artifact type: platform_presence
15:01:35 [INFO] src.orchestrator: Plugin system processed 0 plugins, discovered 0 artifacts
15:01:35 [INFO] src.orchestrator: Processing: platform_presence=https://medium.com/@dhayanidhi-r-17b862238 (depth=2, queue_size=64)
15:01:35 [WARNING] src.orchestrator: Unknown artifact type: platform_presence
15:01:35 [WARNING] src.plugins.manager: No plugins available for artifact type: platform_presence
15:01:35 [INFO] src.orchestrator: Plugin system processed 0 plugins, discovered 0 artifacts
15:01:35 [INFO] src.orchestrator: Processing: platform_presence=https://www.pinterest.com/dhayanidhi-r-17b862238/ (depth=2, queue_size=63)
15:01:35 [WARNING] src.orchestrator: Unknown artifact type: platform_presence
15:01:35 [WARNING] src.plugins.manager: No plugins available for artifact type: platform_presence
15:01:35 [INFO] src.orchestrator: Plugin system processed 0 plugins, discovered 0 artifacts
15:01:35 [INFO] src.orchestrator: Processing: username=dhayanidhi.r.37 (depth=2, queue_size=62)
15:01:35 [INFO] src.modules.username_search: Found dhayanidhi.r.37 on Mastodon (mastodon.social)
15:01:35 [INFO] src.modules.username_search: Found dhayanidhi.r.37 on Instagram
15:01:36 [INFO] src.modules.username_search: Found dhayanidhi.r.37 on Steam
15:01:36 [INFO] src.modules.username_search: Found dhayanidhi.r.37 on Medium
15:01:36 [INFO] src.modules.username_search: Found dhayanidhi.r.37 on Pinterest
15:01:36 [INFO] src.modules.username_search: Username search complete: dhayanidhi.r.37 → found on 5/12 platforms
15:01:36 [INFO] src.modules.google_dorks: Limiting patterns from 9 to 3 to avoid rate limiting
15:01:36 [INFO] src.modules.google_dorks: Searching for username 'dhayanidhi.r.37' with 3 dork patterns
15:01:36 [INFO] src.modules.google_dorks: Pattern 'simple_search' found 10 results
15:01:36 [INFO] src.modules.google_dorks: DuckDuckGo search found 0 results for pattern 'social_platforms'
15:01:36 [WARNING] src.modules.google_dorks: Pattern 'social_platforms' failed: None
15:01:37 [INFO] src.modules.google_dorks: DuckDuckGo search found 0 results for pattern 'profile_pages'
15:01:37 [WARNING] src.modules.google_dorks: Pattern 'profile_pages' failed: None
15:01:37 [INFO] src.modules.google_dorks: Google Dorks search discovered 20 artifacts
15:01:37 [INFO] src.orchestrator: Google Dorks found 20 artifacts for username dhayanidhi.r.37
15:01:37 [INFO] src.modules.google_dorks: Limiting patterns from 9 to 3 to avoid rate limiting
15:01:37 [INFO] src.modules.google_dorks: Searching for username 'dhayanidhi.r.37' with 3 dork patterns
15:01:37 [INFO] src.modules.username_search: Found dhayanidhi.r.37 on Mastodon (mastodon.social)
15:01:38 [INFO] src.modules.username_search: Found dhayanidhi.r.37 on Instagram
15:01:38 [INFO] src.modules.username_search: Found dhayanidhi.r.37 on Medium
15:01:38 [INFO] src.modules.username_search: Found dhayanidhi.r.37 on Steam
15:01:38 [INFO] src.modules.username_search: Found dhayanidhi.r.37 on Pinterest
15:01:38 [INFO] src.modules.username_search: Username search complete: dhayanidhi.r.37 → found on 5/12 platforms
15:01:39 [WARNING] src.modules.google_dorks: Google rate limited (429) for query: dhayanidhi.r.37
15:01:39 [WARNING] src.modules.google_dorks: Pattern 'simple_search' failed: Rate limited by Google (429)
15:01:39 [WARNING] src.modules.google_dorks: Google rate limited (429) for query: site:twitter.com "dhayanidhi.r.37" OR site:linkedin.com "dhayanidhi.r.37" OR site:github.com "dhayanidhi.r.37" OR site:instagram.com "dhayanidhi.r.37"
15:01:39 [WARNING] src.modules.google_dorks: Google rate limited (429) for query: intitle:"profile" "dhayanidhi.r.37" OR intitle:"user" "dhayanidhi.r.37"
15:01:39 [WARNING] src.modules.google_dorks: Pattern 'social_platforms' failed: Rate limited by Google (429)
15:01:39 [WARNING] src.modules.google_dorks: Pattern 'profile_pages' failed: Rate limited by Google (429)
15:01:39 [INFO] src.modules.google_dorks: Google Dorks search discovered 0 artifacts
15:01:39 [INFO] src.orchestrator: Plugin system processed 2 plugins, discovered 0 artifacts
15:01:39 [INFO] src.orchestrator: Processing: username=dhayanidhi.r_18 (depth=2, queue_size=61)
15:01:40 [INFO] src.modules.username_search: Found dhayanidhi.r_18 on Instagram
15:01:40 [INFO] src.modules.username_search: Found dhayanidhi.r_18 on Medium
15:01:40 [INFO] src.modules.username_search: Found dhayanidhi.r_18 on Steam
15:01:40 [INFO] src.modules.username_search: Found dhayanidhi.r_18 on Pinterest
15:01:40 [INFO] src.modules.username_search: Username search complete: dhayanidhi.r_18 → found on 4/12 platforms
15:01:40 [INFO] src.modules.google_dorks: Limiting patterns from 9 to 3 to avoid rate limiting
15:01:40 [INFO] src.modules.google_dorks: Searching for username 'dhayanidhi.r_18' with 3 dork patterns
15:01:40 [INFO] src.modules.google_dorks: Pattern 'simple_search' found 10 results
15:01:40 [INFO] src.modules.google_dorks: DuckDuckGo search found 0 results for pattern 'social_platforms'
15:01:40 [WARNING] src.modules.google_dorks: Pattern 'social_platforms' failed: None
15:01:41 [INFO] src.modules.google_dorks: DuckDuckGo search found 0 results for pattern 'profile_pages'
15:01:41 [WARNING] src.modules.google_dorks: Pattern 'profile_pages' failed: None
15:01:41 [INFO] src.modules.google_dorks: Google Dorks search discovered 20 artifacts
15:01:41 [INFO] src.orchestrator: Google Dorks found 20 artifacts for username dhayanidhi.r_18
15:01:41 [INFO] src.modules.google_dorks: Limiting patterns from 9 to 3 to avoid rate limiting
15:01:41 [INFO] src.modules.google_dorks: Searching for username 'dhayanidhi.r_18' with 3 dork patterns
15:01:42 [INFO] src.modules.username_search: Found dhayanidhi.r_18 on Instagram
15:01:42 [INFO] src.modules.username_search: Found dhayanidhi.r_18 on Pinterest
15:01:42 [INFO] src.modules.username_search: Found dhayanidhi.r_18 on Steam
15:01:42 [WARNING] src.modules.google_dorks: Google rate limited (429) for query: site:twitter.com "dhayanidhi.r_18" OR site:linkedin.com "dhayanidhi.r_18" OR site:github.com "dhayanidhi.r_18" OR site:instagram.com "dhayanidhi.r_18"
15:01:42 [WARNING] src.modules.google_dorks: Pattern 'social_platforms' failed: Rate limited by Google (429)
15:01:42 [INFO] src.modules.username_search: Found dhayanidhi.r_18 on Medium
15:01:42 [INFO] src.modules.username_search: Username search complete: dhayanidhi.r_18 → found on 4/12 platforms
15:01:43 [WARNING] src.modules.google_dorks: Google rate limited (429) for query: intitle:"profile" "dhayanidhi.r_18" OR intitle:"user" "dhayanidhi.r_18"
15:01:43 [WARNING] src.modules.google_dorks: Pattern 'profile_pages' failed: Rate limited by Google (429)
15:01:43 [WARNING] src.modules.google_dorks: Google rate limited (429) for query: dhayanidhi.r_18
15:01:43 [WARNING] src.modules.google_dorks: Pattern 'simple_search' failed: Rate limited by Google (429)
15:01:43 [INFO] src.modules.google_dorks: Google Dorks search discovered 0 artifacts
15:01:43 [INFO] src.orchestrator: Plugin system processed 2 plugins, discovered 0 artifacts
15:01:43 [INFO] src.orchestrator: Processing: username=11315047192 (depth=2, queue_size=60)
15:01:44 [INFO] src.modules.username_search: Found 11315047192 on Instagram
15:01:44 [INFO] src.modules.username_search: Found 11315047192 on Pinterest
15:01:44 [INFO] src.modules.username_search: Found 11315047192 on Steam
15:01:45 [INFO] src.modules.username_search: Found 11315047192 on Medium
15:01:45 [INFO] src.modules.username_search: Username search complete: 11315047192 → found on 4/12 platforms
15:01:45 [INFO] src.modules.google_dorks: Limiting patterns from 9 to 3 to avoid rate limiting
15:01:45 [INFO] src.modules.google_dorks: Searching for username '11315047192' with 3 dork patterns
15:01:45 [INFO] src.modules.google_dorks: Pattern 'simple_search' found 10 results
15:01:45 [INFO] src.modules.google_dorks: DuckDuckGo search found 0 results for pattern 'social_platforms'
15:01:45 [WARNING] src.modules.google_dorks: Pattern 'social_platforms' failed: None
15:01:46 [INFO] src.modules.google_dorks: DuckDuckGo search found 0 results for pattern 'profile_pages'
15:01:46 [WARNING] src.modules.google_dorks: Pattern 'profile_pages' failed: None
15:01:46 [INFO] src.modules.google_dorks: Google Dorks search discovered 20 artifacts
15:01:46 [INFO] src.orchestrator: Google Dorks found 20 artifacts for username 11315047192
15:01:46 [INFO] src.modules.google_dorks: Limiting patterns from 9 to 3 to avoid rate limiting
15:01:46 [INFO] src.modules.google_dorks: Searching for username '11315047192' with 3 dork patterns
15:01:46 [INFO] src.modules.username_search: Found 11315047192 on Instagram
15:01:46 [INFO] src.modules.username_search: Found 11315047192 on Medium
15:01:46 [INFO] src.modules.username_search: Found 11315047192 on Steam
15:01:47 [INFO] src.modules.username_search: Found 11315047192 on Pinterest
15:01:47 [INFO] src.modules.username_search: Username search complete: 11315047192 → found on 4/12 platforms
15:01:47 [WARNING] src.modules.google_dorks: Google rate limited (429) for query: site:twitter.com "11315047192" OR site:linkedin.com "11315047192" OR site:github.com "11315047192" OR site:instagram.com "11315047192"
15:01:47 [WARNING] src.modules.google_dorks: Pattern 'social_platforms' failed: Rate limited by Google (429)
15:01:48 [WARNING] src.modules.google_dorks: Google rate limited (429) for query: 11315047192
15:01:48 [WARNING] src.modules.google_dorks: Pattern 'simple_search' failed: Rate limited by Google (429)
15:01:48 [WARNING] src.modules.google_dorks: Google rate limited (429) for query: intitle:"profile" "11315047192" OR intitle:"user" "11315047192"
15:01:48 [WARNING] src.modules.google_dorks: Pattern 'profile_pages' failed: Rate limited by Google (429)
15:01:48 [INFO] src.modules.google_dorks: Google Dorks search discovered 0 artifacts
15:01:48 [INFO] src.orchestrator: Plugin system processed 2 plugins, discovered 0 artifacts
15:01:48 [INFO] src.orchestrator: Processing: domain=zoominfo.com (depth=2, queue_size=59)
15:01:48 [WARNING] src.orchestrator: Unknown artifact type: domain
15:01:48 [ERROR] src.orchestrator: External tools processing failed for zoominfo.com: 'WhoisIntegration' object has no attribute 'search_username'
15:01:49 [INFO] src.orchestrator: Plugin system processed 2 plugins, discovered 6 artifacts
15:01:49 [INFO] src.orchestrator: Processing: platform_presence=https://www.instagram.com/dhayanidhi-r-830a8221a/ (depth=2, queue_size=58)
15:01:49 [WARNING] src.orchestrator: Unknown artifact type: platform_presence
15:01:49 [WARNING] src.plugins.manager: No plugins available for artifact type: platform_presence
15:01:49 [INFO] src.orchestrator: Plugin system processed 0 plugins, discovered 0 artifacts
15:01:49 [INFO] src.orchestrator: Processing: platform_presence=https://steamcommunity.com/id/dhayanidhi-r-830a8221a (depth=2, queue_size=57)
15:01:49 [WARNING] src.orchestrator: Unknown artifact type: platform_presence
15:01:50 [WARNING] src.plugins.manager: No plugins available for artifact type: platform_presence
15:01:50 [INFO] src.orchestrator: Plugin system processed 0 plugins, discovered 0 artifacts
15:01:50 [INFO] src.orchestrator: Processing: platform_presence=https://medium.com/@dhayanidhi-r-830a8221a (depth=2, queue_size=56)
15:01:50 [WARNING] src.orchestrator: Unknown artifact type: platform_presence
15:01:50 [WARNING] src.plugins.manager: No plugins available for artifact type: platform_presence
15:01:50 [INFO] src.orchestrator: Plugin system processed 0 plugins, discovered 0 artifacts
15:01:50 [INFO] src.orchestrator: Processing: platform_presence=https://www.pinterest.com/dhayanidhi-r-830a8221a/ (depth=2, queue_size=55)
15:01:50 [WARNING] src.orchestrator: Unknown artifact type: platform_presence
15:01:50 [WARNING] src.plugins.manager: No plugins available for artifact type: platform_presence
15:01:50 [INFO] src.orchestrator: Plugin system processed 0 plugins, discovered 0 artifacts
15:01:50 [INFO] src.orchestrator: Processing: username=dayanidhi-r-512903b4 (depth=2, queue_size=54)
15:01:50 [INFO] src.modules.username_search: Found dayanidhi-r-512903b4 on Instagram
15:01:50 [INFO] src.modules.username_search: Found dayanidhi-r-512903b4 on Steam
15:01:50 [INFO] src.modules.username_search: Found dayanidhi-r-512903b4 on Pinterest
15:01:50 [INFO] src.modules.username_search: Found dayanidhi-r-512903b4 on Medium
15:01:50 [INFO] src.modules.username_search: Username search complete: dayanidhi-r-512903b4 → found on 4/12 platforms
15:01:50 [INFO] src.modules.google_dorks: Limiting patterns from 9 to 3 to avoid rate limiting
15:01:50 [INFO] src.modules.google_dorks: Searching for username 'dayanidhi-r-512903b4' with 3 dork patterns
15:01:50 [INFO] src.modules.google_dorks: Pattern 'simple_search' found 10 results
15:01:51 [INFO] src.modules.google_dorks: DuckDuckGo search found 0 results for pattern 'social_platforms'
15:01:51 [WARNING] src.modules.google_dorks: Pattern 'social_platforms' failed: None
15:01:52 [INFO] src.modules.google_dorks: DuckDuckGo search found 0 results for pattern 'profile_pages'
15:01:52 [WARNING] src.modules.google_dorks: Pattern 'profile_pages' failed: None
15:01:52 [INFO] src.modules.google_dorks: Google Dorks search discovered 21 artifacts
15:01:52 [INFO] src.orchestrator: Google Dorks found 21 artifacts for username dayanidhi-r-512903b4
15:01:52 [INFO] src.modules.google_dorks: Limiting patterns from 9 to 3 to avoid rate limiting
15:01:52 [INFO] src.modules.google_dorks: Searching for username 'dayanidhi-r-512903b4' with 3 dork patterns
15:01:52 [INFO] src.modules.username_search: Found dayanidhi-r-512903b4 on Instagram
15:01:52 [INFO] src.modules.username_search: Found dayanidhi-r-512903b4 on Pinterest
15:01:52 [INFO] src.modules.username_search: Found dayanidhi-r-512903b4 on Steam
15:01:52 [INFO] src.modules.username_search: Found dayanidhi-r-512903b4 on Medium
15:01:52 [INFO] src.modules.username_search: Username search complete: dayanidhi-r-512903b4 → found on 4/12 platforms
15:01:53 [WARNING] src.modules.google_dorks: Google rate limited (429) for query: dayanidhi-r-512903b4
15:01:53 [WARNING] src.modules.google_dorks: Pattern 'simple_search' failed: Rate limited by Google (429)
15:01:53 [WARNING] src.modules.google_dorks: Google rate limited (429) for query: intitle:"profile" "dayanidhi-r-512903b4" OR intitle:"user" "dayanidhi-r-512903b4"
15:01:53 [WARNING] src.modules.google_dorks: Pattern 'profile_pages' failed: Rate limited by Google (429)
15:01:53 [WARNING] src.modules.google_dorks: Google rate limited (429) for query: site:twitter.com "dayanidhi-r-512903b4" OR site:linkedin.com "dayanidhi-r-512903b4" OR site:github.com "dayanidhi-r-512903b4" OR site:instagram.com "dayanidhi-r-512903b4"
15:01:53 [WARNING] src.modules.google_dorks: Pattern 'social_platforms' failed: Rate limited by Google (429)
15:01:53 [INFO] src.modules.google_dorks: Google Dorks search discovered 0 artifacts
15:01:53 [INFO] src.orchestrator: Plugin system processed 2 plugins, discovered 0 artifacts
15:01:53 [INFO] src.orchestrator: Processing: username=myaadhaar.uidai.gov.in (depth=2, queue_size=53)
15:01:54 [INFO] src.modules.username_search: Found myaadhaar.uidai.gov.in on Instagram
15:01:54 [INFO] src.modules.username_search: Found myaadhaar.uidai.gov.in on Mastodon (mastodon.social)
15:01:54 [INFO] src.modules.username_search: Found myaadhaar.uidai.gov.in on Steam
15:01:54 [INFO] src.modules.username_search: Found myaadhaar.uidai.gov.in on Medium
15:01:55 [INFO] src.modules.username_search: Found myaadhaar.uidai.gov.in on Pinterest
15:01:55 [INFO] src.modules.username_search: Username search complete: myaadhaar.uidai.gov.in → found on 5/12 platforms
15:01:55 [INFO] src.modules.google_dorks: Limiting patterns from 9 to 3 to avoid rate limiting
15:01:55 [INFO] src.modules.google_dorks: Searching for username 'myaadhaar.uidai.gov.in' with 3 dork patterns
15:01:55 [INFO] src.modules.google_dorks: Pattern 'simple_search' found 10 results
15:01:55 [INFO] src.modules.google_dorks: Pattern 'profile_pages' found 1 results
15:01:55 [INFO] src.modules.google_dorks: DuckDuckGo search found 0 results for pattern 'social_platforms'
15:01:55 [WARNING] src.modules.google_dorks: Pattern 'social_platforms' failed: None
15:01:55 [WARNING] src.modules.google_dorks: Limiting Google Dorks results from 11 to 10 to prevent exponential growth
15:01:55 [INFO] src.modules.google_dorks: Google Dorks search discovered 22 artifacts
15:01:55 [INFO] src.orchestrator: Google Dorks found 22 artifacts for username myaadhaar.uidai.gov.in
15:01:55 [INFO] src.modules.google_dorks: Limiting patterns from 9 to 3 to avoid rate limiting
15:01:55 [INFO] src.modules.google_dorks: Searching for username 'myaadhaar.uidai.gov.in' with 3 dork patterns
15:01:55 [INFO] src.modules.username_search: Found myaadhaar.uidai.gov.in on Mastodon (mastodon.social)
15:01:55 [INFO] src.modules.username_search: Found myaadhaar.uidai.gov.in on Steam
15:01:55 [INFO] src.modules.username_search: Found myaadhaar.uidai.gov.in on Instagram
15:01:55 [INFO] src.modules.username_search: Found myaadhaar.uidai.gov.in on Medium
15:01:56 [WARNING] src.modules.google_dorks: Google rate limited (429) for query: myaadhaar.uidai.gov.in
15:01:56 [WARNING] src.modules.google_dorks: Pattern 'simple_search' failed: Rate limited by Google (429)
15:01:56 [INFO] src.modules.username_search: Found myaadhaar.uidai.gov.in on Pinterest
15:01:56 [INFO] src.modules.username_search: Username search complete: myaadhaar.uidai.gov.in → found on 5/12 platforms
15:01:56 [WARNING] src.modules.google_dorks: Google rate limited (429) for query: intitle:"profile" "myaadhaar.uidai.gov.in" OR intitle:"user" "myaadhaar.uidai.gov.in"
15:01:56 [WARNING] src.modules.google_dorks: Pattern 'profile_pages' failed: Rate limited by Google (429)
15:01:56 [WARNING] src.modules.google_dorks: Google rate limited (429) for query: site:twitter.com "myaadhaar.uidai.gov.in" OR site:linkedin.com "myaadhaar.uidai.gov.in" OR site:github.com "myaadhaar.uidai.gov.in" OR site:instagram.com "myaadhaar.uidai.gov.in"
15:01:56 [WARNING] src.modules.google_dorks: Pattern 'social_platforms' failed: Rate limited by Google (429)
15:01:56 [INFO] src.modules.google_dorks: Google Dorks search discovered 0 artifacts
15:01:56 [INFO] src.orchestrator: Plugin system processed 2 plugins, discovered 0 artifacts
15:01:56 [INFO] src.orchestrator: Processing: domain=myaadhaar.uidai.gov.in (depth=2, queue_size=52)
15:01:56 [WARNING] src.orchestrator: Unknown artifact type: domain
15:01:56 [ERROR] src.orchestrator: External tools processing failed for myaadhaar.uidai.gov.in: 'WhoisIntegration' object has no attribute 'search_username'
15:01:57 [INFO] src.orchestrator: Plugin system processed 2 plugins, discovered 4 artifacts
15:01:57 [INFO] src.orchestrator: Processing: username=14127625 (depth=2, queue_size=51)
15:01:57 [INFO] src.modules.username_search: Found 14127625 on Instagram
15:01:57 [INFO] src.modules.username_search: Found 14127625 on Steam
15:01:57 [INFO] src.modules.username_search: Found 14127625 on Medium
15:01:58 [INFO] src.modules.username_search: Found 14127625 on Pinterest
15:01:58 [INFO] src.modules.username_search: Username search complete: 14127625 → found on 4/12 platforms
15:01:58 [INFO] src.modules.google_dorks: Limiting patterns from 9 to 3 to avoid rate limiting
15:01:58 [INFO] src.modules.google_dorks: Searching for username '14127625' with 3 dork patterns
15:01:58 [INFO] src.modules.google_dorks: Pattern 'simple_search' found 10 results
15:01:58 [INFO] src.modules.google_dorks: DuckDuckGo search found 0 results for pattern 'social_platforms'
15:01:58 [WARNING] src.modules.google_dorks: Pattern 'social_platforms' failed: None
15:01:59 [INFO] src.modules.google_dorks: DuckDuckGo search found 0 results for pattern 'profile_pages'
15:01:59 [WARNING] src.modules.google_dorks: Pattern 'profile_pages' failed: None
15:01:59 [INFO] src.modules.google_dorks: Google Dorks search discovered 20 artifacts
15:01:59 [INFO] src.orchestrator: Google Dorks found 20 artifacts for username 14127625
15:01:59 [INFO] src.modules.google_dorks: Limiting patterns from 9 to 3 to avoid rate limiting
15:01:59 [INFO] src.modules.google_dorks: Searching for username '14127625' with 3 dork patterns
15:01:59 [INFO] src.modules.username_search: Found 14127625 on Instagram
15:01:59 [WARNING] src.modules.google_dorks: Google rate limited (429) for query: site:twitter.com "14127625" OR site:linkedin.com "14127625" OR site:github.com "14127625" OR site:instagram.com "14127625"
15:01:59 [WARNING] src.modules.google_dorks: Pattern 'social_platforms' failed: Rate limited by Google (429)
15:01:59 [INFO] src.modules.username_search: Found 14127625 on Medium
15:01:59 [INFO] src.modules.username_search: Found 14127625 on Steam
15:01:59 [INFO] src.modules.username_search: Found 14127625 on Pinterest
15:02:00 [INFO] src.modules.username_search: Username search complete: 14127625 → found on 4/12 platforms
15:02:00 [WARNING] src.modules.google_dorks: Google rate limited (429) for query: intitle:"profile" "14127625" OR intitle:"user" "14127625"
15:02:00 [WARNING] src.modules.google_dorks: Pattern 'profile_pages' failed: Rate limited by Google (429)
15:02:00 [WARNING] src.modules.google_dorks: Google rate limited (429) for query: 14127625
15:02:00 [WARNING] src.modules.google_dorks: Pattern 'simple_search' failed: Rate limited by Google (429)
15:02:00 [INFO] src.modules.google_dorks: Google Dorks search discovered 0 artifacts
15:02:00 [INFO] src.orchestrator: Plugin system processed 2 plugins, discovered 0 artifacts
15:02:00 [INFO] src.orchestrator: Processing: domain=urbanpro.com (depth=2, queue_size=50)
15:02:00 [WARNING] src.orchestrator: Unknown artifact type: domain
15:02:00 [ERROR] src.orchestrator: External tools processing failed for urbanpro.com: 'WhoisIntegration' object has no attribute 'search_username'
15:02:01 [INFO] src.orchestrator: Plugin system processed 2 plugins, discovered 10 artifacts
15:02:01 [INFO] src.orchestrator: Processing: username=dhayanidhi.r.39 (depth=2, queue_size=49)
15:02:02 [INFO] src.modules.username_search: Found dhayanidhi.r.39 on Mastodon (mastodon.social)
15:02:02 [INFO] src.modules.username_search: Found dhayanidhi.r.39 on Instagram
15:02:02 [INFO] src.modules.username_search: Found dhayanidhi.r.39 on Steam
15:02:02 [INFO] src.modules.username_search: Found dhayanidhi.r.39 on Pinterest
15:02:02 [INFO] src.modules.username_search: Found dhayanidhi.r.39 on Medium
15:02:02 [INFO] src.modules.username_search: Username search complete: dhayanidhi.r.39 → found on 5/12 platforms
15:02:02 [INFO] src.modules.google_dorks: Limiting patterns from 9 to 3 to avoid rate limiting
15:02:02 [INFO] src.modules.google_dorks: Searching for username 'dhayanidhi.r.39' with 3 dork patterns
15:02:02 [INFO] src.modules.google_dorks: Pattern 'simple_search' found 10 results
15:02:03 [INFO] src.modules.google_dorks: DuckDuckGo search found 0 results for pattern 'social_platforms'
15:02:03 [WARNING] src.modules.google_dorks: Pattern 'social_platforms' failed: None
15:02:04 [INFO] src.modules.google_dorks: DuckDuckGo search found 0 results for pattern 'profile_pages'
15:02:04 [WARNING] src.modules.google_dorks: Pattern 'profile_pages' failed: None
15:02:04 [INFO] src.modules.google_dorks: Google Dorks search discovered 20 artifacts
15:02:04 [INFO] src.orchestrator: Google Dorks found 20 artifacts for username dhayanidhi.r.39
15:02:04 [INFO] src.modules.google_dorks: Limiting patterns from 9 to 3 to avoid rate limiting
15:02:04 [INFO] src.modules.google_dorks: Searching for username 'dhayanidhi.r.39' with 3 dork patterns
15:02:04 [INFO] src.modules.username_search: Found dhayanidhi.r.39 on Mastodon (mastodon.social)
15:02:04 [INFO] src.modules.username_search: Found dhayanidhi.r.39 on Instagram
15:02:04 [INFO] src.modules.username_search: Found dhayanidhi.r.39 on Steam
15:02:04 [INFO] src.modules.username_search: Found dhayanidhi.r.39 on Medium
15:02:04 [INFO] src.modules.username_search: Found dhayanidhi.r.39 on Pinterest
15:02:04 [INFO] src.modules.username_search: Username search complete: dhayanidhi.r.39 → found on 5/12 platforms
15:02:04 [WARNING] src.modules.google_dorks: Google rate limited (429) for query: dhayanidhi.r.39
15:02:04 [WARNING] src.modules.google_dorks: Pattern 'simple_search' failed: Rate limited by Google (429)
15:02:06 [WARNING] src.modules.google_dorks: Google rate limited (429) for query: intitle:"profile" "dhayanidhi.r.39" OR intitle:"user" "dhayanidhi.r.39"
15:02:06 [WARNING] src.modules.google_dorks: Pattern 'profile_pages' failed: Rate limited by Google (429)
15:02:06 [WARNING] src.modules.google_dorks: Google rate limited (429) for query: site:twitter.com "dhayanidhi.r.39" OR site:linkedin.com "dhayanidhi.r.39" OR site:github.com "dhayanidhi.r.39" OR site:instagram.com "dhayanidhi.r.39"
15:02:06 [WARNING] src.modules.google_dorks: Pattern 'social_platforms' failed: Rate limited by Google (429)
15:02:06 [INFO] src.modules.google_dorks: Google Dorks search discovered 0 artifacts
15:02:06 [INFO] src.orchestrator: Plugin system processed 2 plugins, discovered 0 artifacts
15:02:06 [INFO] src.orchestrator: Processing: username=dayanidhi-r-9653391b5 (depth=2, queue_size=48)
15:02:06 [INFO] src.modules.username_search: Found dayanidhi-r-9653391b5 on Instagram
15:02:06 [INFO] src.modules.username_search: Found dayanidhi-r-9653391b5 on Steam
15:02:06 [INFO] src.modules.username_search: Found dayanidhi-r-9653391b5 on Medium
15:02:06 [INFO] src.modules.username_search: Found dayanidhi-r-9653391b5 on Pinterest
15:02:06 [INFO] src.modules.username_search: Username search complete: dayanidhi-r-9653391b5 → found on 4/12 platforms
15:02:06 [INFO] src.modules.google_dorks: Limiting patterns from 9 to 3 to avoid rate limiting
15:02:06 [INFO] src.modules.google_dorks: Searching for username 'dayanidhi-r-9653391b5' with 3 dork patterns
15:02:06 [INFO] src.modules.google_dorks: Pattern 'simple_search' found 10 results
15:02:07 [INFO] src.modules.google_dorks: DuckDuckGo search found 0 results for pattern 'social_platforms'
15:02:07 [WARNING] src.modules.google_dorks: Pattern 'social_platforms' failed: None
15:02:08 [INFO] src.modules.google_dorks: DuckDuckGo search found 0 results for pattern 'profile_pages'
15:02:08 [WARNING] src.modules.google_dorks: Pattern 'profile_pages' failed: None
15:02:08 [INFO] src.modules.google_dorks: Google Dorks search discovered 21 artifacts
15:02:08 [INFO] src.orchestrator: Google Dorks found 21 artifacts for username dayanidhi-r-9653391b5
15:02:08 [INFO] src.modules.google_dorks: Limiting patterns from 9 to 3 to avoid rate limiting
15:02:08 [INFO] src.modules.google_dorks: Searching for username 'dayanidhi-r-9653391b5' with 3 dork patterns
15:02:08 [INFO] src.modules.username_search: Found dayanidhi-r-9653391b5 on Instagram
15:02:08 [INFO] src.modules.username_search: Found dayanidhi-r-9653391b5 on Medium
15:02:08 [INFO] src.modules.username_search: Found dayanidhi-r-9653391b5 on Pinterest
15:02:08 [INFO] src.modules.username_search: Found dayanidhi-r-9653391b5 on Steam
15:02:08 [INFO] src.modules.username_search: Username search complete: dayanidhi-r-9653391b5 → found on 4/12 platforms
15:02:09 [WARNING] src.modules.google_dorks: Google rate limited (429) for query: dayanidhi-r-9653391b5
15:02:09 [WARNING] src.modules.google_dorks: Pattern 'simple_search' failed: Rate limited by Google (429)
15:02:09 [WARNING] src.modules.google_dorks: Google rate limited (429) for query: intitle:"profile" "dayanidhi-r-9653391b5" OR intitle:"user" "dayanidhi-r-9653391b5"
15:02:09 [WARNING] src.modules.google_dorks: Pattern 'profile_pages' failed: Rate limited by Google (429)
15:02:10 [WARNING] src.modules.google_dorks: Google rate limited (429) for query: site:twitter.com "dayanidhi-r-9653391b5" OR site:linkedin.com "dayanidhi-r-9653391b5" OR site:github.com "dayanidhi-r-9653391b5" OR site:instagram.com "dayanidhi-r-9653391b5"
15:02:10 [WARNING] src.modules.google_dorks: Pattern 'social_platforms' failed: Rate limited by Google (429)
15:02:10 [INFO] src.modules.google_dorks: Google Dorks search discovered 0 artifacts
15:02:10 [INFO] src.orchestrator: Plugin system processed 2 plugins, discovered 0 artifacts
15:02:10 [INFO] src.orchestrator: Processing: platform_presence=https://www.instagram.com/dhayanidhi-r-2a7b473b4/ (depth=2, queue_size=47)
15:02:10 [WARNING] src.orchestrator: Unknown artifact type: platform_presence
15:02:10 [WARNING] src.plugins.manager: No plugins available for artifact type: platform_presence
15:02:10 [INFO] src.orchestrator: Plugin system processed 0 plugins, discovered 0 artifacts
15:02:10 [INFO] src.orchestrator: Processing: platform_presence=https://www.pinterest.com/dhayanidhi-r-2a7b473b4/ (depth=2, queue_size=46)
15:02:10 [WARNING] src.orchestrator: Unknown artifact type: platform_presence
15:02:10 [WARNING] src.plugins.manager: No plugins available for artifact type: platform_presence
15:02:10 [INFO] src.orchestrator: Plugin system processed 0 plugins, discovered 0 artifacts
15:02:10 [INFO] src.orchestrator: Processing: platform_presence=https://steamcommunity.com/id/dhayanidhi-r-2a7b473b4 (depth=2, queue_size=45)
15:02:10 [WARNING] src.orchestrator: Unknown artifact type: platform_presence
15:02:10 [WARNING] src.plugins.manager: No plugins available for artifact type: platform_presence
15:02:10 [INFO] src.orchestrator: Plugin system processed 0 plugins, discovered 0 artifacts
15:02:10 [INFO] src.orchestrator: Processing: platform_presence=https://medium.com/@dhayanidhi-r-2a7b473b4 (depth=2, queue_size=44)
15:02:10 [WARNING] src.orchestrator: Unknown artifact type: platform_presence
15:02:10 [WARNING] src.plugins.manager: No plugins available for artifact type: platform_presence
15:02:10 [INFO] src.orchestrator: Plugin system processed 0 plugins, discovered 0 artifacts
15:02:10 [INFO] src.orchestrator: Processing: username=dhayanidhi.r.2025 (depth=2, queue_size=43)
15:02:10 [INFO] src.modules.username_search: Found dhayanidhi.r.2025 on Mastodon (mastodon.social)
15:02:10 [INFO] src.modules.username_search: Found dhayanidhi.r.2025 on Instagram
15:02:10 [INFO] src.modules.username_search: Found dhayanidhi.r.2025 on Steam
15:02:11 [INFO] src.modules.username_search: Found dhayanidhi.r.2025 on Pinterest
15:02:11 [INFO] src.modules.username_search: Found dhayanidhi.r.2025 on Medium
15:02:11 [INFO] src.modules.username_search: Username search complete: dhayanidhi.r.2025 → found on 5/12 platforms
15:02:11 [INFO] src.modules.google_dorks: Limiting patterns from 9 to 3 to avoid rate limiting
15:02:11 [INFO] src.modules.google_dorks: Searching for username 'dhayanidhi.r.2025' with 3 dork patterns
15:02:11 [INFO] src.modules.google_dorks: Pattern 'simple_search' found 10 results
15:02:11 [INFO] src.modules.google_dorks: DuckDuckGo search found 0 results for pattern 'social_platforms'
15:02:11 [WARNING] src.modules.google_dorks: Pattern 'social_platforms' failed: None
15:02:12 [INFO] src.modules.google_dorks: DuckDuckGo search found 0 results for pattern 'profile_pages'
15:02:12 [WARNING] src.modules.google_dorks: Pattern 'profile_pages' failed: None
15:02:12 [INFO] src.modules.google_dorks: Google Dorks search discovered 20 artifacts
15:02:12 [INFO] src.orchestrator: Google Dorks found 20 artifacts for username dhayanidhi.r.2025
15:02:12 [INFO] src.modules.google_dorks: Limiting patterns from 9 to 3 to avoid rate limiting
15:02:12 [INFO] src.modules.google_dorks: Searching for username 'dhayanidhi.r.2025' with 3 dork patterns
15:02:12 [INFO] src.modules.username_search: Found dhayanidhi.r.2025 on Mastodon (mastodon.social)
15:02:12 [INFO] src.modules.username_search: Found dhayanidhi.r.2025 on Steam
15:02:12 [INFO] src.modules.username_search: Found dhayanidhi.r.2025 on Instagram
15:02:13 [INFO] src.modules.username_search: Found dhayanidhi.r.2025 on Pinterest
15:02:13 [INFO] src.modules.username_search: Found dhayanidhi.r.2025 on Medium
15:02:13 [INFO] src.modules.username_search: Username search complete: dhayanidhi.r.2025 → found on 5/12 platforms
15:02:13 [WARNING] src.modules.google_dorks: Google rate limited (429) for query: dhayanidhi.r.2025
15:02:13 [WARNING] src.modules.google_dorks: Pattern 'simple_search' failed: Rate limited by Google (429)
15:02:14 [WARNING] src.modules.google_dorks: Google rate limited (429) for query: intitle:"profile" "dhayanidhi.r.2025" OR intitle:"user" "dhayanidhi.r.2025"
15:02:14 [WARNING] src.modules.google_dorks: Pattern 'profile_pages' failed: Rate limited by Google (429)
15:02:14 [WARNING] src.modules.google_dorks: Google rate limited (429) for query: site:twitter.com "dhayanidhi.r.2025" OR site:linkedin.com "dhayanidhi.r.2025" OR site:github.com "dhayanidhi.r.2025" OR site:instagram.com "dhayanidhi.r.2025"
15:02:14 [WARNING] src.modules.google_dorks: Pattern 'social_platforms' failed: Rate limited by Google (429)
15:02:14 [INFO] src.modules.google_dorks: Google Dorks search discovered 0 artifacts
15:02:14 [INFO] src.orchestrator: Plugin system processed 2 plugins, discovered 0 artifacts
15:02:14 [INFO] src.orchestrator: Processing: username=dhaya_1237 (depth=2, queue_size=42)
15:02:15 [INFO] src.modules.username_search: Found dhaya_1237 on Instagram
15:02:15 [INFO] src.modules.username_search: Found dhaya_1237 on Steam
15:02:15 [INFO] src.modules.username_search: Found dhaya_1237 on Medium
15:02:15 [INFO] src.modules.username_search: Found dhaya_1237 on Pinterest
15:02:15 [INFO] src.modules.username_search: Username search complete: dhaya_1237 → found on 4/12 platforms
15:02:15 [INFO] src.modules.google_dorks: Limiting patterns from 9 to 3 to avoid rate limiting
15:02:15 [INFO] src.modules.google_dorks: Searching for username 'dhaya_1237' with 3 dork patterns
15:02:15 [INFO] src.modules.google_dorks: DuckDuckGo search found 0 results for pattern 'simple_search'
15:02:15 [WARNING] src.modules.google_dorks: Pattern 'simple_search' failed: None
15:02:16 [INFO] src.modules.google_dorks: DuckDuckGo search found 0 results for pattern 'social_platforms'
15:02:16 [WARNING] src.modules.google_dorks: Pattern 'social_platforms' failed: None
15:02:16 [INFO] src.modules.google_dorks: DuckDuckGo search found 0 results for pattern 'profile_pages'
15:02:16 [WARNING] src.modules.google_dorks: Pattern 'profile_pages' failed: None
15:02:16 [INFO] src.modules.google_dorks: Google Dorks search discovered 0 artifacts
15:02:16 [INFO] src.modules.google_dorks: Limiting patterns from 9 to 3 to avoid rate limiting
15:02:16 [INFO] src.modules.google_dorks: Searching for username 'dhaya_1237' with 3 dork patterns
15:02:16 [INFO] src.modules.username_search: Found dhaya_1237 on Instagram
15:02:17 [INFO] src.modules.username_search: Found dhaya_1237 on Steam
15:02:17 [INFO] src.modules.username_search: Found dhaya_1237 on Pinterest
15:02:17 [INFO] src.modules.username_search: Found dhaya_1237 on Medium
15:02:17 [INFO] src.modules.username_search: Username search complete: dhaya_1237 → found on 4/12 platforms
15:02:17 [WARNING] src.modules.google_dorks: Google rate limited (429) for query: dhaya_1237
15:02:17 [WARNING] src.modules.google_dorks: Pattern 'simple_search' failed: Rate limited by Google (429)
15:02:17 [WARNING] src.modules.google_dorks: Google rate limited (429) for query: site:twitter.com "dhaya_1237" OR site:linkedin.com "dhaya_1237" OR site:github.com "dhaya_1237" OR site:instagram.com "dhaya_1237"
15:02:17 [WARNING] src.modules.google_dorks: Pattern 'social_platforms' failed: Rate limited by Google (429)
15:02:18 [WARNING] src.modules.google_dorks: Google rate limited (429) for query: intitle:"profile" "dhaya_1237" OR intitle:"user" "dhaya_1237"
15:02:18 [WARNING] src.modules.google_dorks: Pattern 'profile_pages' failed: Rate limited by Google (429)
15:02:18 [INFO] src.modules.google_dorks: Google Dorks search discovered 0 artifacts
15:02:18 [INFO] src.orchestrator: Plugin system processed 2 plugins, discovered 0 artifacts
15:02:18 [INFO] src.orchestrator: Processing: username=dhaya.dhayanidhi (depth=2, queue_size=41)
15:02:18 [INFO] src.modules.username_search: Found dhaya.dhayanidhi on Instagram
15:02:18 [INFO] src.modules.username_search: Found dhaya.dhayanidhi on Medium
15:02:18 [INFO] src.modules.username_search: Found dhaya.dhayanidhi on Steam
15:02:19 [INFO] src.modules.username_search: Found dhaya.dhayanidhi on Pinterest
15:02:28 [WARNING] urllib3.connectionpool: Retrying (Retry(total=1, connect=None, read=None, redirect=None, status=None)) after connection broken by 'ReadTimeoutError("HTTPSConnectionPool(host='mastodon.social', port=443): Read timed out. (read timeout=10)")': /@dhaya.dhayanidhi
15:02:40 [WARNING] urllib3.connectionpool: Retrying (Retry(total=0, connect=None, read=None, redirect=None, status=None)) after connection broken by 'ReadTimeoutError("HTTPSConnectionPool(host='mastodon.social', port=443): Read timed out. (read timeout=10)")': /@dhaya.dhayanidhi
15:02:50 [ERROR] src.modules.username_search: Exception checking Mastodon (mastodon.social): name 'requests' is not defined
15:02:50 [INFO] src.modules.username_search: Username search complete: dhaya.dhayanidhi → found on 4/12 platforms
15:02:50 [INFO] src.modules.google_dorks: Limiting patterns from 9 to 3 to avoid rate limiting
15:02:50 [INFO] src.modules.google_dorks: Searching for username 'dhaya.dhayanidhi' with 3 dork patterns
15:02:50 [INFO] src.modules.google_dorks: DuckDuckGo search found 0 results for pattern 'simple_search'
15:02:50 [WARNING] src.modules.google_dorks: Pattern 'simple_search' failed: None
15:02:51 [INFO] src.modules.google_dorks: DuckDuckGo search found 0 results for pattern 'social_platforms'
15:02:51 [WARNING] src.modules.google_dorks: Pattern 'social_platforms' failed: None
15:02:51 [INFO] src.modules.google_dorks: DuckDuckGo search found 0 results for pattern 'profile_pages'
15:02:51 [WARNING] src.modules.google_dorks: Pattern 'profile_pages' failed: None
15:02:51 [INFO] src.modules.google_dorks: Google Dorks search discovered 0 artifacts
15:02:51 [INFO] src.modules.google_dorks: Limiting patterns from 9 to 3 to avoid rate limiting
15:02:51 [INFO] src.modules.google_dorks: Searching for username 'dhaya.dhayanidhi' with 3 dork patterns
15:02:52 [INFO] src.modules.username_search: Found dhaya.dhayanidhi on Instagram
15:02:52 [INFO] src.modules.username_search: Found dhaya.dhayanidhi on Pinterest
15:02:52 [INFO] src.modules.username_search: Found dhaya.dhayanidhi on Steam
15:02:52 [INFO] src.modules.username_search: Found dhaya.dhayanidhi on Medium
15:02:53 [WARNING] src.modules.google_dorks: Google rate limited (429) for query: dhaya.dhayanidhi
15:02:53 [WARNING] src.modules.google_dorks: Pattern 'simple_search' failed: Rate limited by Google (429)
15:02:53 [WARNING] src.modules.google_dorks: Google rate limited (429) for query: site:twitter.com "dhaya.dhayanidhi" OR site:linkedin.com "dhaya.dhayanidhi" OR site:github.com "dhaya.dhayanidhi" OR site:instagram.com "dhaya.dhayanidhi"
15:02:53 [WARNING] src.modules.google_dorks: Pattern 'social_platforms' failed: Rate limited by Google (429)
15:02:54 [WARNING] src.modules.google_dorks: Google rate limited (429) for query: intitle:"profile" "dhaya.dhayanidhi" OR intitle:"user" "dhaya.dhayanidhi"
15:02:54 [WARNING] src.modules.google_dorks: Pattern 'profile_pages' failed: Rate limited by Google (429)
15:02:54 [INFO] src.modules.google_dorks: Google Dorks search discovered 0 artifacts
15:03:01 [WARNING] urllib3.connectionpool: Retrying (Retry(total=1, connect=None, read=None, redirect=None, status=None)) after connection broken by 'ReadTimeoutError("HTTPSConnectionPool(host='mastodon.social', port=443): Read timed out. (read timeout=10)")': /@dhaya.dhayanidhi
15:03:13 [WARNING] urllib3.connectionpool: Retrying (Retry(total=0, connect=None, read=None, redirect=None, status=None)) after connection broken by 'ReadTimeoutError("HTTPSConnectionPool(host='mastodon.social', port=443): Read timed out. (read timeout=10)")': /@dhaya.dhayanidhi
15:03:23 [ERROR] src.modules.username_search: Exception checking Mastodon (mastodon.social): name 'requests' is not defined
15:03:23 [INFO] src.modules.username_search: Username search complete: dhaya.dhayanidhi → found on 4/12 platforms
