16:00:55 [INFO] root: Logging to file: logs/dhaya_20260801_160055.log
16:00:55 [INFO] src.orchestrator: Starting investigation with 1 seed artifact(s)
16:00:55 [INFO] src.orchestrator: Available external tools: 0
16:00:55 [INFO] src.orchestrator: Missing external tools: 35
16:00:55 [INFO] src.plugins.registry: Registered plugin: SherlockPlugin
16:00:55 [INFO] src.plugins.registry: Registered plugin: WhoisPlugin
16:00:55 [INFO] src.plugins.registry: Registered plugin: UsernameSearchPlugin
16:00:55 [INFO] src.plugins.registry: Registered plugin: TheHarvesterPlugin
16:00:55 [INFO] src.plugins.registry: Registered plugin: DigPlugin
16:00:55 [INFO] src.plugins.registry: Registered plugin: EmailBreachPlugin
16:00:55 [INFO] src.plugins.registry: Registered plugin: ImageMatchPlugin
16:00:55 [INFO] src.plugins.registry: Registered plugin: GoogleDorksPlugin
16:00:55 [INFO] src.plugins.registry: Registered plugin: ShodanPlugin
16:00:55 [INFO] src.plugins.registry: Registered plugin: PhoneValidationPlugin
16:00:55 [INFO] src.orchestrator: Available plugins: 7
16:00:55 [INFO] src.orchestrator: Created investigation: INV-457e1194
16:00:55 [INFO] src.orchestrator: Starting BFS processing with 1 artifacts in queue
16:00:55 [INFO] src.orchestrator: Processing: username=dhayanidhi.r@gmail.com (depth=0, queue_size=0)
16:00:56 [ERROR] src.modules.username_search: Exception checking Reddit: 'expected_status'
16:00:56 [ERROR] src.modules.username_search: Exception checking GitLab: 'expected_status'
16:00:56 [INFO] src.modules.username_search: Found dhayanidhi.r@gmail.com on Instagram
16:00:56 [INFO] src.modules.username_search: Found dhayanidhi.r@gmail.com on Pinterest
16:00:56 [INFO] src.modules.username_search: Found dhayanidhi.r@gmail.com on Steam
16:00:56 [INFO] src.modules.username_search: Found dhayanidhi.r@gmail.com on Mastodon
16:00:56 [INFO] src.modules.username_search: Found dhayanidhi.r@gmail.com on Medium
16:01:05 [WARNING] urllib3.connectionpool: Retrying (Retry(total=1, connect=None, read=None, redirect=None, status=None)) after connection broken by 'ConnectTimeoutError(<HTTPSConnection(host='news.ycombinator.com', port=443) at 0x112788eb0>, 'Connection to news.ycombinator.com timed out. (connect timeout=10)')': /user?id=dhayanidhi.r@gmail.com
16:01:17 [WARNING] urllib3.connectionpool: Retrying (Retry(total=0, connect=None, read=None, redirect=None, status=None)) after connection broken by 'ConnectTimeoutError(<HTTPSConnection(host='news.ycombinator.com', port=443) at 0x112747b80>, 'Connection to news.ycombinator.com timed out. (connect timeout=10)')': /user?id=dhayanidhi.r@gmail.com
16:01:27 [INFO] src.modules.username_search: Username search complete: dhayanidhi.r@gmail.com → found on 5/12 platforms
16:01:27 [INFO] src.modules.google_dorks: Limiting patterns from 8 to 3 to avoid rate limiting
16:01:27 [INFO] src.modules.google_dorks: Searching for username 'dhayanidhi.r@gmail.com' with 3 dork patterns
16:01:27 [INFO] src.modules.google_dorks: Pattern 'simple_search' found 10 results
16:01:27 [INFO] src.modules.google_dorks: DuckDuckGo search found 0 results for pattern 'profile_pages'
16:01:27 [INFO] src.modules.google_dorks: DuckDuckGo search found 0 results for pattern 'social_platforms'
16:01:27 [WARNING] src.modules.google_dorks: Pattern 'profile_pages' failed: None
16:01:27 [WARNING] src.modules.google_dorks: Pattern 'social_platforms' failed: None
16:01:27 [INFO] src.modules.google_dorks: Google Dorks search discovered 20 artifacts
16:01:27 [INFO] src.orchestrator: Google Dorks found 20 artifacts for username dhayanidhi.r@gmail.com
16:01:27 [INFO] src.modules.google_dorks: Limiting patterns from 8 to 3 to avoid rate limiting
16:01:27 [INFO] src.modules.google_dorks: Searching for username 'dhayanidhi.r@gmail.com' with 3 dork patterns
16:01:27 [INFO] src.modules.google_dorks: Pattern 'simple_search' found 1 results
16:01:27 [INFO] src.modules.google_dorks: Pattern 'social_platforms' found 0 results
16:01:27 [INFO] src.modules.google_dorks: Pattern 'profile_pages' found 0 results
16:01:27 [INFO] src.modules.google_dorks: Google Dorks search discovered 2 artifacts
16:01:28 [INFO] src.modules.username_search: Found dhayanidhi.r@gmail.com on Mastodon
16:01:28 [ERROR] src.modules.username_search: Exception checking Reddit: 'expected_status'
16:01:28 [ERROR] src.modules.username_search: Exception checking GitLab: 'expected_status'
16:01:28 [INFO] src.modules.username_search: Found dhayanidhi.r@gmail.com on Steam
16:01:28 [INFO] src.modules.username_search: Found dhayanidhi.r@gmail.com on Medium
16:01:28 [INFO] src.modules.username_search: Found dhayanidhi.r@gmail.com on Pinterest
16:01:28 [INFO] src.modules.username_search: Found dhayanidhi.r@gmail.com on Instagram
16:01:37 [WARNING] urllib3.connectionpool: Retrying (Retry(total=1, connect=None, read=None, redirect=None, status=None)) after connection broken by 'ConnectTimeoutError(<HTTPSConnection(host='news.ycombinator.com', port=443) at 0x1128b4fd0>, 'Connection to news.ycombinator.com timed out. (connect timeout=10)')': /user?id=dhayanidhi.r@gmail.com
16:01:49 [WARNING] urllib3.connectionpool: Retrying (Retry(total=0, connect=None, read=None, redirect=None, status=None)) after connection broken by 'ConnectTimeoutError(<HTTPSConnection(host='news.ycombinator.com', port=443) at 0x11278b460>, 'Connection to news.ycombinator.com timed out. (connect timeout=10)')': /user?id=dhayanidhi.r@gmail.com
16:01:59 [INFO] src.modules.username_search: Username search complete: dhayanidhi.r@gmail.com → found on 5/12 platforms
16:01:59 [INFO] src.orchestrator: Plugin system processed 2 plugins, discovered 2 artifacts
16:01:59 [INFO] src.orchestrator: Processing: platform_presence=https://www.instagram.com/dhayanidhi.r@gmail.com/ (depth=1, queue_size=19)
16:01:59 [WARNING] src.orchestrator: Unknown artifact type: platform_presence
16:02:00 [WARNING] src.plugins.manager: No plugins available for artifact type: platform_presence
16:02:00 [INFO] src.orchestrator: Plugin system processed 0 plugins, discovered 0 artifacts
16:02:00 [INFO] src.orchestrator: Processing: platform_presence=https://www.pinterest.com/dhayanidhi.r@gmail.com/ (depth=1, queue_size=18)
16:02:00 [WARNING] src.orchestrator: Unknown artifact type: platform_presence
16:02:00 [WARNING] src.plugins.manager: No plugins available for artifact type: platform_presence
16:02:00 [INFO] src.orchestrator: Plugin system processed 0 plugins, discovered 0 artifacts
16:02:00 [INFO] src.orchestrator: Processing: platform_presence=https://steamcommunity.com/id/dhayanidhi.r@gmail.com (depth=1, queue_size=17)
16:02:00 [WARNING] src.orchestrator: Unknown artifact type: platform_presence
16:02:00 [WARNING] src.plugins.manager: No plugins available for artifact type: platform_presence
16:02:00 [INFO] src.orchestrator: Plugin system processed 0 plugins, discovered 0 artifacts
16:02:00 [INFO] src.orchestrator: Processing: platform_presence=https://mastodon.social/@dhayanidhi.r@gmail.com (depth=1, queue_size=16)
16:02:00 [WARNING] src.orchestrator: Unknown artifact type: platform_presence
16:02:00 [WARNING] src.plugins.manager: No plugins available for artifact type: platform_presence
16:02:00 [INFO] src.orchestrator: Plugin system processed 0 plugins, discovered 0 artifacts
16:02:00 [INFO] src.orchestrator: Processing: platform_presence=https://medium.com/@dhayanidhi.r@gmail.com (depth=1, queue_size=15)
16:02:00 [WARNING] src.orchestrator: Unknown artifact type: platform_presence
16:02:00 [WARNING] src.plugins.manager: No plugins available for artifact type: platform_presence
16:02:00 [INFO] src.orchestrator: Plugin system processed 0 plugins, discovered 0 artifacts
16:02:00 [INFO] src.orchestrator: Processing: username=login?service=mail (depth=1, queue_size=14)
16:02:00 [ERROR] src.modules.username_search: Exception checking Reddit: 'expected_status'
16:02:00 [ERROR] src.modules.username_search: Exception checking GitLab: 'expected_status'
16:02:00 [INFO] src.modules.username_search: Found login?service=mail on Keybase
16:02:00 [INFO] src.modules.username_search: Found login?service=mail on Mastodon
16:02:00 [INFO] src.modules.username_search: Found login?service=mail on Instagram
16:02:00 [INFO] src.modules.username_search: Found login?service=mail on LinkedIn
16:02:01 [INFO] src.modules.username_search: Found login?service=mail on Medium
16:02:10 [WARNING] urllib3.connectionpool: Retrying (Retry(total=1, connect=None, read=None, redirect=None, status=None)) after connection broken by 'ConnectTimeoutError(<HTTPSConnection(host='news.ycombinator.com', port=443) at 0x1128ec520>, 'Connection to news.ycombinator.com timed out. (connect timeout=10)')': /user?id=login?service=mail
16:02:22 [WARNING] urllib3.connectionpool: Retrying (Retry(total=0, connect=None, read=None, redirect=None, status=None)) after connection broken by 'ConnectTimeoutError(<HTTPSConnection(host='news.ycombinator.com', port=443) at 0x11278b640>, 'Connection to news.ycombinator.com timed out. (connect timeout=10)')': /user?id=login?service=mail
16:02:32 [INFO] src.modules.username_search: Username search complete: login?service=mail → found on 5/12 platforms
16:02:32 [INFO] src.modules.google_dorks: Limiting patterns from 8 to 3 to avoid rate limiting
16:02:32 [INFO] src.modules.google_dorks: Searching for username 'login?service=mail' with 3 dork patterns
16:02:32 [INFO] src.modules.google_dorks: Pattern 'simple_search' found 10 results
16:02:32 [INFO] src.modules.google_dorks: DuckDuckGo search found 0 results for pattern 'profile_pages'
16:02:32 [INFO] src.modules.google_dorks: DuckDuckGo search found 0 results for pattern 'social_platforms'
16:02:32 [WARNING] src.modules.google_dorks: Pattern 'profile_pages' failed: None
16:02:32 [WARNING] src.modules.google_dorks: Pattern 'social_platforms' failed: None
16:02:32 [INFO] src.modules.google_dorks: Google Dorks search discovered 20 artifacts
16:02:32 [INFO] src.orchestrator: Google Dorks found 20 artifacts for username login?service=mail
16:02:32 [INFO] src.modules.google_dorks: Limiting patterns from 8 to 3 to avoid rate limiting
16:02:32 [INFO] src.modules.google_dorks: Searching for username 'login?service=mail' with 3 dork patterns
16:02:32 [INFO] src.modules.google_dorks: Pattern 'simple_search' found 1 results
16:02:32 [INFO] src.modules.google_dorks: Pattern 'social_platforms' found 1 results
16:02:32 [INFO] src.modules.google_dorks: Pattern 'profile_pages' found 1 results
16:02:32 [INFO] src.modules.google_dorks: Google Dorks search discovered 6 artifacts
16:02:32 [ERROR] src.modules.username_search: Exception checking Reddit: 'expected_status'
16:02:32 [INFO] src.modules.username_search: Found login?service=mail on Mastodon
16:02:32 [INFO] src.modules.username_search: Found login?service=mail on Keybase
16:02:32 [ERROR] src.modules.username_search: Exception checking GitLab: 'expected_status'
16:02:32 [INFO] src.modules.username_search: Found login?service=mail on Medium
16:02:33 [INFO] src.modules.username_search: Found login?service=mail on Instagram
16:02:42 [WARNING] urllib3.connectionpool: Retrying (Retry(total=1, connect=None, read=None, redirect=None, status=None)) after connection broken by 'ConnectTimeoutError(<HTTPSConnection(host='news.ycombinator.com', port=443) at 0x1128b6cb0>, 'Connection to news.ycombinator.com timed out. (connect timeout=10)')': /user?id=login?service=mail
16:02:54 [WARNING] urllib3.connectionpool: Retrying (Retry(total=0, connect=None, read=None, redirect=None, status=None)) after connection broken by 'ConnectTimeoutError(<HTTPSConnection(host='news.ycombinator.com', port=443) at 0x1123adde0>, 'Connection to news.ycombinator.com timed out. (connect timeout=10)')': /user?id=login?service=mail
16:03:04 [INFO] src.modules.username_search: Username search complete: login?service=mail → found on 4/12 platforms
16:03:04 [INFO] src.orchestrator: Plugin system processed 2 plugins, discovered 6 artifacts
16:03:04 [INFO] src.orchestrator: Processing: domain=accounts.google.com (depth=1, queue_size=35)
16:03:04 [WARNING] src.orchestrator: Unknown artifact type: domain
16:03:04 [ERROR] src.orchestrator: External tools processing failed for accounts.google.com: 'WhoisIntegration' object has no attribute 'search_username'
16:03:04 [INFO] src.orchestrator: Plugin system processed 2 plugins, discovered 6 artifacts
16:03:04 [INFO] src.orchestrator: Processing: username=Login (depth=1, queue_size=40)
16:03:04 [INFO] src.modules.username_search: Found Login on Keybase
16:03:05 [ERROR] src.modules.username_search: Exception checking GitLab: 'expected_status'
16:03:05 [ERROR] src.modules.username_search: Exception checking Reddit: 'expected_status'
16:03:05 [INFO] src.modules.username_search: Found Login on Instagram
16:03:05 [INFO] src.modules.username_search: Found Login on Mastodon
16:03:05 [INFO] src.modules.username_search: Found Login on Medium
16:03:06 [INFO] src.modules.username_search: Found Login on Pinterest
16:03:14 [WARNING] urllib3.connectionpool: Retrying (Retry(total=1, connect=None, read=None, redirect=None, status=None)) after connection broken by 'ConnectTimeoutError(<HTTPSConnection(host='news.ycombinator.com', port=443) at 0x112745d20>, 'Connection to news.ycombinator.com timed out. (connect timeout=10)')': /user?id=Login
16:03:26 [WARNING] urllib3.connectionpool: Retrying (Retry(total=0, connect=None, read=None, redirect=None, status=None)) after connection broken by 'ConnectTimeoutError(<HTTPSConnection(host='news.ycombinator.com', port=443) at 0x11288ca00>, 'Connection to news.ycombinator.com timed out. (connect timeout=10)')': /user?id=Login
16:03:36 [INFO] src.modules.username_search: Username search complete: Login → found on 5/12 platforms
16:03:36 [INFO] src.modules.google_dorks: Limiting patterns from 8 to 3 to avoid rate limiting
16:03:36 [INFO] src.modules.google_dorks: Searching for username 'Login' with 3 dork patterns
16:03:36 [INFO] src.modules.google_dorks: Pattern 'simple_search' found 10 results
16:03:36 [INFO] src.modules.google_dorks: Pattern 'profile_pages' found 5 results
16:03:36 [INFO] src.modules.google_dorks: DuckDuckGo search found 0 results for pattern 'social_platforms'
16:03:36 [WARNING] src.modules.google_dorks: Pattern 'social_platforms' failed: None
16:03:36 [WARNING] src.modules.google_dorks: Limiting Google Dorks results from 15 to 10 to prevent exponential growth
16:03:36 [INFO] src.modules.google_dorks: Google Dorks search discovered 30 artifacts
16:03:36 [INFO] src.orchestrator: Google Dorks found 30 artifacts for username Login
16:03:37 [INFO] src.modules.google_dorks: Limiting patterns from 8 to 3 to avoid rate limiting
16:03:37 [INFO] src.modules.google_dorks: Searching for username 'Login' with 3 dork patterns
16:03:37 [INFO] src.modules.google_dorks: Pattern 'simple_search' found 1 results
16:03:37 [INFO] src.modules.google_dorks: Pattern 'social_platforms' found 1 results
16:03:37 [INFO] src.modules.google_dorks: Pattern 'profile_pages' found 1 results
16:03:37 [INFO] src.modules.google_dorks: Google Dorks search discovered 6 artifacts
16:03:37 [INFO] src.modules.username_search: Found Login on Mastodon
16:03:37 [INFO] src.modules.username_search: Found Login on Keybase
16:03:37 [ERROR] src.modules.username_search: Exception checking Reddit: 'expected_status'
16:03:37 [ERROR] src.modules.username_search: Exception checking GitLab: 'expected_status'
16:03:37 [INFO] src.modules.username_search: Found Login on Instagram
16:03:37 [INFO] src.modules.username_search: Found Login on Medium
16:03:37 [INFO] src.modules.username_search: Found Login on Pinterest
16:03:47 [WARNING] urllib3.connectionpool: Retrying (Retry(total=1, connect=None, read=None, redirect=None, status=None)) after connection broken by 'ConnectTimeoutError(<HTTPSConnection(host='news.ycombinator.com', port=443) at 0x1128edcf0>, 'Connection to news.ycombinator.com timed out. (connect timeout=10)')': /user?id=Login
16:03:59 [WARNING] urllib3.connectionpool: Retrying (Retry(total=0, connect=None, read=None, redirect=None, status=None)) after connection broken by 'ConnectTimeoutError(<HTTPSConnection(host='news.ycombinator.com', port=443) at 0x1128b4880>, 'Connection to news.ycombinator.com timed out. (connect timeout=10)')': /user?id=Login
16:04:09 [INFO] src.modules.username_search: Username search complete: Login → found on 5/12 platforms
16:04:09 [INFO] src.orchestrator: Plugin system processed 2 plugins, discovered 6 artifacts
16:04:09 [INFO] src.orchestrator: Processing: username=dhayanidhir.r.9 (depth=1, queue_size=60)
16:04:09 [ERROR] src.modules.username_search: Exception checking GitLab: 'expected_status'
16:04:09 [ERROR] src.modules.username_search: Exception checking Reddit: 'expected_status'
16:04:09 [INFO] src.modules.username_search: Found dhayanidhir.r.9 on Instagram
16:04:09 [INFO] src.modules.username_search: Found dhayanidhir.r.9 on Medium
16:04:09 [INFO] src.modules.username_search: Found dhayanidhir.r.9 on Mastodon
16:04:09 [INFO] src.modules.username_search: Found dhayanidhir.r.9 on Steam
16:04:09 [INFO] src.modules.username_search: Found dhayanidhir.r.9 on Pinterest
16:04:19 [WARNING] urllib3.connectionpool: Retrying (Retry(total=1, connect=None, read=None, redirect=None, status=None)) after connection broken by 'ConnectTimeoutError(<HTTPSConnection(host='news.ycombinator.com', port=443) at 0x112745d80>, 'Connection to news.ycombinator.com timed out. (connect timeout=10)')': /user?id=dhayanidhir.r.9
16:04:31 [WARNING] urllib3.connectionpool: Retrying (Retry(total=0, connect=None, read=None, redirect=None, status=None)) after connection broken by 'ConnectTimeoutError(<HTTPSConnection(host='news.ycombinator.com', port=443) at 0x1128ee2c0>, 'Connection to news.ycombinator.com timed out. (connect timeout=10)')': /user?id=dhayanidhir.r.9
16:04:41 [INFO] src.modules.username_search: Username search complete: dhayanidhir.r.9 → found on 5/12 platforms
16:04:41 [INFO] src.modules.google_dorks: Limiting patterns from 8 to 3 to avoid rate limiting
16:04:41 [INFO] src.modules.google_dorks: Searching for username 'dhayanidhir.r.9' with 3 dork patterns
16:04:41 [INFO] src.modules.google_dorks: Pattern 'simple_search' found 10 results
16:04:41 [INFO] src.modules.google_dorks: DuckDuckGo search found 0 results for pattern 'profile_pages'
16:04:41 [INFO] src.modules.google_dorks: DuckDuckGo search found 0 results for pattern 'social_platforms'
16:04:41 [WARNING] src.modules.google_dorks: Pattern 'profile_pages' failed: None
16:04:41 [WARNING] src.modules.google_dorks: Pattern 'social_platforms' failed: None
16:04:41 [INFO] src.modules.google_dorks: Google Dorks search discovered 20 artifacts
16:04:41 [INFO] src.orchestrator: Google Dorks found 20 artifacts for username dhayanidhir.r.9
16:04:41 [INFO] src.modules.google_dorks: Limiting patterns from 8 to 3 to avoid rate limiting
16:04:41 [INFO] src.modules.google_dorks: Searching for username 'dhayanidhir.r.9' with 3 dork patterns
16:04:41 [INFO] src.modules.google_dorks: Pattern 'simple_search' found 1 results
16:04:41 [INFO] src.modules.google_dorks: Pattern 'profile_pages' found 1 results
16:04:41 [INFO] src.modules.google_dorks: Pattern 'social_platforms' found 1 results
16:04:41 [INFO] src.modules.google_dorks: Google Dorks search discovered 6 artifacts
16:04:41 [INFO] src.modules.username_search: Found dhayanidhir.r.9 on Mastodon
16:04:41 [ERROR] src.modules.username_search: Exception checking GitLab: 'expected_status'
16:04:41 [ERROR] src.modules.username_search: Exception checking Reddit: 'expected_status'
16:04:41 [INFO] src.modules.username_search: Found dhayanidhir.r.9 on Instagram
16:04:41 [INFO] src.modules.username_search: Found dhayanidhir.r.9 on Steam
16:04:42 [INFO] src.modules.username_search: Found dhayanidhir.r.9 on Pinterest
16:04:42 [INFO] src.modules.username_search: Found dhayanidhir.r.9 on Medium
16:04:51 [WARNING] urllib3.connectionpool: Retrying (Retry(total=1, connect=None, read=None, redirect=None, status=None)) after connection broken by 'ConnectTimeoutError(<HTTPSConnection(host='news.ycombinator.com', port=443) at 0x1123ac160>, 'Connection to news.ycombinator.com timed out. (connect timeout=10)')': /user?id=dhayanidhir.r.9
16:20:03 [WARNING] urllib3.connectionpool: Retrying (Retry(total=0, connect=None, read=None, redirect=None, status=None)) after connection broken by 'ConnectTimeoutError(<HTTPSConnection(host='news.ycombinator.com', port=443) at 0x1123ac190>, 'Connection to news.ycombinator.com timed out. (connect timeout=10)')': /user?id=dhayanidhir.r.9
16:20:13 [INFO] src.modules.username_search: Username search complete: dhayanidhir.r.9 → found on 5/12 platforms
16:20:13 [INFO] src.orchestrator: Plugin system processed 2 plugins, discovered 6 artifacts
16:20:13 [INFO] src.orchestrator: Processing: domain=facebook.com (depth=1, queue_size=77)
16:20:13 [WARNING] src.orchestrator: Unknown artifact type: domain
16:20:13 [ERROR] src.orchestrator: External tools processing failed for facebook.com: 'WhoisIntegration' object has no attribute 'search_username'
16:20:13 [INFO] src.orchestrator: Plugin system processed 2 plugins, discovered 6 artifacts
16:20:13 [INFO] src.orchestrator: Processing: username=r.dhayanidhi.5 (depth=1, queue_size=82)
16:20:13 [WARNING] urllib3.connectionpool: Retrying (Retry(total=1, connect=None, read=None, redirect=None, status=None)) after connection broken by 'RemoteDisconnected('Remote end closed connection without response')': /r.dhayanidhi.5/
16:20:13 [WARNING] urllib3.connectionpool: Retrying (Retry(total=1, connect=None, read=None, redirect=None, status=None)) after connection broken by 'RemoteDisconnected('Remote end closed connection without response')': /r.dhayanidhi.5
16:20:13 [WARNING] urllib3.connectionpool: Retrying (Retry(total=1, connect=None, read=None, redirect=None, status=None)) after connection broken by 'RemoteDisconnected('Remote end closed connection without response')': /in/r.dhayanidhi.5/
16:20:13 [WARNING] urllib3.connectionpool: Retrying (Retry(total=1, connect=None, read=None, redirect=None, status=None)) after connection broken by 'RemoteDisconnected('Remote end closed connection without response')': /@r.dhayanidhi.5
16:20:13 [WARNING] urllib3.connectionpool: Retrying (Retry(total=1, connect=None, read=None, redirect=None, status=None)) after connection broken by 'RemoteDisconnected('Remote end closed connection without response')': /api/v4/users?username=r.dhayanidhi.5
16:20:13 [WARNING] urllib3.connectionpool: Retrying (Retry(total=1, connect=None, read=None, redirect=None, status=None)) after connection broken by 'RemoteDisconnected('Remote end closed connection without response')': /users/r.dhayanidhi.5
16:20:13 [WARNING] urllib3.connectionpool: Retrying (Retry(total=1, connect=None, read=None, redirect=None, status=None)) after connection broken by 'RemoteDisconnected('Remote end closed connection without response')': /r.dhayanidhi.5/
16:20:13 [WARNING] urllib3.connectionpool: Retrying (Retry(total=1, connect=None, read=None, redirect=None, status=None)) after connection broken by 'RemoteDisconnected('Remote end closed connection without response')': /r.dhayanidhi.5
16:20:13 [ERROR] src.modules.username_search: Exception checking Reddit: 'expected_status'
16:20:13 [WARNING] urllib3.connectionpool: Retrying (Retry(total=1, connect=None, read=None, redirect=None, status=None)) after connection broken by 'RemoteDisconnected('Remote end closed connection without response')': /id/r.dhayanidhi.5
16:20:13 [WARNING] urllib3.connectionpool: Retrying (Retry(total=1, connect=None, read=None, redirect=None, status=None)) after connection broken by 'RemoteDisconnected('Remote end closed connection without response')': /@r.dhayanidhi.5
16:20:14 [ERROR] src.modules.username_search: Exception checking GitLab: 'expected_status'
16:20:14 [INFO] src.modules.username_search: Found r.dhayanidhi.5 on Instagram
16:20:14 [INFO] src.modules.username_search: Found r.dhayanidhi.5 on Steam
16:20:14 [INFO] src.modules.username_search: Found r.dhayanidhi.5 on Mastodon
16:20:14 [INFO] src.modules.username_search: Found r.dhayanidhi.5 on Medium
16:20:14 [INFO] src.modules.username_search: Found r.dhayanidhi.5 on Pinterest
16:20:23 [WARNING] urllib3.connectionpool: Retrying (Retry(total=1, connect=None, read=None, redirect=None, status=None)) after connection broken by 'ConnectTimeoutError(<HTTPSConnection(host='news.ycombinator.com', port=443) at 0x1128b4ac0>, 'Connection to news.ycombinator.com timed out. (connect timeout=10)')': /user?id=r.dhayanidhi.5
16:20:35 [WARNING] urllib3.connectionpool: Retrying (Retry(total=0, connect=None, read=None, redirect=None, status=None)) after connection broken by 'ConnectTimeoutError(<HTTPSConnection(host='news.ycombinator.com', port=443) at 0x1128b4100>, 'Connection to news.ycombinator.com timed out. (connect timeout=10)')': /user?id=r.dhayanidhi.5
16:20:45 [INFO] src.modules.username_search: Username search complete: r.dhayanidhi.5 → found on 5/12 platforms
16:20:45 [INFO] src.modules.google_dorks: Limiting patterns from 8 to 3 to avoid rate limiting
16:20:45 [INFO] src.modules.google_dorks: Searching for username 'r.dhayanidhi.5' with 3 dork patterns
16:20:45 [INFO] src.modules.google_dorks: Pattern 'simple_search' found 10 results
16:20:45 [INFO] src.modules.google_dorks: DuckDuckGo search found 0 results for pattern 'profile_pages'
16:20:45 [INFO] src.modules.google_dorks: DuckDuckGo search found 0 results for pattern 'social_platforms'
16:20:45 [WARNING] src.modules.google_dorks: Pattern 'profile_pages' failed: None
16:20:45 [WARNING] src.modules.google_dorks: Pattern 'social_platforms' failed: None
16:20:45 [INFO] src.modules.google_dorks: Google Dorks search discovered 20 artifacts
16:20:45 [INFO] src.orchestrator: Google Dorks found 20 artifacts for username r.dhayanidhi.5
16:20:45 [INFO] src.modules.google_dorks: Limiting patterns from 8 to 3 to avoid rate limiting
16:20:45 [INFO] src.modules.google_dorks: Searching for username 'r.dhayanidhi.5' with 3 dork patterns
16:20:45 [INFO] src.modules.google_dorks: Pattern 'social_platforms' found 1 results
16:20:45 [INFO] src.modules.google_dorks: Pattern 'simple_search' found 1 results
16:20:45 [INFO] src.modules.google_dorks: Pattern 'profile_pages' found 1 results
16:20:45 [INFO] src.modules.google_dorks: Google Dorks search discovered 6 artifacts
16:20:46 [INFO] src.modules.username_search: Found r.dhayanidhi.5 on Mastodon
16:20:46 [ERROR] src.modules.username_search: Exception checking Reddit: 'expected_status'
16:20:46 [ERROR] src.modules.username_search: Exception checking GitLab: 'expected_status'
16:20:46 [INFO] src.modules.username_search: Found r.dhayanidhi.5 on Steam
16:20:46 [INFO] src.modules.username_search: Found r.dhayanidhi.5 on Instagram
16:20:46 [INFO] src.modules.username_search: Found r.dhayanidhi.5 on Medium
16:20:46 [INFO] src.modules.username_search: Found r.dhayanidhi.5 on Pinterest
16:20:55 [WARNING] urllib3.connectionpool: Retrying (Retry(total=1, connect=None, read=None, redirect=None, status=None)) after connection broken by 'ConnectTimeoutError(<HTTPSConnection(host='news.ycombinator.com', port=443) at 0x1128b4580>, 'Connection to news.ycombinator.com timed out. (connect timeout=10)')': /user?id=r.dhayanidhi.5
16:21:07 [WARNING] urllib3.connectionpool: Retrying (Retry(total=0, connect=None, read=None, redirect=None, status=None)) after connection broken by 'ConnectTimeoutError(<HTTPSConnection(host='news.ycombinator.com', port=443) at 0x11288ce50>, 'Connection to news.ycombinator.com timed out. (connect timeout=10)')': /user?id=r.dhayanidhi.5
16:36:12 [INFO] src.modules.username_search: Username search complete: r.dhayanidhi.5 → found on 5/12 platforms
16:36:12 [INFO] src.orchestrator: Plugin system processed 2 plugins, discovered 6 artifacts
16:36:12 [INFO] src.orchestrator: Processing: username=dhayanidhi-r-4200b5286 (depth=1, queue_size=95)
16:36:12 [WARNING] urllib3.connectionpool: Retrying (Retry(total=1, connect=None, read=None, redirect=None, status=None)) after connection broken by 'RemoteDisconnected('Remote end closed connection without response')': /dhayanidhi-r-4200b5286
16:36:12 [WARNING] urllib3.connectionpool: Retrying (Retry(total=1, connect=None, read=None, redirect=None, status=None)) after connection broken by 'RemoteDisconnected('Remote end closed connection without response')': /in/dhayanidhi-r-4200b5286/
16:36:12 [WARNING] urllib3.connectionpool: Retrying (Retry(total=1, connect=None, read=None, redirect=None, status=None)) after connection broken by 'RemoteDisconnected('Remote end closed connection without response')': /@dhayanidhi-r-4200b5286
16:36:12 [WARNING] urllib3.connectionpool: Retrying (Retry(total=1, connect=None, read=None, redirect=None, status=None)) after connection broken by 'RemoteDisconnected('Remote end closed connection without response')': /dhayanidhi-r-4200b5286/
16:36:12 [WARNING] urllib3.connectionpool: Retrying (Retry(total=1, connect=None, read=None, redirect=None, status=None)) after connection broken by 'RemoteDisconnected('Remote end closed connection without response')': /users/dhayanidhi-r-4200b5286
16:36:12 [WARNING] urllib3.connectionpool: Retrying (Retry(total=1, connect=None, read=None, redirect=None, status=None)) after connection broken by 'RemoteDisconnected('Remote end closed connection without response')': /api/v4/users?username=dhayanidhi-r-4200b5286
16:36:12 [WARNING] urllib3.connectionpool: Retrying (Retry(total=1, connect=None, read=None, redirect=None, status=None)) after connection broken by 'RemoteDisconnected('Remote end closed connection without response')': /dhayanidhi-r-4200b5286/
16:36:12 [WARNING] urllib3.connectionpool: Retrying (Retry(total=1, connect=None, read=None, redirect=None, status=None)) after connection broken by 'RemoteDisconnected('Remote end closed connection without response')': /dhayanidhi-r-4200b5286
16:36:13 [ERROR] src.modules.username_search: Exception checking Reddit: 'expected_status'
16:36:13 [WARNING] urllib3.connectionpool: Retrying (Retry(total=1, connect=None, read=None, redirect=None, status=None)) after connection broken by 'RemoteDisconnected('Remote end closed connection without response')': /id/dhayanidhi-r-4200b5286
16:36:13 [WARNING] urllib3.connectionpool: Retrying (Retry(total=1, connect=None, read=None, redirect=None, status=None)) after connection broken by 'RemoteDisconnected('Remote end closed connection without response')': /@dhayanidhi-r-4200b5286
16:36:13 [ERROR] src.modules.username_search: Exception checking GitLab: 'expected_status'
16:36:13 [INFO] src.modules.username_search: Found dhayanidhi-r-4200b5286 on Medium
16:36:13 [INFO] src.modules.username_search: Found dhayanidhi-r-4200b5286 on Steam
16:36:13 [INFO] src.modules.username_search: Found dhayanidhi-r-4200b5286 on Instagram
16:36:14 [INFO] src.modules.username_search: Found dhayanidhi-r-4200b5286 on Pinterest
16:36:22 [WARNING] urllib3.connectionpool: Retrying (Retry(total=1, connect=None, read=None, redirect=None, status=None)) after connection broken by 'ConnectTimeoutError(<HTTPSConnection(host='news.ycombinator.com', port=443) at 0x11278b4c0>, 'Connection to news.ycombinator.com timed out. (connect timeout=10)')': /user?id=dhayanidhi-r-4200b5286
16:36:34 [WARNING] urllib3.connectionpool: Retrying (Retry(total=0, connect=None, read=None, redirect=None, status=None)) after connection broken by 'ConnectTimeoutError(<HTTPSConnection(host='news.ycombinator.com', port=443) at 0x11278b580>, 'Connection to news.ycombinator.com timed out. (connect timeout=10)')': /user?id=dhayanidhi-r-4200b5286
16:36:45 [INFO] src.modules.username_search: Username search complete: dhayanidhi-r-4200b5286 → found on 4/12 platforms
16:36:45 [INFO] src.modules.google_dorks: Limiting patterns from 8 to 3 to avoid rate limiting
16:36:45 [INFO] src.modules.google_dorks: Searching for username 'dhayanidhi-r-4200b5286' with 3 dork patterns
16:36:45 [INFO] src.modules.google_dorks: Pattern 'simple_search' found 10 results
16:36:45 [INFO] src.modules.google_dorks: DuckDuckGo search found 0 results for pattern 'social_platforms'
16:36:45 [WARNING] src.modules.google_dorks: Pattern 'social_platforms' failed: None
16:36:45 [INFO] src.modules.google_dorks: DuckDuckGo search found 0 results for pattern 'profile_pages'
16:36:45 [WARNING] src.modules.google_dorks: Pattern 'profile_pages' failed: None
16:36:45 [INFO] src.modules.google_dorks: Google Dorks search discovered 20 artifacts
16:36:45 [INFO] src.orchestrator: Google Dorks found 20 artifacts for username dhayanidhi-r-4200b5286
16:36:45 [INFO] src.modules.google_dorks: Limiting patterns from 8 to 3 to avoid rate limiting
16:36:45 [INFO] src.modules.google_dorks: Searching for username 'dhayanidhi-r-4200b5286' with 3 dork patterns
16:36:45 [INFO] src.modules.google_dorks: Pattern 'social_platforms' found 1 results
16:36:45 [INFO] src.modules.google_dorks: Pattern 'profile_pages' found 1 results
16:36:45 [INFO] src.modules.google_dorks: Pattern 'simple_search' found 1 results
16:36:45 [INFO] src.modules.google_dorks: Google Dorks search discovered 6 artifacts
16:36:45 [ERROR] src.modules.username_search: Exception checking Reddit: 'expected_status'
16:36:45 [ERROR] src.modules.username_search: Exception checking GitLab: 'expected_status'
16:36:45 [INFO] src.modules.username_search: Found dhayanidhi-r-4200b5286 on Steam
16:36:45 [INFO] src.modules.username_search: Found dhayanidhi-r-4200b5286 on Instagram
16:36:45 [INFO] src.modules.username_search: Found dhayanidhi-r-4200b5286 on Pinterest
16:36:46 [INFO] src.modules.username_search: Found dhayanidhi-r-4200b5286 on Medium
16:36:55 [WARNING] urllib3.connectionpool: Retrying (Retry(total=1, connect=None, read=None, redirect=None, status=None)) after connection broken by 'ConnectTimeoutError(<HTTPSConnection(host='news.ycombinator.com', port=443) at 0x1129470d0>, 'Connection to news.ycombinator.com timed out. (connect timeout=10)')': /user?id=dhayanidhi-r-4200b5286
16:52:02 [WARNING] urllib3.connectionpool: Retrying (Retry(total=0, connect=None, read=None, redirect=None, status=None)) after connection broken by 'ConnectTimeoutError(<HTTPSConnection(host='news.ycombinator.com', port=443) at 0x112746aa0>, 'Connection to news.ycombinator.com timed out. (connect timeout=10)')': /user?id=dhayanidhi-r-4200b5286
16:52:12 [INFO] src.modules.username_search: Username search complete: dhayanidhi-r-4200b5286 → found on 4/12 platforms
16:52:12 [INFO] src.orchestrator: Plugin system processed 2 plugins, discovered 6 artifacts
16:52:12 [INFO] src.orchestrator: Processing: domain=in.linkedin.com (depth=1, queue_size=106)
16:52:12 [WARNING] src.orchestrator: Unknown artifact type: domain
16:52:12 [ERROR] src.orchestrator: External tools processing failed for in.linkedin.com: 'WhoisIntegration' object has no attribute 'search_username'
16:52:12 [INFO] src.orchestrator: Plugin system processed 2 plugins, discovered 11 artifacts
16:52:12 [INFO] src.orchestrator: Processing: username=dhayanidhi-r-17b862238 (depth=1, queue_size=116)
16:52:12 [ERROR] src.modules.username_search: Exception checking Reddit: 'expected_status'
16:52:12 [ERROR] src.modules.username_search: Exception checking GitLab: 'expected_status'
16:52:13 [INFO] src.modules.username_search: Found dhayanidhi-r-17b862238 on Instagram
16:52:13 [INFO] src.modules.username_search: Found dhayanidhi-r-17b862238 on Steam
16:52:13 [INFO] src.modules.username_search: Found dhayanidhi-r-17b862238 on Pinterest
16:52:13 [INFO] src.modules.username_search: Found dhayanidhi-r-17b862238 on Medium
16:52:22 [WARNING] urllib3.connectionpool: Retrying (Retry(total=1, connect=None, read=None, redirect=None, status=None)) after connection broken by 'ConnectTimeoutError(<HTTPSConnection(host='news.ycombinator.com', port=443) at 0x1128ee6e0>, 'Connection to news.ycombinator.com timed out. (connect timeout=10)')': /user?id=dhayanidhi-r-17b862238
16:52:34 [WARNING] urllib3.connectionpool: Retrying (Retry(total=0, connect=None, read=None, redirect=None, status=None)) after connection broken by 'ConnectTimeoutError(<HTTPSConnection(host='news.ycombinator.com', port=443) at 0x112944df0>, 'Connection to news.ycombinator.com timed out. (connect timeout=10)')': /user?id=dhayanidhi-r-17b862238
16:52:44 [INFO] src.modules.username_search: Username search complete: dhayanidhi-r-17b862238 → found on 4/12 platforms
16:52:44 [INFO] src.modules.google_dorks: Limiting patterns from 8 to 3 to avoid rate limiting
16:52:44 [INFO] src.modules.google_dorks: Searching for username 'dhayanidhi-r-17b862238' with 3 dork patterns
16:52:44 [INFO] src.modules.google_dorks: Pattern 'simple_search' found 10 results
16:52:44 [INFO] src.modules.google_dorks: DuckDuckGo search found 0 results for pattern 'social_platforms'
16:52:44 [WARNING] src.modules.google_dorks: Pattern 'social_platforms' failed: None
16:52:44 [INFO] src.modules.google_dorks: DuckDuckGo search found 0 results for pattern 'profile_pages'
16:52:44 [WARNING] src.modules.google_dorks: Pattern 'profile_pages' failed: None
16:52:44 [INFO] src.modules.google_dorks: Google Dorks search discovered 20 artifacts
16:52:44 [INFO] src.orchestrator: Google Dorks found 20 artifacts for username dhayanidhi-r-17b862238
16:52:44 [INFO] src.modules.google_dorks: Limiting patterns from 8 to 3 to avoid rate limiting
16:52:44 [INFO] src.modules.google_dorks: Searching for username 'dhayanidhi-r-17b862238' with 3 dork patterns
16:52:45 [ERROR] src.modules.username_search: Exception checking Reddit: 'expected_status'
16:52:45 [ERROR] src.modules.username_search: Exception checking GitLab: 'expected_status'
16:52:45 [INFO] src.modules.username_search: Found dhayanidhi-r-17b862238 on Steam
16:52:45 [INFO] src.modules.username_search: Found dhayanidhi-r-17b862238 on Instagram
16:52:45 [INFO] src.modules.username_search: Found dhayanidhi-r-17b862238 on Medium
16:52:45 [INFO] src.modules.google_dorks: Google search found 1 results for pattern 'social_platforms'
16:52:45 [INFO] src.modules.google_dorks: Pattern 'social_platforms' found 1 results
16:52:45 [INFO] src.modules.username_search: Found dhayanidhi-r-17b862238 on Pinterest
16:52:46 [INFO] src.modules.google_dorks: Google search found 1 results for pattern 'profile_pages'
16:52:46 [INFO] src.modules.google_dorks: Pattern 'profile_pages' found 1 results
16:52:47 [INFO] src.modules.google_dorks: Google search found 1 results for pattern 'simple_search'
16:52:47 [INFO] src.modules.google_dorks: Pattern 'simple_search' found 1 results
16:52:47 [INFO] src.modules.google_dorks: Google Dorks search discovered 6 artifacts
16:52:54 [WARNING] urllib3.connectionpool: Retrying (Retry(total=1, connect=None, read=None, redirect=None, status=None)) after connection broken by 'ConnectTimeoutError(<HTTPSConnection(host='news.ycombinator.com', port=443) at 0x1127891e0>, 'Connection to news.ycombinator.com timed out. (connect timeout=10)')': /user?id=dhayanidhi-r-17b862238
16:53:06 [WARNING] urllib3.connectionpool: Retrying (Retry(total=0, connect=None, read=None, redirect=None, status=None)) after connection broken by 'ConnectTimeoutError(<HTTPSConnection(host='news.ycombinator.com', port=443) at 0x1128b5bd0>, 'Connection to news.ycombinator.com timed out. (connect timeout=10)')': /user?id=dhayanidhi-r-17b862238
16:53:16 [INFO] src.modules.username_search: Username search complete: dhayanidhi-r-17b862238 → found on 4/12 platforms
16:53:16 [INFO] src.orchestrator: Plugin system processed 2 plugins, discovered 6 artifacts
16:53:16 [INFO] src.orchestrator: Processing: username=dhayanidhi-r-830a8221a (depth=1, queue_size=123)
16:53:17 [ERROR] src.modules.username_search: Exception checking GitLab: 'expected_status'
16:53:17 [INFO] src.modules.username_search: Found dhayanidhi-r-830a8221a on Instagram
16:53:17 [INFO] src.modules.username_search: Found dhayanidhi-r-830a8221a on Medium
16:53:17 [INFO] src.modules.username_search: Found dhayanidhi-r-830a8221a on Steam
16:53:17 [INFO] src.modules.username_search: Found dhayanidhi-r-830a8221a on Pinterest
16:53:17 [ERROR] src.modules.username_search: Exception checking Reddit: 'expected_status'
16:53:26 [WARNING] urllib3.connectionpool: Retrying (Retry(total=1, connect=None, read=None, redirect=None, status=None)) after connection broken by 'ConnectTimeoutError(<HTTPSConnection(host='news.ycombinator.com', port=443) at 0x11288cf70>, 'Connection to news.ycombinator.com timed out. (connect timeout=10)')': /user?id=dhayanidhi-r-830a8221a
16:53:38 [WARNING] urllib3.connectionpool: Retrying (Retry(total=0, connect=None, read=None, redirect=None, status=None)) after connection broken by 'ConnectTimeoutError(<HTTPSConnection(host='news.ycombinator.com', port=443) at 0x1128b7250>, 'Connection to news.ycombinator.com timed out. (connect timeout=10)')': /user?id=dhayanidhi-r-830a8221a
16:53:48 [INFO] src.modules.username_search: Username search complete: dhayanidhi-r-830a8221a → found on 4/12 platforms
16:53:48 [INFO] src.modules.google_dorks: Limiting patterns from 8 to 3 to avoid rate limiting
16:53:48 [INFO] src.modules.google_dorks: Searching for username 'dhayanidhi-r-830a8221a' with 3 dork patterns
16:53:48 [INFO] src.modules.google_dorks: Pattern 'simple_search' found 10 results
16:53:49 [INFO] src.modules.google_dorks: DuckDuckGo search found 0 results for pattern 'social_platforms'
16:53:49 [WARNING] src.modules.google_dorks: Pattern 'social_platforms' failed: None
16:53:49 [INFO] src.modules.google_dorks: DuckDuckGo search found 0 results for pattern 'profile_pages'
16:53:49 [WARNING] src.modules.google_dorks: Pattern 'profile_pages' failed: None
16:53:49 [INFO] src.modules.google_dorks: Google Dorks search discovered 20 artifacts
16:53:49 [INFO] src.orchestrator: Google Dorks found 20 artifacts for username dhayanidhi-r-830a8221a
16:53:49 [INFO] src.modules.google_dorks: Limiting patterns from 8 to 3 to avoid rate limiting
16:53:49 [INFO] src.modules.google_dorks: Searching for username 'dhayanidhi-r-830a8221a' with 3 dork patterns
16:53:49 [ERROR] src.modules.username_search: Exception checking Reddit: 'expected_status'
16:53:49 [ERROR] src.modules.username_search: Exception checking GitLab: 'expected_status'
16:53:49 [INFO] src.modules.username_search: Found dhayanidhi-r-830a8221a on Steam
16:53:49 [INFO] src.modules.username_search: Found dhayanidhi-r-830a8221a on Instagram
16:53:49 [INFO] src.modules.username_search: Found dhayanidhi-r-830a8221a on Pinterest
16:53:49 [INFO] src.modules.username_search: Found dhayanidhi-r-830a8221a on Medium
16:53:50 [INFO] src.modules.google_dorks: Google search found 1 results for pattern 'simple_search'
16:53:50 [INFO] src.modules.google_dorks: Pattern 'simple_search' found 1 results
16:53:50 [INFO] src.modules.google_dorks: Google search found 1 results for pattern 'social_platforms'
16:53:50 [INFO] src.modules.google_dorks: Pattern 'social_platforms' found 1 results
16:53:51 [INFO] src.modules.google_dorks: Google search found 1 results for pattern 'profile_pages'
16:53:51 [INFO] src.modules.google_dorks: Pattern 'profile_pages' found 1 results
16:53:51 [INFO] src.modules.google_dorks: Google Dorks search discovered 6 artifacts
16:53:59 [WARNING] urllib3.connectionpool: Retrying (Retry(total=1, connect=None, read=None, redirect=None, status=None)) after connection broken by 'ConnectTimeoutError(<HTTPSConnection(host='news.ycombinator.com', port=443) at 0x1129445e0>, 'Connection to news.ycombinator.com timed out. (connect timeout=10)')': /user?id=dhayanidhi-r-830a8221a
16:54:11 [WARNING] urllib3.connectionpool: Retrying (Retry(total=0, connect=None, read=None, redirect=None, status=None)) after connection broken by 'ConnectTimeoutError(<HTTPSConnection(host='news.ycombinator.com', port=443) at 0x112971990>, 'Connection to news.ycombinator.com timed out. (connect timeout=10)')': /user?id=dhayanidhi-r-830a8221a
16:54:21 [INFO] src.modules.username_search: Username search complete: dhayanidhi-r-830a8221a → found on 4/12 platforms
16:54:21 [INFO] src.orchestrator: Plugin system processed 2 plugins, discovered 6 artifacts
16:54:21 [INFO] src.orchestrator: Processing: username=dhayanidhi-r-2a7b473b4 (depth=1, queue_size=133)
16:54:21 [ERROR] src.modules.username_search: Exception checking Reddit: 'expected_status'
16:54:21 [ERROR] src.modules.username_search: Exception checking GitLab: 'expected_status'
16:54:21 [INFO] src.modules.username_search: Found dhayanidhi-r-2a7b473b4 on Instagram
16:54:21 [INFO] src.modules.username_search: Found dhayanidhi-r-2a7b473b4 on Steam
16:54:21 [INFO] src.modules.username_search: Found dhayanidhi-r-2a7b473b4 on Pinterest
16:54:22 [INFO] src.modules.username_search: Found dhayanidhi-r-2a7b473b4 on Medium
16:54:31 [WARNING] urllib3.connectionpool: Retrying (Retry(total=1, connect=None, read=None, redirect=None, status=None)) after connection broken by 'ConnectTimeoutError(<HTTPSConnection(host='news.ycombinator.com', port=443) at 0x1128b6350>, 'Connection to news.ycombinator.com timed out. (connect timeout=10)')': /user?id=dhayanidhi-r-2a7b473b4
16:54:43 [WARNING] urllib3.connectionpool: Retrying (Retry(total=0, connect=None, read=None, redirect=None, status=None)) after connection broken by 'ConnectTimeoutError(<HTTPSConnection(host='news.ycombinator.com', port=443) at 0x1123accd0>, 'Connection to news.ycombinator.com timed out. (connect timeout=10)')': /user?id=dhayanidhi-r-2a7b473b4
16:54:53 [INFO] src.modules.username_search: Username search complete: dhayanidhi-r-2a7b473b4 → found on 4/12 platforms
16:54:53 [INFO] src.modules.google_dorks: Limiting patterns from 8 to 3 to avoid rate limiting
16:54:53 [INFO] src.modules.google_dorks: Searching for username 'dhayanidhi-r-2a7b473b4' with 3 dork patterns
16:54:53 [INFO] src.modules.google_dorks: Pattern 'simple_search' found 10 results
16:54:53 [INFO] src.modules.google_dorks: DuckDuckGo search found 0 results for pattern 'profile_pages'
16:54:53 [INFO] src.modules.google_dorks: DuckDuckGo search found 0 results for pattern 'social_platforms'
16:54:53 [WARNING] src.modules.google_dorks: Pattern 'profile_pages' failed: None
16:54:53 [WARNING] src.modules.google_dorks: Pattern 'social_platforms' failed: None
16:54:53 [INFO] src.modules.google_dorks: Google Dorks search discovered 20 artifacts
16:54:53 [INFO] src.orchestrator: Google Dorks found 20 artifacts for username dhayanidhi-r-2a7b473b4
16:54:53 [INFO] src.modules.google_dorks: Limiting patterns from 8 to 3 to avoid rate limiting
16:54:53 [INFO] src.modules.google_dorks: Searching for username 'dhayanidhi-r-2a7b473b4' with 3 dork patterns
16:54:53 [INFO] src.modules.google_dorks: Google search found 1 results for pattern 'simple_search'
16:54:53 [INFO] src.modules.google_dorks: Pattern 'simple_search' found 1 results
16:54:53 [ERROR] src.modules.username_search: Exception checking GitLab: 'expected_status'
16:54:53 [INFO] src.modules.username_search: Found dhayanidhi-r-2a7b473b4 on Steam
16:54:53 [INFO] src.modules.username_search: Found dhayanidhi-r-2a7b473b4 on Instagram
16:54:54 [INFO] src.modules.username_search: Found dhayanidhi-r-2a7b473b4 on Medium
16:54:54 [INFO] src.modules.username_search: Found dhayanidhi-r-2a7b473b4 on Pinterest
16:54:54 [ERROR] src.modules.username_search: Exception checking Reddit: 'expected_status'
16:54:54 [INFO] src.modules.google_dorks: Google search found 1 results for pattern 'social_platforms'
16:54:54 [INFO] src.modules.google_dorks: Pattern 'social_platforms' found 1 results
16:54:55 [INFO] src.modules.google_dorks: Google search found 1 results for pattern 'profile_pages'
16:54:55 [INFO] src.modules.google_dorks: Pattern 'profile_pages' found 1 results
16:54:55 [INFO] src.modules.google_dorks: Google Dorks search discovered 6 artifacts
16:55:03 [WARNING] urllib3.connectionpool: Retrying (Retry(total=1, connect=None, read=None, redirect=None, status=None)) after connection broken by 'ConnectTimeoutError(<HTTPSConnection(host='news.ycombinator.com', port=443) at 0x112789900>, 'Connection to news.ycombinator.com timed out. (connect timeout=10)')': /user?id=dhayanidhi-r-2a7b473b4
16:55:15 [WARNING] urllib3.connectionpool: Retrying (Retry(total=0, connect=None, read=None, redirect=None, status=None)) after connection broken by 'ConnectTimeoutError(<HTTPSConnection(host='news.ycombinator.com', port=443) at 0x1129459c0>, 'Connection to news.ycombinator.com timed out. (connect timeout=10)')': /user?id=dhayanidhi-r-2a7b473b4
16:55:25 [INFO] src.modules.username_search: Username search complete: dhayanidhi-r-2a7b473b4 → found on 4/12 platforms
16:55:25 [INFO] src.orchestrator: Plugin system processed 2 plugins, discovered 6 artifacts
16:55:25 [INFO] src.orchestrator: Processing: username=dhayanidhi-r-766b43255 (depth=1, queue_size=142)
16:55:26 [ERROR] src.modules.username_search: Exception checking Reddit: 'expected_status'
16:55:26 [ERROR] src.modules.username_search: Exception checking GitLab: 'expected_status'
16:55:26 [INFO] src.modules.username_search: Found dhayanidhi-r-766b43255 on Instagram
16:55:26 [INFO] src.modules.username_search: Found dhayanidhi-r-766b43255 on Medium
16:55:26 [INFO] src.modules.username_search: Found dhayanidhi-r-766b43255 on Steam
16:55:26 [INFO] src.modules.username_search: Found dhayanidhi-r-766b43255 on Pinterest
16:55:35 [WARNING] urllib3.connectionpool: Retrying (Retry(total=1, connect=None, read=None, redirect=None, status=None)) after connection broken by 'ConnectTimeoutError(<HTTPSConnection(host='news.ycombinator.com', port=443) at 0x1129dd870>, 'Connection to news.ycombinator.com timed out. (connect timeout=10)')': /user?id=dhayanidhi-r-766b43255
16:55:47 [WARNING] urllib3.connectionpool: Retrying (Retry(total=0, connect=None, read=None, redirect=None, status=None)) after connection broken by 'ConnectTimeoutError(<HTTPSConnection(host='news.ycombinator.com', port=443) at 0x1128ee410>, 'Connection to news.ycombinator.com timed out. (connect timeout=10)')': /user?id=dhayanidhi-r-766b43255
16:55:57 [INFO] src.modules.username_search: Username search complete: dhayanidhi-r-766b43255 → found on 4/12 platforms
16:55:57 [INFO] src.modules.google_dorks: Limiting patterns from 8 to 3 to avoid rate limiting
16:55:57 [INFO] src.modules.google_dorks: Searching for username 'dhayanidhi-r-766b43255' with 3 dork patterns
16:55:57 [INFO] src.modules.google_dorks: Pattern 'simple_search' found 10 results
16:55:57 [INFO] src.modules.google_dorks: DuckDuckGo search found 0 results for pattern 'social_platforms'
16:55:57 [INFO] src.modules.google_dorks: DuckDuckGo search found 0 results for pattern 'profile_pages'
16:55:57 [WARNING] src.modules.google_dorks: Pattern 'social_platforms' failed: None
16:55:57 [WARNING] src.modules.google_dorks: Pattern 'profile_pages' failed: None
16:55:57 [INFO] src.modules.google_dorks: Google Dorks search discovered 20 artifacts
16:55:57 [INFO] src.orchestrator: Google Dorks found 20 artifacts for username dhayanidhi-r-766b43255
16:55:57 [INFO] src.modules.google_dorks: Limiting patterns from 8 to 3 to avoid rate limiting
16:55:58 [INFO] src.modules.google_dorks: Searching for username 'dhayanidhi-r-766b43255' with 3 dork patterns
16:55:58 [INFO] src.modules.google_dorks: Google search found 1 results for pattern 'simple_search'
16:55:58 [INFO] src.modules.google_dorks: Pattern 'simple_search' found 1 results
16:55:58 [ERROR] src.modules.username_search: Exception checking Reddit: 'expected_status'
16:55:58 [ERROR] src.modules.username_search: Exception checking GitLab: 'expected_status'
16:55:58 [INFO] src.modules.username_search: Found dhayanidhi-r-766b43255 on Steam
16:55:58 [INFO] src.modules.username_search: Found dhayanidhi-r-766b43255 on Instagram
16:55:58 [INFO] src.modules.username_search: Found dhayanidhi-r-766b43255 on Medium
16:55:58 [INFO] src.modules.username_search: Found dhayanidhi-r-766b43255 on Pinterest
16:55:59 [INFO] src.modules.google_dorks: Google search found 1 results for pattern 'social_platforms'
16:55:59 [INFO] src.modules.google_dorks: Pattern 'social_platforms' found 1 results
16:56:00 [INFO] src.modules.google_dorks: Google search found 1 results for pattern 'profile_pages'
16:56:00 [INFO] src.modules.google_dorks: Pattern 'profile_pages' found 1 results
16:56:00 [INFO] src.modules.google_dorks: Google Dorks search discovered 6 artifacts
16:56:08 [WARNING] urllib3.connectionpool: Retrying (Retry(total=1, connect=None, read=None, redirect=None, status=None)) after connection broken by 'ConnectTimeoutError(<HTTPSConnection(host='news.ycombinator.com', port=443) at 0x1128b6fe0>, 'Connection to news.ycombinator.com timed out. (connect timeout=10)')': /user?id=dhayanidhi-r-766b43255
16:56:20 [WARNING] urllib3.connectionpool: Retrying (Retry(total=0, connect=None, read=None, redirect=None, status=None)) after connection broken by 'ConnectTimeoutError(<HTTPSConnection(host='news.ycombinator.com', port=443) at 0x1128b52a0>, 'Connection to news.ycombinator.com timed out. (connect timeout=10)')': /user?id=dhayanidhi-r-766b43255
16:56:30 [INFO] src.modules.username_search: Username search complete: dhayanidhi-r-766b43255 → found on 4/12 platforms
16:56:30 [INFO] src.orchestrator: Plugin system processed 2 plugins, discovered 6 artifacts
16:56:30 [INFO] src.orchestrator: Processing: username=dhayanidhi-r-5aa086296 (depth=1, queue_size=150)
16:56:30 [ERROR] src.modules.username_search: Exception checking GitLab: 'expected_status'
16:56:30 [INFO] src.modules.username_search: Found dhayanidhi-r-5aa086296 on Medium
16:56:30 [INFO] src.modules.username_search: Found dhayanidhi-r-5aa086296 on Steam
16:56:30 [ERROR] src.modules.username_search: Exception checking Reddit: 'expected_status'
16:56:31 [INFO] src.modules.username_search: Found dhayanidhi-r-5aa086296 on Pinterest
16:56:31 [INFO] src.modules.username_search: Found dhayanidhi-r-5aa086296 on Instagram
16:56:40 [WARNING] urllib3.connectionpool: Retrying (Retry(total=1, connect=None, read=None, redirect=None, status=None)) after connection broken by 'ConnectTimeoutError(<HTTPSConnection(host='news.ycombinator.com', port=443) at 0x11288ee30>, 'Connection to news.ycombinator.com timed out. (connect timeout=10)')': /user?id=dhayanidhi-r-5aa086296
16:56:52 [WARNING] urllib3.connectionpool: Retrying (Retry(total=0, connect=None, read=None, redirect=None, status=None)) after connection broken by 'ConnectTimeoutError(<HTTPSConnection(host='news.ycombinator.com', port=443) at 0x11288fa30>, 'Connection to news.ycombinator.com timed out. (connect timeout=10)')': /user?id=dhayanidhi-r-5aa086296
16:57:02 [INFO] src.modules.username_search: Username search complete: dhayanidhi-r-5aa086296 → found on 4/12 platforms
16:57:02 [INFO] src.modules.google_dorks: Limiting patterns from 8 to 3 to avoid rate limiting
16:57:02 [INFO] src.modules.google_dorks: Searching for username 'dhayanidhi-r-5aa086296' with 3 dork patterns
16:57:02 [INFO] src.modules.google_dorks: Pattern 'simple_search' found 10 results
16:57:02 [INFO] src.modules.google_dorks: DuckDuckGo search found 0 results for pattern 'social_platforms'
16:57:02 [WARNING] src.modules.google_dorks: Pattern 'social_platforms' failed: None
16:57:02 [INFO] src.modules.google_dorks: DuckDuckGo search found 0 results for pattern 'profile_pages'
16:57:02 [WARNING] src.modules.google_dorks: Pattern 'profile_pages' failed: None
16:57:02 [INFO] src.modules.google_dorks: Google Dorks search discovered 20 artifacts
16:57:02 [INFO] src.orchestrator: Google Dorks found 20 artifacts for username dhayanidhi-r-5aa086296
16:57:02 [INFO] src.modules.google_dorks: Limiting patterns from 8 to 3 to avoid rate limiting
16:57:02 [INFO] src.modules.google_dorks: Searching for username 'dhayanidhi-r-5aa086296' with 3 dork patterns
16:57:02 [ERROR] src.modules.username_search: Exception checking GitLab: 'expected_status'
16:57:02 [INFO] src.modules.username_search: Found dhayanidhi-r-5aa086296 on Steam
16:57:02 [INFO] src.modules.username_search: Found dhayanidhi-r-5aa086296 on Instagram
16:57:02 [INFO] src.modules.username_search: Found dhayanidhi-r-5aa086296 on Medium
16:57:03 [INFO] src.modules.google_dorks: Google search found 1 results for pattern 'social_platforms'
16:57:03 [INFO] src.modules.google_dorks: Pattern 'social_platforms' found 1 results
16:57:03 [ERROR] src.modules.username_search: Exception checking Reddit: 'expected_status'
16:57:04 [INFO] src.modules.google_dorks: Google search found 1 results for pattern 'profile_pages'
16:57:04 [INFO] src.modules.google_dorks: Pattern 'profile_pages' found 1 results
16:57:05 [INFO] src.modules.google_dorks: Google search found 1 results for pattern 'simple_search'
16:57:05 [INFO] src.modules.google_dorks: Pattern 'simple_search' found 1 results
16:57:05 [INFO] src.modules.google_dorks: Google Dorks search discovered 6 artifacts
16:57:05 [INFO] src.modules.username_search: Found dhayanidhi-r-5aa086296 on Pinterest
16:57:12 [WARNING] urllib3.connectionpool: Retrying (Retry(total=1, connect=None, read=None, redirect=None, status=None)) after connection broken by 'ConnectTimeoutError(<HTTPSConnection(host='news.ycombinator.com', port=443) at 0x1129df1c0>, 'Connection to news.ycombinator.com timed out. (connect timeout=10)')': /user?id=dhayanidhi-r-5aa086296
16:57:24 [WARNING] urllib3.connectionpool: Retrying (Retry(total=0, connect=None, read=None, redirect=None, status=None)) after connection broken by 'ConnectTimeoutError(<HTTPSConnection(host='news.ycombinator.com', port=443) at 0x112971c90>, 'Connection to news.ycombinator.com timed out. (connect timeout=10)')': /user?id=dhayanidhi-r-5aa086296
17:12:34 [INFO] src.modules.username_search: Username search complete: dhayanidhi-r-5aa086296 → found on 4/12 platforms
17:12:34 [INFO] src.orchestrator: Plugin system processed 2 plugins, discovered 6 artifacts
17:12:34 [INFO] src.orchestrator: Processing: username=websearch (depth=1, queue_size=153)
17:12:34 [INFO] src.modules.username_search: Found websearch on GitHub
17:12:34 [ERROR] src.modules.username_search: Exception checking GitLab: 'expected_status'
17:12:34 [ERROR] src.modules.username_search: Exception checking Reddit: 'expected_status'
17:12:34 [INFO] src.modules.username_search: Found websearch on Instagram
17:12:35 [INFO] src.modules.username_search: Found websearch on Steam
17:12:36 [INFO] src.modules.username_search: Found websearch on Pinterest
17:12:44 [WARNING] urllib3.connectionpool: Retrying (Retry(total=1, connect=None, read=None, redirect=None, status=None)) after connection broken by 'ConnectTimeoutError(<HTTPSConnection(host='news.ycombinator.com', port=443) at 0x1129b43a0>, 'Connection to news.ycombinator.com timed out. (connect timeout=10)')': /user?id=websearch
17:12:56 [WARNING] urllib3.connectionpool: Retrying (Retry(total=0, connect=None, read=None, redirect=None, status=None)) after connection broken by 'ConnectTimeoutError(<HTTPSConnection(host='news.ycombinator.com', port=443) at 0x112973850>, 'Connection to news.ycombinator.com timed out. (connect timeout=10)')': /user?id=websearch
17:13:06 [INFO] src.modules.username_search: Username search complete: websearch → found on 4/12 platforms
17:13:06 [INFO] src.modules.google_dorks: Limiting patterns from 8 to 3 to avoid rate limiting
17:13:06 [INFO] src.modules.google_dorks: Searching for username 'websearch' with 3 dork patterns
17:13:06 [INFO] src.modules.google_dorks: Pattern 'simple_search' found 10 results
17:13:06 [INFO] src.modules.google_dorks: DuckDuckGo search found 0 results for pattern 'profile_pages'
17:13:06 [INFO] src.modules.google_dorks: DuckDuckGo search found 0 results for pattern 'social_platforms'
17:13:06 [WARNING] src.modules.google_dorks: Pattern 'profile_pages' failed: None
17:13:06 [WARNING] src.modules.google_dorks: Pattern 'social_platforms' failed: None
17:13:06 [INFO] src.modules.google_dorks: Google Dorks search discovered 20 artifacts
17:13:06 [INFO] src.orchestrator: Google Dorks found 20 artifacts for username websearch
17:13:06 [INFO] src.modules.google_dorks: Limiting patterns from 8 to 3 to avoid rate limiting
17:13:06 [INFO] src.modules.google_dorks: Searching for username 'websearch' with 3 dork patterns
17:13:06 [INFO] src.modules.username_search: Found websearch on GitHub
17:13:07 [INFO] src.modules.username_search: Found websearch on Instagram
17:13:07 [ERROR] src.modules.username_search: Exception checking GitLab: 'expected_status'
17:13:07 [INFO] src.modules.username_search: Found websearch on Medium
17:13:07 [ERROR] src.modules.username_search: Exception checking Reddit: 'expected_status'
17:13:07 [INFO] src.modules.username_search: Found websearch on Pinterest
17:13:08 [INFO] src.modules.google_dorks: Google search found 1 results for pattern 'simple_search'
17:13:08 [INFO] src.modules.google_dorks: Pattern 'simple_search' found 1 results
17:13:08 [INFO] src.modules.google_dorks: Google search found 1 results for pattern 'social_platforms'
17:13:08 [INFO] src.modules.google_dorks: Pattern 'social_platforms' found 1 results
17:13:09 [INFO] src.modules.google_dorks: Google search found 1 results for pattern 'profile_pages'
17:13:09 [INFO] src.modules.google_dorks: Pattern 'profile_pages' found 1 results
17:13:09 [INFO] src.modules.google_dorks: Google Dorks search discovered 6 artifacts
17:28:16 [WARNING] urllib3.connectionpool: Retrying (Retry(total=1, connect=None, read=None, redirect=None, status=None)) after connection broken by 'ConnectTimeoutError(<HTTPSConnection(host='news.ycombinator.com', port=443) at 0x1128b7250>, 'Connection to news.ycombinator.com timed out. (connect timeout=10)')': /user?id=websearch
17:28:28 [WARNING] urllib3.connectionpool: Retrying (Retry(total=0, connect=None, read=None, redirect=None, status=None)) after connection broken by 'ConnectTimeoutError(<HTTPSConnection(host='news.ycombinator.com', port=443) at 0x112970490>, 'Connection to news.ycombinator.com timed out. (connect timeout=10)')': /user?id=websearch
17:28:38 [INFO] src.modules.username_search: Username search complete: websearch → found on 4/12 platforms
17:28:38 [INFO] src.orchestrator: Plugin system processed 2 plugins, discovered 6 artifacts
17:28:38 [INFO] src.orchestrator: Processing: domain=support.google.com (depth=1, queue_size=172)
17:28:38 [WARNING] src.orchestrator: Unknown artifact type: domain
17:28:38 [ERROR] src.orchestrator: External tools processing failed for support.google.com: 'WhoisIntegration' object has no attribute 'search_username'
17:28:39 [INFO] src.orchestrator: Plugin system processed 2 plugins, discovered 1 artifacts
17:28:39 [INFO] src.orchestrator: Processing: platform_presence=https://keybase.io/login?service=mail (depth=2, queue_size=172)
17:28:39 [WARNING] src.orchestrator: Unknown artifact type: platform_presence
17:28:39 [WARNING] src.plugins.manager: No plugins available for artifact type: platform_presence
17:28:39 [INFO] src.orchestrator: Plugin system processed 0 plugins, discovered 0 artifacts
17:28:39 [INFO] src.orchestrator: Processing: platform_presence=https://mastodon.social/@login?service=mail (depth=2, queue_size=171)
17:28:39 [WARNING] src.orchestrator: Unknown artifact type: platform_presence
17:28:39 [WARNING] src.plugins.manager: No plugins available for artifact type: platform_presence
17:28:39 [INFO] src.orchestrator: Plugin system processed 0 plugins, discovered 0 artifacts
17:28:39 [INFO] src.orchestrator: Processing: platform_presence=https://www.instagram.com/login?service=mail/ (depth=2, queue_size=170)
17:28:39 [WARNING] src.orchestrator: Unknown artifact type: platform_presence
17:28:39 [WARNING] src.plugins.manager: No plugins available for artifact type: platform_presence
17:28:39 [INFO] src.orchestrator: Plugin system processed 0 plugins, discovered 0 artifacts
17:28:39 [INFO] src.orchestrator: Processing: platform_presence=https://www.linkedin.com/in/login?service=mail/ (depth=2, queue_size=169)
17:28:39 [WARNING] src.orchestrator: Unknown artifact type: platform_presence
17:28:39 [WARNING] src.plugins.manager: No plugins available for artifact type: platform_presence
17:28:39 [INFO] src.orchestrator: Plugin system processed 0 plugins, discovered 0 artifacts
17:28:39 [INFO] src.orchestrator: Processing: platform_presence=https://medium.com/@login?service=mail (depth=2, queue_size=168)
17:28:39 [WARNING] src.orchestrator: Unknown artifact type: platform_presence
17:28:39 [WARNING] src.plugins.manager: No plugins available for artifact type: platform_presence
17:28:39 [INFO] src.orchestrator: Plugin system processed 0 plugins, discovered 0 artifacts
17:28:39 [INFO] src.orchestrator: Processing: username=signin (depth=2, queue_size=167)
17:28:40 [ERROR] src.modules.username_search: Exception checking GitLab: 'expected_status'
17:28:40 [ERROR] src.modules.username_search: Exception checking Reddit: 'expected_status'
17:28:40 [INFO] src.modules.username_search: Found signin on Steam
17:28:40 [INFO] src.modules.username_search: Found signin on Pinterest
17:28:40 [INFO] src.modules.username_search: Found signin on Instagram
17:28:49 [WARNING] urllib3.connectionpool: Retrying (Retry(total=1, connect=None, read=None, redirect=None, status=None)) after connection broken by 'ConnectTimeoutError(<HTTPSConnection(host='news.ycombinator.com', port=443) at 0x1129dfa90>, 'Connection to news.ycombinator.com timed out. (connect timeout=10)')': /user?id=signin
17:29:01 [WARNING] urllib3.connectionpool: Retrying (Retry(total=0, connect=None, read=None, redirect=None, status=None)) after connection broken by 'ConnectTimeoutError(<HTTPSConnection(host='news.ycombinator.com', port=443) at 0x11288d030>, 'Connection to news.ycombinator.com timed out. (connect timeout=10)')': /user?id=signin
17:29:11 [INFO] src.modules.username_search: Username search complete: signin → found on 3/12 platforms
17:29:11 [INFO] src.modules.google_dorks: Limiting patterns from 8 to 3 to avoid rate limiting
17:29:11 [INFO] src.modules.google_dorks: Searching for username 'signin' with 3 dork patterns
17:29:11 [INFO] src.modules.google_dorks: Pattern 'simple_search' found 10 results
17:29:12 [INFO] src.modules.google_dorks: DuckDuckGo search found 0 results for pattern 'social_platforms'
17:29:12 [INFO] src.modules.google_dorks: DuckDuckGo search found 0 results for pattern 'profile_pages'
17:29:12 [WARNING] src.modules.google_dorks: Pattern 'social_platforms' failed: None
17:29:12 [WARNING] src.modules.google_dorks: Pattern 'profile_pages' failed: None
17:29:12 [INFO] src.modules.google_dorks: Google Dorks search discovered 20 artifacts
17:29:12 [INFO] src.orchestrator: Google Dorks found 20 artifacts for username signin
17:29:12 [INFO] src.modules.google_dorks: Limiting patterns from 8 to 3 to avoid rate limiting
17:29:12 [INFO] src.modules.google_dorks: Searching for username 'signin' with 3 dork patterns
17:29:12 [ERROR] src.modules.username_search: Exception checking Reddit: 'expected_status'
17:29:12 [ERROR] src.modules.username_search: Exception checking GitLab: 'expected_status'
17:29:12 [INFO] src.modules.username_search: Found signin on Steam
17:29:13 [INFO] src.modules.google_dorks: Google search found 1 results for pattern 'simple_search'
17:29:13 [INFO] src.modules.google_dorks: Pattern 'simple_search' found 1 results
17:29:13 [INFO] src.modules.username_search: Found signin on Pinterest
17:29:13 [INFO] src.modules.username_search: Found signin on Instagram
17:29:13 [INFO] src.modules.username_search: Found signin on Medium
17:29:13 [INFO] src.modules.google_dorks: Google search found 1 results for pattern 'social_platforms'
17:29:13 [INFO] src.modules.google_dorks: Pattern 'social_platforms' found 1 results
17:29:15 [INFO] src.modules.google_dorks: Google search found 1 results for pattern 'profile_pages'
17:29:15 [INFO] src.modules.google_dorks: Pattern 'profile_pages' found 1 results
17:29:15 [INFO] src.modules.google_dorks: Google Dorks search discovered 6 artifacts
17:44:19 [WARNING] urllib3.connectionpool: Retrying (Retry(total=1, connect=None, read=None, redirect=None, status=None)) after connection broken by 'ConnectTimeoutError(<HTTPSConnection(host='news.ycombinator.com', port=443) at 0x1129f4760>, 'Connection to news.ycombinator.com timed out. (connect timeout=10)')': /user?id=signin
17:44:31 [WARNING] urllib3.connectionpool: Retrying (Retry(total=0, connect=None, read=None, redirect=None, status=None)) after connection broken by 'ConnectTimeoutError(<HTTPSConnection(host='news.ycombinator.com', port=443) at 0x1129b5690>, 'Connection to news.ycombinator.com timed out. (connect timeout=10)')': /user?id=signin
17:44:41 [INFO] src.modules.username_search: Username search complete: signin → found on 4/12 platforms
17:44:41 [INFO] src.orchestrator: Plugin system processed 2 plugins, discovered 6 artifacts
17:44:41 [INFO] src.orchestrator: Processing: domain=mail.google.com (depth=2, queue_size=166)
17:44:41 [WARNING] src.orchestrator: Unknown artifact type: domain
17:44:41 [ERROR] src.orchestrator: External tools processing failed for mail.google.com: 'WhoisIntegration' object has no attribute 'search_username'
17:44:42 [INFO] src.orchestrator: Plugin system processed 2 plugins, discovered 1 artifacts
17:44:42 [INFO] src.orchestrator: Processing: username=InteractiveLogin?service=mail (depth=2, queue_size=165)
17:44:42 [ERROR] src.modules.username_search: Exception checking Reddit: 'expected_status'
17:44:43 [ERROR] src.modules.username_search: Exception checking GitLab: 'expected_status'
17:44:43 [INFO] src.modules.username_search: Found InteractiveLogin?service=mail on Steam
17:44:43 [INFO] src.modules.username_search: Found InteractiveLogin?service=mail on Instagram
17:44:43 [INFO] src.modules.username_search: Found InteractiveLogin?service=mail on Medium
17:44:52 [WARNING] urllib3.connectionpool: Retrying (Retry(total=1, connect=None, read=None, redirect=None, status=None)) after connection broken by 'ConnectTimeoutError(<HTTPSConnection(host='news.ycombinator.com', port=443) at 0x1128b4fd0>, 'Connection to news.ycombinator.com timed out. (connect timeout=10)')': /user?id=InteractiveLogin?service=mail
17:45:04 [WARNING] urllib3.connectionpool: Retrying (Retry(total=0, connect=None, read=None, redirect=None, status=None)) after connection broken by 'ConnectTimeoutError(<HTTPSConnection(host='news.ycombinator.com', port=443) at 0x1123ac070>, 'Connection to news.ycombinator.com timed out. (connect timeout=10)')': /user?id=InteractiveLogin?service=mail
18:00:14 [INFO] src.modules.username_search: Username search complete: InteractiveLogin?service=mail → found on 3/12 platforms
18:00:14 [INFO] src.modules.google_dorks: Limiting patterns from 8 to 3 to avoid rate limiting
18:00:14 [INFO] src.modules.google_dorks: Searching for username 'InteractiveLogin?service=mail' with 3 dork patterns
18:00:14 [INFO] src.modules.google_dorks: Pattern 'simple_search' found 10 results
18:00:15 [INFO] src.modules.google_dorks: DuckDuckGo search found 0 results for pattern 'social_platforms'
18:00:15 [WARNING] src.modules.google_dorks: Pattern 'social_platforms' failed: None
18:00:15 [INFO] src.modules.google_dorks: DuckDuckGo search found 0 results for pattern 'profile_pages'
18:00:15 [WARNING] src.modules.google_dorks: Pattern 'profile_pages' failed: None
18:00:15 [INFO] src.modules.google_dorks: Google Dorks search discovered 20 artifacts
18:00:15 [INFO] src.orchestrator: Google Dorks found 20 artifacts for username InteractiveLogin?service=mail
18:00:15 [INFO] src.modules.google_dorks: Limiting patterns from 8 to 3 to avoid rate limiting
18:00:15 [INFO] src.modules.google_dorks: Searching for username 'InteractiveLogin?service=mail' with 3 dork patterns
18:00:15 [WARNING] urllib3.connectionpool: Retrying (Retry(total=1, connect=None, read=None, redirect=None, status=None)) after connection broken by 'RemoteDisconnected('Remote end closed connection without response')': /in/InteractiveLogin?service=mail/
18:00:15 [WARNING] urllib3.connectionpool: Retrying (Retry(total=1, connect=None, read=None, redirect=None, status=None)) after connection broken by 'RemoteDisconnected('Remote end closed connection without response')': /InteractiveLogin?service=mail
18:00:15 [WARNING] urllib3.connectionpool: Retrying (Retry(total=1, connect=None, read=None, redirect=None, status=None)) after connection broken by 'RemoteDisconnected('Remote end closed connection without response')': /@InteractiveLogin?service=mail
18:00:15 [WARNING] urllib3.connectionpool: Retrying (Retry(total=1, connect=None, read=None, redirect=None, status=None)) after connection broken by 'RemoteDisconnected('Remote end closed connection without response')': /users/InteractiveLogin?service=mail
18:00:15 [WARNING] urllib3.connectionpool: Retrying (Retry(total=1, connect=None, read=None, redirect=None, status=None)) after connection broken by 'RemoteDisconnected('Remote end closed connection without response')': /InteractiveLogin?service=mail/
18:00:15 [WARNING] urllib3.connectionpool: Retrying (Retry(total=1, connect=None, read=None, redirect=None, status=None)) after connection broken by 'RemoteDisconnected('Remote end closed connection without response')': /api/v4/users?username=InteractiveLogin?service=mail
18:00:15 [WARNING] urllib3.connectionpool: Retrying (Retry(total=1, connect=None, read=None, redirect=None, status=None)) after connection broken by 'RemoteDisconnected('Remote end closed connection without response')': /InteractiveLogin?service=mail
18:00:15 [ERROR] src.modules.username_search: Exception checking Reddit: 'expected_status'
18:00:15 [WARNING] urllib3.connectionpool: Retrying (Retry(total=1, connect=None, read=None, redirect=None, status=None)) after connection broken by 'RemoteDisconnected('Remote end closed connection without response')': /id/InteractiveLogin?service=mail
18:00:15 [WARNING] urllib3.connectionpool: Retrying (Retry(total=1, connect=None, read=None, redirect=None, status=None)) after connection broken by 'RemoteDisconnected('Remote end closed connection without response')': /@InteractiveLogin?service=mail
18:00:15 [INFO] src.modules.google_dorks: Google search found 1 results for pattern 'simple_search'
18:00:15 [INFO] src.modules.google_dorks: Pattern 'simple_search' found 1 results
18:00:15 [INFO] src.modules.username_search: Found InteractiveLogin?service=mail on Steam
18:00:15 [ERROR] src.modules.username_search: Exception checking GitLab: 'expected_status'
18:00:15 [INFO] src.modules.username_search: Found InteractiveLogin?service=mail on Instagram
18:00:15 [INFO] src.modules.username_search: Found InteractiveLogin?service=mail on Medium
18:00:16 [INFO] src.modules.google_dorks: Google search found 1 results for pattern 'social_platforms'
18:00:16 [INFO] src.modules.google_dorks: Pattern 'social_platforms' found 1 results
18:00:17 [INFO] src.modules.google_dorks: Google search found 1 results for pattern 'profile_pages'
18:00:17 [INFO] src.modules.google_dorks: Pattern 'profile_pages' found 1 results
18:00:17 [INFO] src.modules.google_dorks: Google Dorks search discovered 6 artifacts
18:00:25 [WARNING] urllib3.connectionpool: Retrying (Retry(total=1, connect=None, read=None, redirect=None, status=None)) after connection broken by 'ConnectTimeoutError(<HTTPSConnection(host='news.ycombinator.com', port=443) at 0x1128ed630>, 'Connection to news.ycombinator.com timed out. (connect timeout=10)')': /user?id=InteractiveLogin?service=mail
18:00:37 [WARNING] urllib3.connectionpool: Retrying (Retry(total=0, connect=None, read=None, redirect=None, status=None)) after connection broken by 'ConnectTimeoutError(<HTTPSConnection(host='news.ycombinator.com', port=443) at 0x1129f4f10>, 'Connection to news.ycombinator.com timed out. (connect timeout=10)')': /user?id=InteractiveLogin?service=mail
18:00:47 [INFO] src.modules.username_search: Username search complete: InteractiveLogin?service=mail → found on 3/12 platforms
18:00:47 [INFO] src.orchestrator: Plugin system processed 2 plugins, discovered 6 artifacts
18:00:47 [INFO] src.orchestrator: Processing: username=?ui=en-US&rs=US (depth=2, queue_size=164)
18:00:47 [ERROR] src.modules.username_search: Exception checking Reddit: 'expected_status'
18:00:47 [INFO] src.modules.username_search: Found ?ui=en-US&rs=US on Keybase
18:00:47 [INFO] src.modules.username_search: Found ?ui=en-US&rs=US on Steam
18:00:47 [INFO] src.modules.username_search: Found ?ui=en-US&rs=US on Instagram
18:00:47 [ERROR] src.modules.username_search: Exception checking GitLab: 'expected_status'
18:00:48 [INFO] src.modules.username_search: Found ?ui=en-US&rs=US on Pinterest
18:00:57 [WARNING] urllib3.connectionpool: Retrying (Retry(total=1, connect=None, read=None, redirect=None, status=None)) after connection broken by 'ConnectTimeoutError(<HTTPSConnection(host='news.ycombinator.com', port=443) at 0x1128ee4a0>, 'Connection to news.ycombinator.com timed out. (connect timeout=10)')': /user?id=?ui=en-US&rs=US
18:00:58 [INFO] src.modules.username_search: Username search complete: ?ui=en-US&rs=US → found on 4/12 platforms
18:00:58 [INFO] src.modules.google_dorks: Limiting patterns from 8 to 3 to avoid rate limiting
18:00:58 [INFO] src.modules.google_dorks: Searching for username '?ui=en-US&rs=US' with 3 dork patterns
18:00:58 [INFO] src.modules.google_dorks: Pattern 'simple_search' found 10 results
18:00:58 [INFO] src.modules.google_dorks: DuckDuckGo search found 0 results for pattern 'profile_pages'
18:00:58 [WARNING] src.modules.google_dorks: Pattern 'profile_pages' failed: None
18:00:58 [INFO] src.modules.google_dorks: DuckDuckGo search found 0 results for pattern 'social_platforms'
18:00:58 [WARNING] src.modules.google_dorks: Pattern 'social_platforms' failed: None
18:00:58 [INFO] src.modules.google_dorks: Google Dorks search discovered 20 artifacts
18:00:58 [INFO] src.orchestrator: Google Dorks found 20 artifacts for username ?ui=en-US&rs=US
18:00:58 [INFO] src.modules.google_dorks: Limiting patterns from 8 to 3 to avoid rate limiting
18:00:58 [INFO] src.modules.google_dorks: Searching for username '?ui=en-US&rs=US' with 3 dork patterns
18:00:58 [ERROR] src.modules.username_search: Exception checking Reddit: 'expected_status'
18:00:59 [INFO] src.modules.google_dorks: Google search found 1 results for pattern 'simple_search'
18:00:59 [INFO] src.modules.google_dorks: Pattern 'simple_search' found 1 results
18:00:59 [INFO] src.modules.username_search: Found ?ui=en-US&rs=US on Keybase
18:00:59 [INFO] src.modules.username_search: Found ?ui=en-US&rs=US on Steam
18:00:59 [ERROR] src.modules.username_search: Exception checking GitLab: 'expected_status'
18:00:59 [INFO] src.modules.username_search: Found ?ui=en-US&rs=US on Instagram
18:00:59 [INFO] src.modules.username_search: Found ?ui=en-US&rs=US on Pinterest
18:00:59 [INFO] src.modules.username_search: Username search complete: ?ui=en-US&rs=US → found on 4/12 platforms
18:01:00 [INFO] src.modules.google_dorks: Google search found 1 results for pattern 'social_platforms'
18:01:00 [INFO] src.modules.google_dorks: Pattern 'social_platforms' found 1 results
18:01:01 [INFO] src.modules.google_dorks: Google search found 1 results for pattern 'profile_pages'
18:01:01 [INFO] src.modules.google_dorks: Pattern 'profile_pages' found 1 results
18:01:01 [INFO] src.modules.google_dorks: Google Dorks search discovered 6 artifacts
18:01:01 [INFO] src.orchestrator: Plugin system processed 2 plugins, discovered 6 artifacts
18:01:01 [INFO] src.orchestrator: Processing: domain=outlook.office.com (depth=2, queue_size=163)
18:01:01 [WARNING] src.orchestrator: Unknown artifact type: domain
18:01:01 [ERROR] src.orchestrator: External tools processing failed for outlook.office.com: 'WhoisIntegration' object has no attribute 'search_username'
18:01:01 [INFO] src.orchestrator: Plugin system processed 2 plugins, discovered 19 artifacts
18:01:01 [INFO] src.orchestrator: Processing: username=?wa=wsignin1.0&wtrealm=urn%3afederation%3aMicrosoftOnline (depth=2, queue_size=162)
18:01:01 [ERROR] src.modules.username_search: Exception checking Reddit: 'expected_status'
18:01:01 [INFO] src.modules.username_search: Found ?wa=wsignin1.0&wtrealm=urn%3afederation%3aMicrosoftOnline on Keybase
18:01:01 [ERROR] src.modules.username_search: Exception checking GitLab: 'expected_status'
18:01:01 [INFO] src.modules.username_search: Found ?wa=wsignin1.0&wtrealm=urn%3afederation%3aMicrosoftOnline on Instagram
18:01:01 [INFO] src.modules.username_search: Found ?wa=wsignin1.0&wtrealm=urn%3afederation%3aMicrosoftOnline on Steam
18:01:02 [INFO] src.modules.username_search: Found ?wa=wsignin1.0&wtrealm=urn%3afederation%3aMicrosoftOnline on Pinterest
18:01:02 [INFO] src.modules.username_search: Username search complete: ?wa=wsignin1.0&wtrealm=urn%3afederation%3aMicrosoftOnline → found on 4/12 platforms
18:01:02 [INFO] src.modules.google_dorks: Limiting patterns from 8 to 3 to avoid rate limiting
18:01:02 [INFO] src.modules.google_dorks: Searching for username '?wa=wsignin1.0&wtrealm=urn%3afederation%3aMicrosoftOnline' with 3 dork patterns
18:01:02 [INFO] src.modules.google_dorks: Pattern 'simple_search' found 10 results
18:01:02 [INFO] src.modules.google_dorks: DuckDuckGo search found 0 results for pattern 'social_platforms'
18:01:02 [WARNING] src.modules.google_dorks: Pattern 'social_platforms' failed: None
18:01:02 [INFO] src.modules.google_dorks: DuckDuckGo search found 0 results for pattern 'profile_pages'
18:01:02 [WARNING] src.modules.google_dorks: Pattern 'profile_pages' failed: None
18:01:02 [INFO] src.modules.google_dorks: Google Dorks search discovered 21 artifacts
18:01:02 [INFO] src.orchestrator: Google Dorks found 21 artifacts for username ?wa=wsignin1.0&wtrealm=urn%3afederation%3aMicrosoftOnline
18:01:02 [INFO] src.modules.google_dorks: Limiting patterns from 8 to 3 to avoid rate limiting
18:01:02 [INFO] src.modules.google_dorks: Searching for username '?wa=wsignin1.0&wtrealm=urn%3afederation%3aMicrosoftOnline' with 3 dork patterns
18:01:02 [ERROR] src.modules.username_search: Exception checking Reddit: 'expected_status'
18:01:03 [INFO] src.modules.username_search: Found ?wa=wsignin1.0&wtrealm=urn%3afederation%3aMicrosoftOnline on Keybase
18:01:03 [INFO] src.modules.username_search: Found ?wa=wsignin1.0&wtrealm=urn%3afederation%3aMicrosoftOnline on Steam
18:01:03 [ERROR] src.modules.username_search: Exception checking GitLab: 'expected_status'
18:01:03 [INFO] src.modules.username_search: Found ?wa=wsignin1.0&wtrealm=urn%3afederation%3aMicrosoftOnline on Instagram
18:01:03 [INFO] src.modules.username_search: Found ?wa=wsignin1.0&wtrealm=urn%3afederation%3aMicrosoftOnline on Pinterest
18:01:03 [WARNING] src.modules.google_dorks: Google rate limited (429) for query: site:twitter.com "?wa=wsignin1.0&wtrealm=urn%3afederation%3aMicrosoftOnline" OR site:linkedin.com "?wa=wsignin1.0&wtrealm=urn%3afederation%3aMicrosoftOnline" OR site:github.com "?wa=wsignin1.0&wtrealm=urn%3afederation%3aMicrosoftOnline" OR site:instagram.com "?wa=wsignin1.0&wtrealm=urn%3afederation%3aMicrosoftOnline"
18:01:03 [WARNING] src.modules.google_dorks: Pattern 'social_platforms' failed: Rate limited by Google (429)
18:01:03 [INFO] src.modules.username_search: Username search complete: ?wa=wsignin1.0&wtrealm=urn%3afederation%3aMicrosoftOnline → found on 4/12 platforms
18:01:04 [WARNING] src.modules.google_dorks: Google rate limited (429) for query: intitle:"profile" "?wa=wsignin1.0&wtrealm=urn%3afederation%3aMicrosoftOnline" OR intitle:"user" "?wa=wsignin1.0&wtrealm=urn%3afederation%3aMicrosoftOnline"
18:01:04 [WARNING] src.modules.google_dorks: Pattern 'profile_pages' failed: Rate limited by Google (429)
18:05:37 [WARNING] src.modules.google_dorks: Google rate limited (429) for query: ?wa=wsignin1.0&wtrealm=urn%3afederation%3aMicrosoftOnline
18:05:37 [WARNING] src.modules.google_dorks: Pattern 'simple_search' failed: Rate limited by Google (429)
18:05:37 [INFO] src.modules.google_dorks: Google Dorks search discovered 0 artifacts
18:05:37 [INFO] src.orchestrator: Plugin system processed 2 plugins, discovered 0 artifacts
18:05:37 [INFO] src.orchestrator: Processing: domain=outlook.office365.com (depth=2, queue_size=161)
18:05:37 [WARNING] src.orchestrator: Unknown artifact type: domain
18:05:37 [ERROR] src.orchestrator: External tools processing failed for outlook.office365.com: 'WhoisIntegration' object has no attribute 'search_username'
18:05:38 [INFO] src.orchestrator: Plugin system processed 2 plugins, discovered 15 artifacts
18:05:38 [INFO] src.orchestrator: Processing: username=id (depth=2, queue_size=160)
18:05:38 [WARNING] urllib3.connectionpool: Retrying (Retry(total=1, connect=None, read=None, redirect=None, status=None)) after connection broken by 'RemoteDisconnected('Remote end closed connection without response')': /api/v4/users?username=id
18:05:38 [ERROR] src.modules.username_search: Exception checking Reddit: 'expected_status'
18:05:38 [WARNING] urllib3.connectionpool: Retrying (Retry(total=1, connect=None, read=None, redirect=None, status=None)) after connection broken by 'RemoteDisconnected('Remote end closed connection without response')': /user?id=id
18:05:38 [ERROR] src.modules.username_search: Exception checking GitLab: 'expected_status'
18:05:38 [INFO] src.modules.username_search: Found id on Steam
18:05:38 [INFO] src.modules.username_search: Found id on Pinterest
18:05:39 [INFO] src.modules.username_search: Found id on Medium
18:05:42 [INFO] src.modules.username_search: Found id on Mastodon
18:05:47 [WARNING] urllib3.connectionpool: Retrying (Retry(total=1, connect=None, read=None, redirect=None, status=None)) after connection broken by 'RemoteDisconnected('Remote end closed connection without response')': /id/
18:05:48 [INFO] src.modules.username_search: Found id on Instagram
18:05:48 [WARNING] urllib3.connectionpool: Retrying (Retry(total=1, connect=None, read=None, redirect=None, status=None)) after connection broken by 'ReadTimeoutError("HTTPSConnectionPool(host='api.github.com', port=443): Read timed out. (read timeout=10)")': /users/id
18:05:48 [WARNING] urllib3.connectionpool: Retrying (Retry(total=1, connect=None, read=None, redirect=None, status=None)) after connection broken by 'ReadTimeoutError("HTTPSConnectionPool(host='keybase.io', port=443): Read timed out. (read timeout=10)")': /id
18:05:48 [INFO] src.modules.username_search: Found id on GitHub
18:05:49 [INFO] src.modules.username_search: Username search complete: id → found on 6/12 platforms
18:05:49 [INFO] src.modules.google_dorks: Limiting patterns from 8 to 3 to avoid rate limiting
18:05:49 [INFO] src.modules.google_dorks: Searching for username 'id' with 3 dork patterns
18:05:49 [INFO] src.modules.google_dorks: Pattern 'simple_search' found 10 results
18:05:49 [INFO] src.modules.google_dorks: Pattern 'profile_pages' found 8 results
18:05:49 [INFO] src.modules.google_dorks: DuckDuckGo search found 0 results for pattern 'social_platforms'
18:05:49 [WARNING] src.modules.google_dorks: Pattern 'social_platforms' failed: None
18:05:49 [WARNING] src.modules.google_dorks: Limiting Google Dorks results from 18 to 10 to prevent exponential growth
18:05:49 [INFO] src.modules.google_dorks: Google Dorks search discovered 36 artifacts
18:05:49 [INFO] src.orchestrator: Google Dorks found 36 artifacts for username id
18:05:49 [INFO] src.modules.google_dorks: Limiting patterns from 8 to 3 to avoid rate limiting
18:05:49 [INFO] src.modules.google_dorks: Searching for username 'id' with 3 dork patterns
18:05:49 [INFO] src.modules.username_search: Found id on GitHub
18:05:49 [INFO] src.modules.username_search: Found id on Mastodon
18:05:49 [ERROR] src.modules.username_search: Exception checking GitLab: 'expected_status'
18:05:49 [ERROR] src.modules.username_search: Exception checking Reddit: 'expected_status'
18:05:49 [INFO] src.modules.username_search: Found id on Instagram
18:05:50 [WARNING] src.modules.google_dorks: Google rate limited (429) for query: id
18:05:50 [WARNING] src.modules.google_dorks: Pattern 'simple_search' failed: Rate limited by Google (429)
18:05:50 [INFO] src.modules.username_search: Found id on Medium
18:05:50 [INFO] src.modules.username_search: Found id on Pinterest
18:05:50 [INFO] src.modules.username_search: Username search complete: id → found on 5/12 platforms
18:05:50 [WARNING] src.modules.google_dorks: Google rate limited (429) for query: site:twitter.com "id" OR site:linkedin.com "id" OR site:github.com "id" OR site:instagram.com "id"
18:05:50 [WARNING] src.modules.google_dorks: Pattern 'social_platforms' failed: Rate limited by Google (429)
18:05:51 [WARNING] src.modules.google_dorks: Google rate limited (429) for query: intitle:"profile" "id" OR intitle:"user" "id"
18:05:51 [WARNING] src.modules.google_dorks: Pattern 'profile_pages' failed: Rate limited by Google (429)
18:05:51 [INFO] src.modules.google_dorks: Google Dorks search discovered 0 artifacts
18:05:51 [INFO] src.orchestrator: Plugin system processed 2 plugins, discovered 0 artifacts
18:05:51 [INFO] src.orchestrator: Processing: username=mail.yahoo.com (depth=2, queue_size=159)
18:05:52 [ERROR] src.modules.username_search: Exception checking Reddit: 'expected_status'
18:05:52 [ERROR] src.modules.username_search: Exception checking GitLab: 'expected_status'
18:05:52 [INFO] src.modules.username_search: Found mail.yahoo.com on Instagram
18:05:52 [INFO] src.modules.username_search: Found mail.yahoo.com on Steam
18:05:52 [INFO] src.modules.username_search: Found mail.yahoo.com on Medium
18:05:52 [INFO] src.modules.username_search: Found mail.yahoo.com on Mastodon
18:05:52 [INFO] src.modules.username_search: Found mail.yahoo.com on Pinterest
18:05:52 [INFO] src.modules.username_search: Username search complete: mail.yahoo.com → found on 5/12 platforms
18:05:52 [INFO] src.modules.google_dorks: Limiting patterns from 8 to 3 to avoid rate limiting
18:05:52 [INFO] src.modules.google_dorks: Searching for username 'mail.yahoo.com' with 3 dork patterns
18:05:52 [INFO] src.modules.google_dorks: Pattern 'simple_search' found 10 results
18:05:52 [INFO] src.modules.google_dorks: Pattern 'profile_pages' found 1 results
18:05:53 [INFO] src.modules.google_dorks: DuckDuckGo search found 0 results for pattern 'social_platforms'
18:05:53 [WARNING] src.modules.google_dorks: Pattern 'social_platforms' failed: None
18:05:53 [WARNING] src.modules.google_dorks: Limiting Google Dorks results from 11 to 10 to prevent exponential growth
18:05:53 [INFO] src.modules.google_dorks: Google Dorks search discovered 22 artifacts
18:05:53 [INFO] src.orchestrator: Google Dorks found 22 artifacts for username mail.yahoo.com
18:05:53 [INFO] src.modules.google_dorks: Limiting patterns from 8 to 3 to avoid rate limiting
18:05:53 [INFO] src.modules.google_dorks: Searching for username 'mail.yahoo.com' with 3 dork patterns
18:05:53 [INFO] src.modules.username_search: Found mail.yahoo.com on Steam
18:05:53 [INFO] src.modules.username_search: Found mail.yahoo.com on Mastodon
18:05:53 [ERROR] src.modules.username_search: Exception checking Reddit: 'expected_status'
18:05:53 [ERROR] src.modules.username_search: Exception checking GitLab: 'expected_status'
18:05:53 [INFO] src.modules.username_search: Found mail.yahoo.com on Instagram
18:05:53 [INFO] src.modules.username_search: Found mail.yahoo.com on Pinterest
18:05:53 [INFO] src.modules.username_search: Found mail.yahoo.com on Medium
18:05:53 [INFO] src.modules.username_search: Username search complete: mail.yahoo.com → found on 5/12 platforms
18:05:53 [WARNING] src.modules.google_dorks: Google rate limited (429) for query: site:twitter.com "mail.yahoo.com" OR site:linkedin.com "mail.yahoo.com" OR site:github.com "mail.yahoo.com" OR site:instagram.com "mail.yahoo.com"
18:05:53 [WARNING] src.modules.google_dorks: Pattern 'social_platforms' failed: Rate limited by Google (429)
18:05:54 [WARNING] src.modules.google_dorks: Google rate limited (429) for query: intitle:"profile" "mail.yahoo.com" OR intitle:"user" "mail.yahoo.com"
18:05:54 [WARNING] src.modules.google_dorks: Pattern 'profile_pages' failed: Rate limited by Google (429)
18:05:55 [WARNING] src.modules.google_dorks: Google rate limited (429) for query: mail.yahoo.com
18:05:55 [WARNING] src.modules.google_dorks: Pattern 'simple_search' failed: Rate limited by Google (429)
18:05:55 [INFO] src.modules.google_dorks: Google Dorks search discovered 0 artifacts
18:05:55 [INFO] src.orchestrator: Plugin system processed 2 plugins, discovered 0 artifacts
18:05:55 [INFO] src.orchestrator: Processing: domain=mail.yahoo.com (depth=2, queue_size=158)
18:05:55 [WARNING] src.orchestrator: Unknown artifact type: domain
18:05:55 [ERROR] src.orchestrator: External tools processing failed for mail.yahoo.com: 'WhoisIntegration' object has no attribute 'search_username'
18:05:56 [INFO] src.orchestrator: Plugin system processed 2 plugins, discovered 7 artifacts
18:05:56 [INFO] src.orchestrator: Processing: username=login.yahoo.com (depth=2, queue_size=157)
18:05:56 [ERROR] src.modules.username_search: Exception checking Reddit: 'expected_status'
18:05:56 [ERROR] src.modules.username_search: Exception checking GitLab: 'expected_status'
18:05:56 [INFO] src.modules.username_search: Found login.yahoo.com on Instagram
18:05:56 [INFO] src.modules.username_search: Found login.yahoo.com on Steam
18:05:56 [INFO] src.modules.username_search: Found login.yahoo.com on Pinterest
18:05:57 [INFO] src.modules.username_search: Found login.yahoo.com on Mastodon
18:05:57 [INFO] src.modules.username_search: Found login.yahoo.com on Medium
18:05:57 [INFO] src.modules.username_search: Username search complete: login.yahoo.com → found on 5/12 platforms
18:05:57 [INFO] src.modules.google_dorks: Limiting patterns from 8 to 3 to avoid rate limiting
18:05:57 [INFO] src.modules.google_dorks: Searching for username 'login.yahoo.com' with 3 dork patterns
18:05:57 [INFO] src.modules.google_dorks: Pattern 'simple_search' found 10 results
18:05:58 [INFO] src.modules.google_dorks: DuckDuckGo search found 0 results for pattern 'profile_pages'
18:05:58 [INFO] src.modules.google_dorks: DuckDuckGo search found 0 results for pattern 'social_platforms'
18:05:58 [WARNING] src.modules.google_dorks: Pattern 'profile_pages' failed: None
18:05:58 [WARNING] src.modules.google_dorks: Pattern 'social_platforms' failed: None
18:05:58 [INFO] src.modules.google_dorks: Google Dorks search discovered 20 artifacts
18:05:58 [INFO] src.orchestrator: Google Dorks found 20 artifacts for username login.yahoo.com
18:05:58 [INFO] src.modules.google_dorks: Limiting patterns from 8 to 3 to avoid rate limiting
18:05:58 [INFO] src.modules.google_dorks: Searching for username 'login.yahoo.com' with 3 dork patterns
18:05:59 [ERROR] src.modules.username_search: Exception checking GitLab: 'expected_status'
18:05:59 [INFO] src.modules.username_search: Found login.yahoo.com on Instagram
18:05:59 [INFO] src.modules.username_search: Found login.yahoo.com on Mastodon
18:05:59 [INFO] src.modules.username_search: Found login.yahoo.com on Steam
18:05:59 [ERROR] src.modules.username_search: Exception checking Reddit: 'expected_status'
18:05:59 [INFO] src.modules.username_search: Found login.yahoo.com on Medium
18:05:59 [INFO] src.modules.username_search: Found login.yahoo.com on Pinterest
18:05:59 [INFO] src.modules.username_search: Username search complete: login.yahoo.com → found on 5/12 platforms
18:06:00 [WARNING] src.modules.google_dorks: Google rate limited (429) for query: login.yahoo.com
18:06:00 [WARNING] src.modules.google_dorks: Pattern 'simple_search' failed: Rate limited by Google (429)
18:06:00 [WARNING] src.modules.google_dorks: Google rate limited (429) for query: site:twitter.com "login.yahoo.com" OR site:linkedin.com "login.yahoo.com" OR site:github.com "login.yahoo.com" OR site:instagram.com "login.yahoo.com"
18:06:00 [WARNING] src.modules.google_dorks: Pattern 'social_platforms' failed: Rate limited by Google (429)
18:06:02 [WARNING] src.modules.google_dorks: Google rate limited (429) for query: intitle:"profile" "login.yahoo.com" OR intitle:"user" "login.yahoo.com"
18:06:02 [WARNING] src.modules.google_dorks: Pattern 'profile_pages' failed: Rate limited by Google (429)
18:06:02 [INFO] src.modules.google_dorks: Google Dorks search discovered 0 artifacts
18:06:02 [INFO] src.orchestrator: Plugin system processed 2 plugins, discovered 0 artifacts
18:06:02 [INFO] src.orchestrator: Processing: domain=login.yahoo.com (depth=2, queue_size=156)
18:06:02 [WARNING] src.orchestrator: Unknown artifact type: domain
18:06:02 [ERROR] src.orchestrator: External tools processing failed for login.yahoo.com: 'WhoisIntegration' object has no attribute 'search_username'
18:06:03 [INFO] src.orchestrator: Plugin system processed 2 plugins, discovered 5 artifacts
18:06:03 [INFO] src.orchestrator: Processing: username=log-in (depth=2, queue_size=155)
18:06:03 [INFO] src.modules.username_search: Found log-in on GitHub
18:06:03 [ERROR] src.modules.username_search: Exception checking Reddit: 'expected_status'
18:06:03 [INFO] src.modules.username_search: Found log-in on Instagram
18:06:03 [ERROR] src.modules.username_search: Exception checking GitLab: 'expected_status'
18:06:04 [INFO] src.modules.username_search: Found log-in on Steam
18:06:04 [INFO] src.modules.username_search: Found log-in on Pinterest
18:06:04 [INFO] src.modules.username_search: Found log-in on Medium
18:06:04 [INFO] src.modules.username_search: Username search complete: log-in → found on 5/12 platforms
18:06:04 [INFO] src.modules.google_dorks: Limiting patterns from 8 to 3 to avoid rate limiting
18:06:04 [INFO] src.modules.google_dorks: Searching for username 'log-in' with 3 dork patterns
18:06:04 [INFO] src.modules.google_dorks: Pattern 'simple_search' found 10 results
18:06:04 [INFO] src.modules.google_dorks: Pattern 'profile_pages' found 10 results
18:06:04 [INFO] src.modules.google_dorks: DuckDuckGo search found 0 results for pattern 'social_platforms'
18:06:04 [WARNING] src.modules.google_dorks: Pattern 'social_platforms' failed: None
18:06:04 [WARNING] src.modules.google_dorks: Limiting Google Dorks results from 20 to 10 to prevent exponential growth
18:06:04 [INFO] src.modules.google_dorks: Google Dorks search discovered 40 artifacts
18:06:04 [INFO] src.orchestrator: Google Dorks found 40 artifacts for username log-in
18:06:04 [INFO] src.modules.google_dorks: Limiting patterns from 8 to 3 to avoid rate limiting
18:06:04 [INFO] src.modules.google_dorks: Searching for username 'log-in' with 3 dork patterns
18:06:04 [INFO] src.modules.username_search: Found log-in on GitHub
18:06:04 [INFO] src.modules.username_search: Found log-in on Steam
18:06:04 [ERROR] src.modules.username_search: Exception checking GitLab: 'expected_status'
18:06:04 [ERROR] src.modules.username_search: Exception checking Reddit: 'expected_status'
18:06:04 [INFO] src.modules.username_search: Found log-in on Instagram
18:06:05 [INFO] src.modules.username_search: Found log-in on Medium
18:06:05 [INFO] src.modules.username_search: Found log-in on Pinterest
18:06:05 [INFO] src.modules.username_search: Username search complete: log-in → found on 5/12 platforms
18:06:05 [WARNING] src.modules.google_dorks: Google rate limited (429) for query: log-in
18:06:05 [WARNING] src.modules.google_dorks: Pattern 'simple_search' failed: Rate limited by Google (429)
18:06:06 [WARNING] src.modules.google_dorks: Google rate limited (429) for query: site:twitter.com "log-in" OR site:linkedin.com "log-in" OR site:github.com "log-in" OR site:instagram.com "log-in"
18:06:06 [WARNING] src.modules.google_dorks: Pattern 'social_platforms' failed: Rate limited by Google (429)
18:06:07 [WARNING] src.modules.google_dorks: Google rate limited (429) for query: intitle:"profile" "log-in" OR intitle:"user" "log-in"
18:06:07 [WARNING] src.modules.google_dorks: Pattern 'profile_pages' failed: Rate limited by Google (429)
18:06:07 [INFO] src.modules.google_dorks: Google Dorks search discovered 0 artifacts
18:06:07 [INFO] src.orchestrator: Plugin system processed 2 plugins, discovered 0 artifacts
18:06:07 [INFO] src.orchestrator: Processing: domain=microsoft.com (depth=2, queue_size=154)
18:06:07 [WARNING] src.orchestrator: Unknown artifact type: domain
18:06:07 [ERROR] src.orchestrator: External tools processing failed for microsoft.com: 'WhoisIntegration' object has no attribute 'search_username'
18:06:07 [INFO] src.orchestrator: Plugin system processed 2 plugins, discovered 6 artifacts
18:06:07 [INFO] src.orchestrator: Processing: username=mail (depth=2, queue_size=153)
18:06:07 [INFO] src.modules.username_search: Found mail on GitHub
18:06:07 [ERROR] src.modules.username_search: Exception checking Reddit: 'expected_status'
18:06:07 [ERROR] src.modules.username_search: Exception checking GitLab: 'expected_status'
18:06:07 [INFO] src.modules.username_search: Found mail on Instagram
18:06:08 [INFO] src.modules.username_search: Found mail on Keybase
18:06:08 [INFO] src.modules.username_search: Found mail on Mastodon
18:06:08 [INFO] src.modules.username_search: Found mail on Medium
18:06:08 [INFO] src.modules.username_search: Found mail on Pinterest
18:06:08 [INFO] src.modules.username_search: Found mail on Steam
18:06:08 [INFO] src.modules.username_search: Username search complete: mail → found on 7/12 platforms
18:06:08 [INFO] src.modules.google_dorks: Limiting patterns from 8 to 3 to avoid rate limiting
18:06:08 [INFO] src.modules.google_dorks: Searching for username 'mail' with 3 dork patterns
18:06:08 [INFO] src.modules.google_dorks: Pattern 'simple_search' found 10 results
18:06:08 [INFO] src.modules.google_dorks: Pattern 'profile_pages' found 4 results
18:06:08 [INFO] src.modules.google_dorks: DuckDuckGo search found 0 results for pattern 'social_platforms'
18:06:08 [WARNING] src.modules.google_dorks: Pattern 'social_platforms' failed: None
18:06:08 [WARNING] src.modules.google_dorks: Limiting Google Dorks results from 14 to 10 to prevent exponential growth
18:06:08 [INFO] src.modules.google_dorks: Google Dorks search discovered 28 artifacts
18:06:08 [INFO] src.orchestrator: Google Dorks found 28 artifacts for username mail
18:06:08 [INFO] src.modules.google_dorks: Limiting patterns from 8 to 3 to avoid rate limiting
18:06:08 [INFO] src.modules.google_dorks: Searching for username 'mail' with 3 dork patterns
18:06:08 [INFO] src.modules.username_search: Found mail on GitHub
18:06:08 [INFO] src.modules.username_search: Found mail on Mastodon
18:06:08 [INFO] src.modules.username_search: Found mail on Keybase
18:06:08 [ERROR] src.modules.username_search: Exception checking GitLab: 'expected_status'
18:06:08 [INFO] src.modules.username_search: Found mail on Instagram
18:06:08 [INFO] src.modules.username_search: Found mail on Steam
18:06:09 [ERROR] src.modules.username_search: Exception checking Reddit: 'expected_status'
18:06:09 [INFO] src.modules.username_search: Found mail on Pinterest
18:06:09 [WARNING] src.modules.google_dorks: Google rate limited (429) for query: mail
18:06:09 [WARNING] src.modules.google_dorks: Pattern 'simple_search' failed: Rate limited by Google (429)
18:06:09 [INFO] src.modules.username_search: Found mail on Medium
18:06:09 [INFO] src.modules.username_search: Username search complete: mail → found on 7/12 platforms
18:06:10 [WARNING] src.modules.google_dorks: Google rate limited (429) for query: site:twitter.com "mail" OR site:linkedin.com "mail" OR site:github.com "mail" OR site:instagram.com "mail"
18:06:10 [WARNING] src.modules.google_dorks: Pattern 'social_platforms' failed: Rate limited by Google (429)
18:06:11 [WARNING] src.modules.google_dorks: Google rate limited (429) for query: intitle:"profile" "mail" OR intitle:"user" "mail"
18:06:11 [WARNING] src.modules.google_dorks: Pattern 'profile_pages' failed: Rate limited by Google (429)
18:06:11 [INFO] src.modules.google_dorks: Google Dorks search discovered 0 artifacts
18:06:11 [INFO] src.orchestrator: Plugin system processed 2 plugins, discovered 0 artifacts
18:06:11 [INFO] src.orchestrator: Processing: domain=mail.services.live.com (depth=2, queue_size=152)
18:06:11 [WARNING] src.orchestrator: Unknown artifact type: domain
18:06:11 [ERROR] src.orchestrator: External tools processing failed for mail.services.live.com: 'WhoisIntegration' object has no attribute 'search_username'
18:06:11 [INFO] src.orchestrator: Plugin system processed 2 plugins, discovered 22 artifacts
18:06:11 [INFO] src.orchestrator: Processing: username=login.html?authRedirect=true (depth=2, queue_size=151)
18:06:11 [ERROR] src.modules.username_search: Exception checking Reddit: 'expected_status'
18:06:12 [INFO] src.modules.username_search: Found login.html?authRedirect=true on Steam
18:06:12 [ERROR] src.modules.username_search: Exception checking GitLab: 'expected_status'
18:06:12 [INFO] src.modules.username_search: Found login.html?authRedirect=true on Instagram
18:06:12 [INFO] src.modules.username_search: Found login.html?authRedirect=true on Medium
18:06:12 [INFO] src.modules.username_search: Found login.html?authRedirect=true on Mastodon
18:06:12 [INFO] src.modules.username_search: Found login.html?authRedirect=true on Pinterest
18:06:12 [INFO] src.modules.username_search: Username search complete: login.html?authRedirect=true → found on 5/12 platforms
18:06:12 [INFO] src.modules.google_dorks: Limiting patterns from 8 to 3 to avoid rate limiting
18:06:12 [INFO] src.modules.google_dorks: Searching for username 'login.html?authRedirect=true' with 3 dork patterns
18:06:12 [INFO] src.modules.google_dorks: Pattern 'simple_search' found 10 results
18:06:12 [INFO] src.modules.google_dorks: DuckDuckGo search found 0 results for pattern 'social_platforms'
18:06:12 [WARNING] src.modules.google_dorks: Pattern 'social_platforms' failed: None
18:06:12 [INFO] src.modules.google_dorks: DuckDuckGo search found 0 results for pattern 'profile_pages'
18:06:12 [WARNING] src.modules.google_dorks: Pattern 'profile_pages' failed: None
18:06:12 [INFO] src.modules.google_dorks: Google Dorks search discovered 20 artifacts
18:06:12 [INFO] src.orchestrator: Google Dorks found 20 artifacts for username login.html?authRedirect=true
18:06:12 [INFO] src.modules.google_dorks: Limiting patterns from 8 to 3 to avoid rate limiting
18:06:12 [INFO] src.modules.google_dorks: Searching for username 'login.html?authRedirect=true' with 3 dork patterns
18:06:13 [ERROR] src.modules.username_search: Exception checking Reddit: 'expected_status'
18:06:13 [INFO] src.modules.username_search: Found login.html?authRedirect=true on Mastodon
18:06:13 [ERROR] src.modules.username_search: Exception checking GitLab: 'expected_status'
18:06:13 [INFO] src.modules.username_search: Found login.html?authRedirect=true on Instagram
18:06:13 [INFO] src.modules.username_search: Found login.html?authRedirect=true on Pinterest
18:06:13 [INFO] src.modules.username_search: Found login.html?authRedirect=true on Medium
18:06:13 [WARNING] src.modules.google_dorks: Google rate limited (429) for query: login.html?authRedirect=true
18:06:13 [WARNING] src.modules.google_dorks: Pattern 'simple_search' failed: Rate limited by Google (429)
18:06:14 [INFO] src.modules.username_search: Found login.html?authRedirect=true on Steam
18:06:14 [INFO] src.modules.username_search: Username search complete: login.html?authRedirect=true → found on 5/12 platforms
18:06:14 [WARNING] src.modules.google_dorks: Google rate limited (429) for query: intitle:"profile" "login.html?authRedirect=true" OR intitle:"user" "login.html?authRedirect=true"
18:06:14 [WARNING] src.modules.google_dorks: Pattern 'profile_pages' failed: Rate limited by Google (429)
18:06:15 [WARNING] src.modules.google_dorks: Google rate limited (429) for query: site:twitter.com "login.html?authRedirect=true" OR site:linkedin.com "login.html?authRedirect=true" OR site:github.com "login.html?authRedirect=true" OR site:instagram.com "login.html?authRedirect=true"
18:06:15 [WARNING] src.modules.google_dorks: Pattern 'social_platforms' failed: Rate limited by Google (429)
18:06:15 [INFO] src.modules.google_dorks: Google Dorks search discovered 0 artifacts
18:06:15 [INFO] src.orchestrator: Plugin system processed 2 plugins, discovered 0 artifacts
18:06:15 [INFO] src.orchestrator: Processing: ip=192.178.211.84 (depth=2, queue_size=150)
18:06:15 [WARNING] src.orchestrator: Unknown artifact type: ip
18:06:15 [INFO] src.orchestrator: Plugin system processed 1 plugins, discovered 0 artifacts
18:06:15 [INFO] src.orchestrator: Processing: mail_server=5 gmr-smtp-in.l.google.com. (depth=2, queue_size=149)
18:06:15 [WARNING] src.orchestrator: Unknown artifact type: mail_server
18:06:15 [WARNING] src.plugins.manager: No plugins available for artifact type: mail_server
18:06:15 [INFO] src.orchestrator: Plugin system processed 0 plugins, discovered 0 artifacts
18:06:15 [INFO] src.orchestrator: Processing: mail_server=20 alt2.gmr-smtp-in.l.google.com. (depth=2, queue_size=148)
18:06:15 [WARNING] src.orchestrator: Unknown artifact type: mail_server
18:06:15 [WARNING] src.plugins.manager: No plugins available for artifact type: mail_server
18:06:15 [INFO] src.orchestrator: Plugin system processed 0 plugins, discovered 0 artifacts
18:06:15 [INFO] src.orchestrator: Processing: mail_server=40 alt4.gmr-smtp-in.l.google.com. (depth=2, queue_size=147)
18:06:15 [WARNING] src.orchestrator: Unknown artifact type: mail_server
18:06:15 [WARNING] src.plugins.manager: No plugins available for artifact type: mail_server
18:06:15 [INFO] src.orchestrator: Plugin system processed 0 plugins, discovered 0 artifacts
18:06:15 [INFO] src.orchestrator: Processing: mail_server=10 alt1.gmr-smtp-in.l.google.com. (depth=2, queue_size=146)
18:06:15 [WARNING] src.orchestrator: Unknown artifact type: mail_server
18:06:15 [WARNING] src.plugins.manager: No plugins available for artifact type: mail_server
18:06:15 [INFO] src.orchestrator: Plugin system processed 0 plugins, discovered 0 artifacts
18:06:15 [INFO] src.orchestrator: Processing: mail_server=30 alt3.gmr-smtp-in.l.google.com. (depth=2, queue_size=145)
18:06:15 [WARNING] src.orchestrator: Unknown artifact type: mail_server
18:06:15 [WARNING] src.plugins.manager: No plugins available for artifact type: mail_server
18:06:15 [INFO] src.orchestrator: Plugin system processed 0 plugins, discovered 0 artifacts
18:06:15 [INFO] src.orchestrator: Processing: platform_presence=https://keybase.io/Login (depth=2, queue_size=144)
18:06:15 [WARNING] src.orchestrator: Unknown artifact type: platform_presence
18:06:15 [WARNING] src.plugins.manager: No plugins available for artifact type: platform_presence
18:06:15 [INFO] src.orchestrator: Plugin system processed 0 plugins, discovered 0 artifacts
18:06:15 [INFO] src.orchestrator: Processing: platform_presence=https://www.instagram.com/Login/ (depth=2, queue_size=143)
18:06:15 [WARNING] src.orchestrator: Unknown artifact type: platform_presence
18:06:15 [WARNING] src.plugins.manager: No plugins available for artifact type: platform_presence
18:06:15 [INFO] src.orchestrator: Plugin system processed 0 plugins, discovered 0 artifacts
18:06:15 [INFO] src.orchestrator: Processing: platform_presence=https://mastodon.social/@Login (depth=2, queue_size=142)
18:06:15 [WARNING] src.orchestrator: Unknown artifact type: platform_presence
18:06:16 [WARNING] src.plugins.manager: No plugins available for artifact type: platform_presence
18:06:16 [INFO] src.orchestrator: Plugin system processed 0 plugins, discovered 0 artifacts
18:06:16 [INFO] src.orchestrator: Processing: platform_presence=https://medium.com/@Login (depth=2, queue_size=141)
18:06:16 [WARNING] src.orchestrator: Unknown artifact type: platform_presence
18:06:16 [WARNING] src.plugins.manager: No plugins available for artifact type: platform_presence
18:06:16 [INFO] src.orchestrator: Plugin system processed 0 plugins, discovered 0 artifacts
18:06:16 [INFO] src.orchestrator: Processing: platform_presence=https://www.pinterest.com/Login/ (depth=2, queue_size=140)
18:06:16 [WARNING] src.orchestrator: Unknown artifact type: platform_presence
18:06:16 [WARNING] src.plugins.manager: No plugins available for artifact type: platform_presence
18:06:16 [INFO] src.orchestrator: Plugin system processed 0 plugins, discovered 0 artifacts
18:06:16 [INFO] src.orchestrator: Processing: username=www.office.com (depth=2, queue_size=139)
18:06:16 [ERROR] src.modules.username_search: Exception checking Reddit: 'expected_status'
18:06:16 [ERROR] src.modules.username_search: Exception checking GitLab: 'expected_status'
18:06:16 [INFO] src.modules.username_search: Found www.office.com on Instagram
18:06:16 [INFO] src.modules.username_search: Found www.office.com on Steam
18:06:16 [INFO] src.modules.username_search: Found www.office.com on Medium
18:06:16 [INFO] src.modules.username_search: Found www.office.com on Mastodon
18:06:17 [INFO] src.modules.username_search: Found www.office.com on Pinterest
18:06:17 [INFO] src.modules.username_search: Username search complete: www.office.com → found on 5/12 platforms
18:06:17 [INFO] src.modules.google_dorks: Limiting patterns from 8 to 3 to avoid rate limiting
18:06:17 [INFO] src.modules.google_dorks: Searching for username 'www.office.com' with 3 dork patterns
18:06:17 [INFO] src.modules.google_dorks: DuckDuckGo search found 0 results for pattern 'profile_pages'
18:06:17 [INFO] src.modules.google_dorks: DuckDuckGo search found 0 results for pattern 'simple_search'
18:06:17 [INFO] src.modules.google_dorks: DuckDuckGo search found 0 results for pattern 'social_platforms'
18:06:17 [WARNING] src.modules.google_dorks: Pattern 'profile_pages' failed: None
18:06:17 [WARNING] src.modules.google_dorks: Pattern 'simple_search' failed: None
18:06:17 [WARNING] src.modules.google_dorks: Pattern 'social_platforms' failed: None
18:06:17 [INFO] src.modules.google_dorks: Google Dorks search discovered 0 artifacts
18:06:17 [INFO] src.modules.google_dorks: Limiting patterns from 8 to 3 to avoid rate limiting
18:06:17 [INFO] src.modules.google_dorks: Searching for username 'www.office.com' with 3 dork patterns
18:06:17 [INFO] src.modules.username_search: Found www.office.com on Mastodon
18:06:17 [INFO] src.modules.username_search: Found www.office.com on Steam
18:06:17 [ERROR] src.modules.username_search: Exception checking Reddit: 'expected_status'
18:06:17 [ERROR] src.modules.username_search: Exception checking GitLab: 'expected_status'
18:06:17 [INFO] src.modules.username_search: Found www.office.com on Medium
18:06:17 [INFO] src.modules.username_search: Found www.office.com on Instagram
18:06:18 [INFO] src.modules.username_search: Found www.office.com on Pinterest
18:06:18 [INFO] src.modules.username_search: Username search complete: www.office.com → found on 5/12 platforms
18:06:18 [WARNING] src.modules.google_dorks: Google rate limited (429) for query: site:twitter.com "www.office.com" OR site:linkedin.com "www.office.com" OR site:github.com "www.office.com" OR site:instagram.com "www.office.com"
18:06:18 [WARNING] src.modules.google_dorks: Pattern 'social_platforms' failed: Rate limited by Google (429)
18:06:19 [WARNING] src.modules.google_dorks: Google rate limited (429) for query: www.office.com
18:06:19 [WARNING] src.modules.google_dorks: Pattern 'simple_search' failed: Rate limited by Google (429)
18:06:20 [WARNING] src.modules.google_dorks: Google rate limited (429) for query: intitle:"profile" "www.office.com" OR intitle:"user" "www.office.com"
18:06:20 [WARNING] src.modules.google_dorks: Pattern 'profile_pages' failed: Rate limited by Google (429)
18:06:20 [INFO] src.modules.google_dorks: Google Dorks search discovered 0 artifacts
18:06:20 [INFO] src.orchestrator: Plugin system processed 2 plugins, discovered 0 artifacts
18:06:20 [INFO] src.orchestrator: Processing: domain=office.com (depth=2, queue_size=138)
18:06:20 [WARNING] src.orchestrator: Unknown artifact type: domain
18:06:20 [ERROR] src.orchestrator: External tools processing failed for office.com: 'WhoisIntegration' object has no attribute 'search_username'
18:06:20 [INFO] src.orchestrator: Plugin system processed 2 plugins, discovered 5 artifacts
18:06:20 [INFO] src.orchestrator: Processing: username=login.php (depth=2, queue_size=137)
18:06:20 [INFO] src.modules.username_search: Found login.php on Steam
18:06:20 [ERROR] src.modules.username_search: Exception checking Reddit: 'expected_status'
18:06:20 [ERROR] src.modules.username_search: Exception checking GitLab: 'expected_status'
18:06:20 [INFO] src.modules.username_search: Found login.php on Instagram
18:06:21 [INFO] src.modules.username_search: Found login.php on Pinterest
18:06:30 [WARNING] urllib3.connectionpool: Retrying (Retry(total=1, connect=None, read=None, redirect=None, status=None)) after connection broken by 'ReadTimeoutError("HTTPSConnectionPool(host='mastodon.social', port=443): Read timed out. (read timeout=10)")': /@login.php
18:21:41 [WARNING] urllib3.connectionpool: Retrying (Retry(total=0, connect=None, read=None, redirect=None, status=None)) after connection broken by 'ReadTimeoutError("HTTPSConnectionPool(host='mastodon.social', port=443): Read timed out. (read timeout=10)")': /@login.php
18:21:51 [INFO] src.modules.username_search: Username search complete: login.php → found on 3/12 platforms
18:21:51 [INFO] src.modules.google_dorks: Limiting patterns from 8 to 3 to avoid rate limiting
18:21:51 [INFO] src.modules.google_dorks: Searching for username 'login.php' with 3 dork patterns
18:21:51 [INFO] src.modules.google_dorks: DuckDuckGo search found 0 results for pattern 'profile_pages'
18:21:51 [WARNING] src.modules.google_dorks: Pattern 'profile_pages' failed: None
18:21:51 [INFO] src.modules.google_dorks: DuckDuckGo search found 0 results for pattern 'social_platforms'
18:21:51 [WARNING] src.modules.google_dorks: Pattern 'social_platforms' failed: None
18:21:52 [INFO] src.modules.google_dorks: DuckDuckGo search found 0 results for pattern 'simple_search'
18:21:52 [WARNING] src.modules.google_dorks: Pattern 'simple_search' failed: None
18:21:52 [INFO] src.modules.google_dorks: Google Dorks search discovered 0 artifacts
18:21:52 [INFO] src.modules.google_dorks: Limiting patterns from 8 to 3 to avoid rate limiting
18:21:52 [INFO] src.modules.google_dorks: Searching for username 'login.php' with 3 dork patterns
18:21:52 [WARNING] urllib3.connectionpool: Retrying (Retry(total=1, connect=None, read=None, redirect=None, status=None)) after connection broken by 'RemoteDisconnected('Remote end closed connection without response')': /login.php
18:21:52 [WARNING] urllib3.connectionpool: Retrying (Retry(total=1, connect=None, read=None, redirect=None, status=None)) after connection broken by 'RemoteDisconnected('Remote end closed connection without response')': /in/login.php/
18:21:52 [WARNING] urllib3.connectionpool: Retrying (Retry(total=1, connect=None, read=None, redirect=None, status=None)) after connection broken by 'RemoteDisconnected('Remote end closed connection without response')': /@login.php
18:21:52 [WARNING] urllib3.connectionpool: Retrying (Retry(total=1, connect=None, read=None, redirect=None, status=None)) after connection broken by 'RemoteDisconnected('Remote end closed connection without response')': /login.php/
18:21:52 [WARNING] urllib3.connectionpool: Retrying (Retry(total=1, connect=None, read=None, redirect=None, status=None)) after connection broken by 'RemoteDisconnected('Remote end closed connection without response')': /api/v4/users?username=login.php
18:21:52 [WARNING] urllib3.connectionpool: Retrying (Retry(total=1, connect=None, read=None, redirect=None, status=None)) after connection broken by 'RemoteDisconnected('Remote end closed connection without response')': /users/login.php
18:21:52 [WARNING] urllib3.connectionpool: Retrying (Retry(total=1, connect=None, read=None, redirect=None, status=None)) after connection broken by 'RemoteDisconnected('Remote end closed connection without response')': /login.php/
18:21:52 [WARNING] urllib3.connectionpool: Retrying (Retry(total=1, connect=None, read=None, redirect=None, status=None)) after connection broken by 'RemoteDisconnected('Remote end closed connection without response')': /user?id=login.php
18:21:52 [WARNING] urllib3.connectionpool: Retrying (Retry(total=1, connect=None, read=None, redirect=None, status=None)) after connection broken by 'RemoteDisconnected('Remote end closed connection without response')': /login.php
18:21:52 [WARNING] urllib3.connectionpool: Retrying (Retry(total=1, connect=None, read=None, redirect=None, status=None)) after connection broken by 'RemoteDisconnected('Remote end closed connection without response')': /id/login.php
18:21:52 [ERROR] src.modules.username_search: Exception checking Reddit: 'expected_status'
18:21:52 [ERROR] src.modules.username_search: Exception checking GitLab: 'expected_status'
18:21:52 [INFO] src.modules.username_search: Found login.php on Steam
18:21:52 [INFO] src.modules.username_search: Found login.php on Instagram
18:21:53 [WARNING] src.modules.google_dorks: Google rate limited (429) for query: login.php
18:21:53 [WARNING] src.modules.google_dorks: Pattern 'simple_search' failed: Rate limited by Google (429)
18:21:53 [INFO] src.modules.username_search: Found login.php on Pinterest
18:21:53 [WARNING] src.modules.google_dorks: Google rate limited (429) for query: site:twitter.com "login.php" OR site:linkedin.com "login.php" OR site:github.com "login.php" OR site:instagram.com "login.php"
18:21:53 [WARNING] src.modules.google_dorks: Pattern 'social_platforms' failed: Rate limited by Google (429)
18:21:54 [WARNING] src.modules.google_dorks: Google rate limited (429) for query: intitle:"profile" "login.php" OR intitle:"user" "login.php"
18:21:54 [WARNING] src.modules.google_dorks: Pattern 'profile_pages' failed: Rate limited by Google (429)
18:21:54 [INFO] src.modules.google_dorks: Google Dorks search discovered 0 artifacts
18:22:02 [WARNING] urllib3.connectionpool: Retrying (Retry(total=1, connect=None, read=None, redirect=None, status=None)) after connection broken by 'ReadTimeoutError("HTTPSConnectionPool(host='mastodon.social', port=443): Read timed out. (read timeout=10)")': /@login.php
18:22:14 [WARNING] urllib3.connectionpool: Retrying (Retry(total=0, connect=None, read=None, redirect=None, status=None)) after connection broken by 'ReadTimeoutError("HTTPSConnectionPool(host='mastodon.social', port=443): Read timed out. (read timeout=10)")': /@login.php
18:37:24 [INFO] src.modules.username_search: Username search complete: login.php → found on 3/12 platforms
18:37:24 [INFO] src.orchestrator: Plugin system processed 2 plugins, discovered 0 artifacts
18:37:24 [INFO] src.orchestrator: Processing: username=login.salesforce.com (depth=2, queue_size=136)
18:37:24 [WARNING] urllib3.connectionpool: Retrying (Retry(total=1, connect=None, read=None, redirect=None, status=None)) after connection broken by 'RemoteDisconnected('Remote end closed connection without response')': /user/login.salesforce.com/about.json
18:37:24 [WARNING] urllib3.connectionpool: Retrying (Retry(total=1, connect=None, read=None, redirect=None, status=None)) after connection broken by 'RemoteDisconnected('Remote end closed connection without response')': /@login.salesforce.com
18:37:24 [WARNING] urllib3.connectionpool: Retrying (Retry(total=1, connect=None, read=None, redirect=None, status=None)) after connection broken by 'RemoteDisconnected('Remote end closed connection without response')': /login.salesforce.com
18:37:24 [WARNING] urllib3.connectionpool: Retrying (Retry(total=1, connect=None, read=None, redirect=None, status=None)) after connection broken by 'RemoteDisconnected('Remote end closed connection without response')': /in/login.salesforce.com/
18:37:24 [WARNING] urllib3.connectionpool: Retrying (Retry(total=1, connect=None, read=None, redirect=None, status=None)) after connection broken by 'RemoteDisconnected('Remote end closed connection without response')': /login.salesforce.com/
18:37:24 [WARNING] urllib3.connectionpool: Retrying (Retry(total=1, connect=None, read=None, redirect=None, status=None)) after connection broken by 'RemoteDisconnected('Remote end closed connection without response')': /api/v4/users?username=login.salesforce.com
18:37:24 [WARNING] urllib3.connectionpool: Retrying (Retry(total=1, connect=None, read=None, redirect=None, status=None)) after connection broken by 'RemoteDisconnected('Remote end closed connection without response')': /login.salesforce.com
18:37:24 [WARNING] urllib3.connectionpool: Retrying (Retry(total=1, connect=None, read=None, redirect=None, status=None)) after connection broken by 'RemoteDisconnected('Remote end closed connection without response')': /login.salesforce.com/
18:37:24 [WARNING] urllib3.connectionpool: Retrying (Retry(total=1, connect=None, read=None, redirect=None, status=None)) after connection broken by 'RemoteDisconnected('Remote end closed connection without response')': /user?id=login.salesforce.com
18:37:24 [WARNING] urllib3.connectionpool: Retrying (Retry(total=1, connect=None, read=None, redirect=None, status=None)) after connection broken by 'RemoteDisconnected('Remote end closed connection without response')': /id/login.salesforce.com
18:37:25 [ERROR] src.modules.username_search: Exception checking Reddit: 'expected_status'
18:37:25 [ERROR] src.modules.username_search: Exception checking GitLab: 'expected_status'
18:37:25 [INFO] src.modules.username_search: Found login.salesforce.com on Instagram
18:37:25 [INFO] src.modules.username_search: Found login.salesforce.com on Steam
18:37:25 [INFO] src.modules.username_search: Found login.salesforce.com on Mastodon
18:37:25 [INFO] src.modules.username_search: Found login.salesforce.com on Pinterest
18:37:25 [INFO] src.modules.username_search: Found login.salesforce.com on Medium
18:37:27 [INFO] src.modules.username_search: Username search complete: login.salesforce.com → found on 5/12 platforms
18:37:27 [INFO] src.modules.google_dorks: Limiting patterns from 8 to 3 to avoid rate limiting
18:37:27 [INFO] src.modules.google_dorks: Searching for username 'login.salesforce.com' with 3 dork patterns
18:37:27 [INFO] src.modules.google_dorks: Pattern 'profile_pages' found 1 results
18:37:27 [INFO] src.modules.google_dorks: DuckDuckGo search found 0 results for pattern 'social_platforms'
18:37:27 [INFO] src.modules.google_dorks: DuckDuckGo search found 0 results for pattern 'simple_search'
18:37:27 [WARNING] src.modules.google_dorks: Pattern 'social_platforms' failed: None
18:37:27 [WARNING] src.modules.google_dorks: Pattern 'simple_search' failed: None
18:37:27 [INFO] src.modules.google_dorks: Google Dorks search discovered 2 artifacts
18:37:27 [INFO] src.orchestrator: Google Dorks found 2 artifacts for username login.salesforce.com
18:37:27 [INFO] src.modules.google_dorks: Limiting patterns from 8 to 3 to avoid rate limiting
18:37:27 [INFO] src.modules.google_dorks: Searching for username 'login.salesforce.com' with 3 dork patterns
18:37:28 [INFO] src.modules.username_search: Found login.salesforce.com on Steam
18:37:28 [INFO] src.modules.username_search: Found login.salesforce.com on Mastodon
18:37:28 [ERROR] src.modules.username_search: Exception checking Reddit: 'expected_status'
18:37:28 [ERROR] src.modules.username_search: Exception checking GitLab: 'expected_status'
18:37:28 [INFO] src.modules.username_search: Found login.salesforce.com on Instagram
18:37:28 [WARNING] src.modules.google_dorks: Google rate limited (429) for query: login.salesforce.com
18:37:28 [WARNING] src.modules.google_dorks: Pattern 'simple_search' failed: Rate limited by Google (429)
18:37:28 [INFO] src.modules.username_search: Found login.salesforce.com on Pinterest
18:37:28 [INFO] src.modules.username_search: Found login.salesforce.com on Medium
18:37:28 [INFO] src.modules.username_search: Username search complete: login.salesforce.com → found on 5/12 platforms
18:37:29 [WARNING] src.modules.google_dorks: Google rate limited (429) for query: site:twitter.com "login.salesforce.com" OR site:linkedin.com "login.salesforce.com" OR site:github.com "login.salesforce.com" OR site:instagram.com "login.salesforce.com"
18:37:29 [WARNING] src.modules.google_dorks: Pattern 'social_platforms' failed: Rate limited by Google (429)
18:37:30 [WARNING] src.modules.google_dorks: Google rate limited (429) for query: intitle:"profile" "login.salesforce.com" OR intitle:"user" "login.salesforce.com"
18:37:30 [WARNING] src.modules.google_dorks: Pattern 'profile_pages' failed: Rate limited by Google (429)
18:37:30 [INFO] src.modules.google_dorks: Google Dorks search discovered 0 artifacts
18:37:30 [INFO] src.orchestrator: Plugin system processed 2 plugins, discovered 0 artifacts
18:37:30 [INFO] src.orchestrator: Processing: domain=login.salesforce.com (depth=2, queue_size=135)
18:37:30 [WARNING] src.orchestrator: Unknown artifact type: domain
18:37:30 [ERROR] src.orchestrator: External tools processing failed for login.salesforce.com: 'WhoisIntegration' object has no attribute 'search_username'
18:37:30 [INFO] src.orchestrator: Plugin system processed 2 plugins, discovered 10 artifacts
18:37:30 [INFO] src.orchestrator: Processing: username=inbox (depth=2, queue_size=134)
18:37:31 [INFO] src.modules.username_search: Found inbox on GitHub
18:37:31 [ERROR] src.modules.username_search: Exception checking Reddit: 'expected_status'
18:37:31 [ERROR] src.modules.username_search: Exception checking GitLab: 'expected_status'
18:37:31 [INFO] src.modules.username_search: Found inbox on Instagram
18:37:31 [INFO] src.modules.username_search: Found inbox on Keybase
18:37:31 [INFO] src.modules.username_search: Found inbox on Steam
18:37:31 [INFO] src.modules.username_search: Found inbox on Mastodon
18:37:32 [INFO] src.modules.username_search: Found inbox on Medium
18:37:32 [INFO] src.modules.username_search: Username search complete: inbox → found on 6/12 platforms
18:37:32 [INFO] src.modules.google_dorks: Limiting patterns from 8 to 3 to avoid rate limiting
18:37:32 [INFO] src.modules.google_dorks: Searching for username 'inbox' with 3 dork patterns
18:37:32 [INFO] src.modules.google_dorks: Pattern 'simple_search' found 10 results
18:37:32 [INFO] src.modules.google_dorks: DuckDuckGo search found 0 results for pattern 'social_platforms'
18:37:32 [WARNING] src.modules.google_dorks: Pattern 'social_platforms' failed: None
18:37:32 [INFO] src.modules.google_dorks: DuckDuckGo search found 0 results for pattern 'profile_pages'
18:37:32 [WARNING] src.modules.google_dorks: Pattern 'profile_pages' failed: None
18:37:32 [INFO] src.modules.google_dorks: Google Dorks search discovered 20 artifacts
18:37:32 [INFO] src.orchestrator: Google Dorks found 20 artifacts for username inbox
18:37:32 [INFO] src.modules.google_dorks: Limiting patterns from 8 to 3 to avoid rate limiting
18:37:32 [INFO] src.modules.google_dorks: Searching for username 'inbox' with 3 dork patterns
18:37:32 [INFO] src.modules.username_search: Found inbox on GitHub
18:37:32 [INFO] src.modules.username_search: Found inbox on Mastodon
18:37:32 [INFO] src.modules.username_search: Found inbox on Keybase
18:37:32 [ERROR] src.modules.username_search: Exception checking GitLab: 'expected_status'
18:37:32 [ERROR] src.modules.username_search: Exception checking Reddit: 'expected_status'
18:37:32 [INFO] src.modules.username_search: Found inbox on Instagram
18:37:32 [INFO] src.modules.username_search: Found inbox on Steam
18:37:33 [WARNING] src.modules.google_dorks: Google rate limited (429) for query: inbox
18:37:33 [WARNING] src.modules.google_dorks: Pattern 'simple_search' failed: Rate limited by Google (429)
18:37:33 [INFO] src.modules.username_search: Found inbox on Medium
18:37:33 [INFO] src.modules.username_search: Username search complete: inbox → found on 6/12 platforms
18:37:34 [WARNING] src.modules.google_dorks: Google rate limited (429) for query: site:twitter.com "inbox" OR site:linkedin.com "inbox" OR site:github.com "inbox" OR site:instagram.com "inbox"
18:37:34 [WARNING] src.modules.google_dorks: Pattern 'social_platforms' failed: Rate limited by Google (429)
18:37:34 [WARNING] src.modules.google_dorks: Google rate limited (429) for query: intitle:"profile" "inbox" OR intitle:"user" "inbox"
18:37:34 [WARNING] src.modules.google_dorks: Pattern 'profile_pages' failed: Rate limited by Google (429)
18:37:34 [INFO] src.modules.google_dorks: Google Dorks search discovered 0 artifacts
18:37:34 [INFO] src.orchestrator: Plugin system processed 2 plugins, discovered 0 artifacts
18:37:34 [INFO] src.orchestrator: Processing: username=login (depth=2, queue_size=133)
18:37:35 [INFO] src.modules.username_search: Found login on Keybase
18:37:35 [ERROR] src.modules.username_search: Exception checking Reddit: 'expected_status'
18:37:35 [ERROR] src.modules.username_search: Exception checking GitLab: 'expected_status'
18:37:35 [INFO] src.modules.username_search: Found login on Instagram
18:37:35 [INFO] src.modules.username_search: Found login on Pinterest
18:37:35 [INFO] src.modules.username_search: Found login on Steam
18:37:35 [INFO] src.modules.username_search: Found login on Mastodon
18:37:35 [INFO] src.modules.username_search: Found login on Medium
18:37:35 [INFO] src.modules.username_search: Username search complete: login → found on 6/12 platforms
18:37:35 [INFO] src.modules.google_dorks: Limiting patterns from 8 to 3 to avoid rate limiting
18:37:35 [INFO] src.modules.google_dorks: Searching for username 'login' with 3 dork patterns
18:37:35 [INFO] src.modules.google_dorks: DuckDuckGo search found 0 results for pattern 'profile_pages'
18:37:35 [INFO] src.modules.google_dorks: DuckDuckGo search found 0 results for pattern 'social_platforms'
18:37:35 [WARNING] src.modules.google_dorks: Pattern 'profile_pages' failed: None
18:37:35 [WARNING] src.modules.google_dorks: Pattern 'social_platforms' failed: None
18:37:35 [INFO] src.modules.google_dorks: DuckDuckGo search found 0 results for pattern 'simple_search'
18:37:35 [WARNING] src.modules.google_dorks: Pattern 'simple_search' failed: None
18:37:35 [INFO] src.modules.google_dorks: Google Dorks search discovered 0 artifacts
18:37:35 [INFO] src.modules.google_dorks: Limiting patterns from 8 to 3 to avoid rate limiting
18:37:35 [INFO] src.modules.google_dorks: Searching for username 'login' with 3 dork patterns
18:37:36 [INFO] src.modules.username_search: Found login on Keybase
18:37:36 [ERROR] src.modules.username_search: Exception checking GitLab: 'expected_status'
18:37:36 [INFO] src.modules.username_search: Found login on Mastodon
18:37:36 [ERROR] src.modules.username_search: Exception checking Reddit: 'expected_status'
18:37:36 [INFO] src.modules.username_search: Found login on Instagram
18:37:36 [INFO] src.modules.username_search: Found login on Pinterest
18:37:36 [INFO] src.modules.username_search: Found login on Medium
18:37:36 [INFO] src.modules.username_search: Username search complete: login → found on 5/12 platforms
18:37:37 [WARNING] src.modules.google_dorks: Google rate limited (429) for query: login
18:37:37 [WARNING] src.modules.google_dorks: Pattern 'simple_search' failed: Rate limited by Google (429)
18:37:37 [WARNING] src.modules.google_dorks: Google rate limited (429) for query: site:twitter.com "login" OR site:linkedin.com "login" OR site:github.com "login" OR site:instagram.com "login"
18:37:37 [WARNING] src.modules.google_dorks: Pattern 'social_platforms' failed: Rate limited by Google (429)
18:37:38 [WARNING] src.modules.google_dorks: Google rate limited (429) for query: intitle:"profile" "login" OR intitle:"user" "login"
18:37:38 [WARNING] src.modules.google_dorks: Pattern 'profile_pages' failed: Rate limited by Google (429)
18:37:38 [INFO] src.modules.google_dorks: Google Dorks search discovered 0 artifacts
18:37:38 [INFO] src.orchestrator: Plugin system processed 2 plugins, discovered 0 artifacts
18:37:38 [INFO] src.orchestrator: Processing: domain=myaccount.microsoft.com (depth=2, queue_size=132)
18:37:38 [WARNING] src.orchestrator: Unknown artifact type: domain
18:37:38 [ERROR] src.orchestrator: External tools processing failed for myaccount.microsoft.com: 'WhoisIntegration' object has no attribute 'search_username'
18:37:39 [INFO] src.orchestrator: Plugin system processed 2 plugins, discovered 11 artifacts
18:37:39 [INFO] src.orchestrator: Processing: username=secure.login.gov (depth=2, queue_size=131)
18:37:39 [ERROR] src.modules.username_search: Exception checking Reddit: 'expected_status'
18:37:39 [ERROR] src.modules.username_search: Exception checking GitLab: 'expected_status'
18:37:39 [INFO] src.modules.username_search: Found secure.login.gov on Instagram
18:37:39 [INFO] src.modules.username_search: Found secure.login.gov on Steam
18:37:39 [INFO] src.modules.username_search: Found secure.login.gov on Mastodon
18:37:39 [INFO] src.modules.username_search: Found secure.login.gov on Medium
18:37:41 [INFO] src.modules.username_search: Found secure.login.gov on Pinterest
18:37:41 [INFO] src.modules.username_search: Username search complete: secure.login.gov → found on 5/12 platforms
18:37:41 [INFO] src.modules.google_dorks: Limiting patterns from 8 to 3 to avoid rate limiting
18:37:41 [INFO] src.modules.google_dorks: Searching for username 'secure.login.gov' with 3 dork patterns
18:37:41 [INFO] src.modules.google_dorks: Pattern 'profile_pages' found 1 results
18:37:41 [INFO] src.modules.google_dorks: Pattern 'simple_search' found 10 results
18:37:41 [INFO] src.modules.google_dorks: DuckDuckGo search found 0 results for pattern 'social_platforms'
18:37:41 [WARNING] src.modules.google_dorks: Pattern 'social_platforms' failed: None
18:37:41 [WARNING] src.modules.google_dorks: Limiting Google Dorks results from 11 to 10 to prevent exponential growth
18:37:41 [INFO] src.modules.google_dorks: Google Dorks search discovered 22 artifacts
18:37:41 [INFO] src.orchestrator: Google Dorks found 22 artifacts for username secure.login.gov
18:37:41 [INFO] src.modules.google_dorks: Limiting patterns from 8 to 3 to avoid rate limiting
18:37:41 [INFO] src.modules.google_dorks: Searching for username 'secure.login.gov' with 3 dork patterns
18:37:41 [INFO] src.modules.username_search: Found secure.login.gov on Mastodon
18:37:41 [INFO] src.modules.username_search: Found secure.login.gov on Steam
18:37:41 [ERROR] src.modules.username_search: Exception checking GitLab: 'expected_status'
18:37:41 [ERROR] src.modules.username_search: Exception checking Reddit: 'expected_status'
18:37:41 [INFO] src.modules.username_search: Found secure.login.gov on Instagram
18:37:42 [WARNING] src.modules.google_dorks: Google rate limited (429) for query: site:twitter.com "secure.login.gov" OR site:linkedin.com "secure.login.gov" OR site:github.com "secure.login.gov" OR site:instagram.com "secure.login.gov"
18:37:42 [WARNING] src.modules.google_dorks: Pattern 'social_platforms' failed: Rate limited by Google (429)
18:37:42 [INFO] src.modules.username_search: Found secure.login.gov on Medium
18:37:42 [INFO] src.modules.username_search: Found secure.login.gov on Pinterest
18:37:42 [INFO] src.modules.username_search: Username search complete: secure.login.gov → found on 5/12 platforms
18:37:42 [WARNING] src.modules.google_dorks: Google rate limited (429) for query: secure.login.gov
18:37:42 [WARNING] src.modules.google_dorks: Pattern 'simple_search' failed: Rate limited by Google (429)
18:37:45 [WARNING] src.modules.google_dorks: Google rate limited (429) for query: intitle:"profile" "secure.login.gov" OR intitle:"user" "secure.login.gov"
18:37:45 [WARNING] src.modules.google_dorks: Pattern 'profile_pages' failed: Rate limited by Google (429)
18:37:45 [INFO] src.modules.google_dorks: Google Dorks search discovered 0 artifacts
18:37:45 [INFO] src.orchestrator: Plugin system processed 2 plugins, discovered 0 artifacts
18:37:45 [INFO] src.orchestrator: Processing: domain=secure.login.gov (depth=2, queue_size=130)
18:37:45 [WARNING] src.orchestrator: Unknown artifact type: domain
18:37:45 [ERROR] src.orchestrator: External tools processing failed for secure.login.gov: 'WhoisIntegration' object has no attribute 'search_username'
18:37:46 [INFO] src.orchestrator: Plugin system processed 2 plugins, discovered 11 artifacts
18:37:46 [INFO] src.orchestrator: Processing: username=en (depth=2, queue_size=129)
18:37:46 [INFO] src.modules.username_search: Found en on GitHub
18:37:46 [ERROR] src.modules.username_search: Exception checking GitLab: 'expected_status'
18:37:46 [INFO] src.modules.username_search: Found en on Keybase
18:37:46 [INFO] src.modules.username_search: Found en on Instagram
18:37:46 [ERROR] src.modules.username_search: Exception checking Reddit: 'expected_status'
18:37:47 [INFO] src.modules.username_search: Found en on Mastodon
18:37:47 [INFO] src.modules.username_search: Found en on Pinterest
18:37:47 [INFO] src.modules.username_search: Username search complete: en → found on 5/12 platforms
18:37:47 [INFO] src.modules.google_dorks: Limiting patterns from 8 to 3 to avoid rate limiting
18:37:47 [INFO] src.modules.google_dorks: Searching for username 'en' with 3 dork patterns
18:37:47 [INFO] src.modules.google_dorks: Pattern 'simple_search' found 10 results
18:37:47 [INFO] src.modules.google_dorks: DuckDuckGo search found 0 results for pattern 'profile_pages'
18:37:47 [WARNING] src.modules.google_dorks: Pattern 'profile_pages' failed: None
18:37:47 [INFO] src.modules.google_dorks: DuckDuckGo search found 0 results for pattern 'social_platforms'
18:37:47 [WARNING] src.modules.google_dorks: Pattern 'social_platforms' failed: None
18:37:47 [INFO] src.modules.google_dorks: Google Dorks search discovered 20 artifacts
18:37:47 [INFO] src.orchestrator: Google Dorks found 20 artifacts for username en
18:37:48 [INFO] src.modules.google_dorks: Limiting patterns from 8 to 3 to avoid rate limiting
18:37:48 [INFO] src.modules.google_dorks: Searching for username 'en' with 3 dork patterns
18:37:48 [INFO] src.modules.username_search: Found en on GitHub
18:37:48 [INFO] src.modules.username_search: Found en on Keybase
18:37:48 [ERROR] src.modules.username_search: Exception checking GitLab: 'expected_status'
18:37:48 [INFO] src.modules.username_search: Found en on Mastodon
18:37:48 [ERROR] src.modules.username_search: Exception checking Reddit: 'expected_status'
18:37:49 [WARNING] src.modules.google_dorks: Google rate limited (429) for query: en
18:37:49 [WARNING] src.modules.google_dorks: Pattern 'simple_search' failed: Rate limited by Google (429)
18:37:49 [INFO] src.modules.username_search: Found en on Instagram
18:37:49 [INFO] src.modules.username_search: Found en on Pinterest
18:37:49 [INFO] src.modules.username_search: Username search complete: en → found on 5/12 platforms
18:37:50 [WARNING] src.modules.google_dorks: Google rate limited (429) for query: site:twitter.com "en" OR site:linkedin.com "en" OR site:github.com "en" OR site:instagram.com "en"
18:37:50 [WARNING] src.modules.google_dorks: Pattern 'social_platforms' failed: Rate limited by Google (429)
18:37:50 [WARNING] src.modules.google_dorks: Google rate limited (429) for query: intitle:"profile" "en" OR intitle:"user" "en"
18:37:50 [WARNING] src.modules.google_dorks: Pattern 'profile_pages' failed: Rate limited by Google (429)
18:37:50 [INFO] src.modules.google_dorks: Google Dorks search discovered 0 artifacts
18:37:50 [INFO] src.orchestrator: Plugin system processed 2 plugins, discovered 0 artifacts
18:37:50 [INFO] src.orchestrator: Processing: domain=linkedin.com (depth=2, queue_size=128)
18:37:50 [WARNING] src.orchestrator: Unknown artifact type: domain
18:37:50 [ERROR] src.orchestrator: External tools processing failed for linkedin.com: 'WhoisIntegration' object has no attribute 'search_username'
18:37:51 [INFO] src.orchestrator: Plugin system processed 2 plugins, discovered 13 artifacts
18:37:51 [INFO] src.orchestrator: Processing: domain=my.jfrog.com (depth=2, queue_size=127)
18:37:51 [WARNING] src.orchestrator: Unknown artifact type: domain
18:37:51 [ERROR] src.orchestrator: External tools processing failed for my.jfrog.com: 'WhoisIntegration' object has no attribute 'search_username'
18:37:52 [INFO] src.orchestrator: Plugin system processed 2 plugins, discovered 9 artifacts
18:37:52 [INFO] src.orchestrator: Processing: username=login?request_type=LogonHandler&Face=en_US (depth=2, queue_size=126)
18:37:52 [ERROR] src.modules.username_search: Exception checking Reddit: 'expected_status'
18:37:52 [INFO] src.modules.username_search: Found login?request_type=LogonHandler&Face=en_US on Keybase
18:37:52 [ERROR] src.modules.username_search: Exception checking GitLab: 'expected_status'
18:37:52 [INFO] src.modules.username_search: Found login?request_type=LogonHandler&Face=en_US on Instagram
18:37:52 [INFO] src.modules.username_search: Found login?request_type=LogonHandler&Face=en_US on Medium
18:37:52 [INFO] src.modules.username_search: Found login?request_type=LogonHandler&Face=en_US on Mastodon
18:37:52 [INFO] src.modules.username_search: Username search complete: login?request_type=LogonHandler&Face=en_US → found on 4/12 platforms
18:37:52 [INFO] src.modules.google_dorks: Limiting patterns from 8 to 3 to avoid rate limiting
18:37:52 [INFO] src.modules.google_dorks: Searching for username 'login?request_type=LogonHandler&Face=en_US' with 3 dork patterns
18:37:53 [INFO] src.modules.google_dorks: DuckDuckGo search found 0 results for pattern 'simple_search'
18:37:53 [INFO] src.modules.google_dorks: DuckDuckGo search found 0 results for pattern 'profile_pages'
18:37:53 [WARNING] src.modules.google_dorks: Pattern 'simple_search' failed: None
18:37:53 [WARNING] src.modules.google_dorks: Pattern 'profile_pages' failed: None
18:37:53 [INFO] src.modules.google_dorks: DuckDuckGo search found 0 results for pattern 'social_platforms'
18:37:53 [WARNING] src.modules.google_dorks: Pattern 'social_platforms' failed: None
18:37:53 [INFO] src.modules.google_dorks: Google Dorks search discovered 0 artifacts
18:37:53 [INFO] src.modules.google_dorks: Limiting patterns from 8 to 3 to avoid rate limiting
18:37:53 [INFO] src.modules.google_dorks: Searching for username 'login?request_type=LogonHandler&Face=en_US' with 3 dork patterns
18:37:53 [ERROR] src.modules.username_search: Exception checking Reddit: 'expected_status'
18:37:53 [INFO] src.modules.username_search: Found login?request_type=LogonHandler&Face=en_US on Mastodon
18:37:53 [INFO] src.modules.username_search: Found login?request_type=LogonHandler&Face=en_US on Keybase
18:37:53 [ERROR] src.modules.username_search: Exception checking GitLab: 'expected_status'
18:37:53 [INFO] src.modules.username_search: Found login?request_type=LogonHandler&Face=en_US on Instagram
18:37:53 [INFO] src.modules.username_search: Found login?request_type=LogonHandler&Face=en_US on Medium
18:37:53 [INFO] src.modules.username_search: Username search complete: login?request_type=LogonHandler&Face=en_US → found on 4/12 platforms
18:37:54 [WARNING] src.modules.google_dorks: Google rate limited (429) for query: login?request_type=LogonHandler&Face=en_US
18:37:54 [WARNING] src.modules.google_dorks: Pattern 'simple_search' failed: Rate limited by Google (429)
18:37:55 [WARNING] src.modules.google_dorks: Google rate limited (429) for query: site:twitter.com "login?request_type=LogonHandler&Face=en_US" OR site:linkedin.com "login?request_type=LogonHandler&Face=en_US" OR site:github.com "login?request_type=LogonHandler&Face=en_US" OR site:instagram.com "login?request_type=LogonHandler&Face=en_US"
18:37:55 [WARNING] src.modules.google_dorks: Pattern 'social_platforms' failed: Rate limited by Google (429)
18:37:56 [WARNING] src.modules.google_dorks: Google rate limited (429) for query: intitle:"profile" "login?request_type=LogonHandler&Face=en_US" OR intitle:"user" "login?request_type=LogonHandler&Face=en_US"
18:37:56 [WARNING] src.modules.google_dorks: Pattern 'profile_pages' failed: Rate limited by Google (429)
18:37:56 [INFO] src.modules.google_dorks: Google Dorks search discovered 0 artifacts
18:37:56 [INFO] src.orchestrator: Plugin system processed 2 plugins, discovered 0 artifacts
18:37:56 [INFO] src.orchestrator: Processing: domain=americanexpress.com (depth=2, queue_size=125)
18:37:56 [WARNING] src.orchestrator: Unknown artifact type: domain
18:37:56 [ERROR] src.orchestrator: External tools processing failed for americanexpress.com: 'WhoisIntegration' object has no attribute 'search_username'
18:37:56 [INFO] src.orchestrator: Plugin system processed 2 plugins, discovered 9 artifacts
18:37:56 [INFO] src.orchestrator: Processing: domain=vibe.emindful.com (depth=2, queue_size=124)
18:37:56 [WARNING] src.orchestrator: Unknown artifact type: domain
18:37:56 [ERROR] src.orchestrator: External tools processing failed for vibe.emindful.com: 'WhoisIntegration' object has no attribute 'search_username'
18:37:57 [INFO] src.orchestrator: Plugin system processed 2 plugins, discovered 5 artifacts
18:37:57 [INFO] src.orchestrator: Processing: platform_presence=https://www.instagram.com/dhayanidhir.r.9/ (depth=2, queue_size=123)
18:37:57 [WARNING] src.orchestrator: Unknown artifact type: platform_presence
18:37:57 [WARNING] src.plugins.manager: No plugins available for artifact type: platform_presence
18:37:57 [INFO] src.orchestrator: Plugin system processed 0 plugins, discovered 0 artifacts
18:37:57 [INFO] src.orchestrator: Processing: platform_presence=https://medium.com/@dhayanidhir.r.9 (depth=2, queue_size=122)
18:37:57 [WARNING] src.orchestrator: Unknown artifact type: platform_presence
18:37:57 [WARNING] src.plugins.manager: No plugins available for artifact type: platform_presence
18:37:57 [INFO] src.orchestrator: Plugin system processed 0 plugins, discovered 0 artifacts
18:37:57 [INFO] src.orchestrator: Processing: platform_presence=https://mastodon.social/@dhayanidhir.r.9 (depth=2, queue_size=121)
18:37:57 [WARNING] src.orchestrator: Unknown artifact type: platform_presence
18:37:57 [WARNING] src.plugins.manager: No plugins available for artifact type: platform_presence
18:37:57 [INFO] src.orchestrator: Plugin system processed 0 plugins, discovered 0 artifacts
18:37:57 [INFO] src.orchestrator: Processing: platform_presence=https://steamcommunity.com/id/dhayanidhir.r.9 (depth=2, queue_size=120)
18:37:57 [WARNING] src.orchestrator: Unknown artifact type: platform_presence
18:37:57 [WARNING] src.plugins.manager: No plugins available for artifact type: platform_presence
18:37:57 [INFO] src.orchestrator: Plugin system processed 0 plugins, discovered 0 artifacts
18:37:57 [INFO] src.orchestrator: Processing: platform_presence=https://www.pinterest.com/dhayanidhir.r.9/ (depth=2, queue_size=119)
18:37:57 [WARNING] src.orchestrator: Unknown artifact type: platform_presence
18:37:57 [WARNING] src.plugins.manager: No plugins available for artifact type: platform_presence
18:37:57 [INFO] src.orchestrator: Plugin system processed 0 plugins, discovered 0 artifacts
18:37:57 [INFO] src.orchestrator: Processing: username=dayanidhir.dayanidhir.1 (depth=2, queue_size=118)
18:37:57 [INFO] src.modules.username_search: Found dayanidhir.dayanidhir.1 on Instagram
18:37:57 [ERROR] src.modules.username_search: Exception checking Reddit: 'expected_status'
18:37:57 [ERROR] src.modules.username_search: Exception checking GitLab: 'expected_status'
18:37:57 [INFO] src.modules.username_search: Found dayanidhir.dayanidhir.1 on Mastodon
18:37:57 [INFO] src.modules.username_search: Found dayanidhir.dayanidhir.1 on Steam
18:37:58 [INFO] src.modules.username_search: Found dayanidhir.dayanidhir.1 on Pinterest
18:37:58 [INFO] src.modules.username_search: Found dayanidhir.dayanidhir.1 on Medium
18:37:58 [INFO] src.modules.username_search: Username search complete: dayanidhir.dayanidhir.1 → found on 5/12 platforms
18:37:58 [INFO] src.modules.google_dorks: Limiting patterns from 8 to 3 to avoid rate limiting
18:37:58 [INFO] src.modules.google_dorks: Searching for username 'dayanidhir.dayanidhir.1' with 3 dork patterns
18:37:58 [INFO] src.modules.google_dorks: DuckDuckGo search found 0 results for pattern 'profile_pages'
18:37:58 [WARNING] src.modules.google_dorks: Pattern 'profile_pages' failed: None
18:37:59 [INFO] src.modules.google_dorks: DuckDuckGo search found 10 results for pattern 'simple_search'
18:37:59 [INFO] src.modules.google_dorks: Pattern 'simple_search' found 10 results
18:37:59 [INFO] src.modules.google_dorks: DuckDuckGo search found 0 results for pattern 'social_platforms'
18:37:59 [WARNING] src.modules.google_dorks: Pattern 'social_platforms' failed: None
18:37:59 [INFO] src.modules.google_dorks: Google Dorks search discovered 20 artifacts
18:37:59 [INFO] src.orchestrator: Google Dorks found 20 artifacts for username dayanidhir.dayanidhir.1
18:37:59 [INFO] src.modules.google_dorks: Limiting patterns from 8 to 3 to avoid rate limiting
18:37:59 [INFO] src.modules.google_dorks: Searching for username 'dayanidhir.dayanidhir.1' with 3 dork patterns
18:37:59 [INFO] src.modules.username_search: Found dayanidhir.dayanidhir.1 on Mastodon
18:37:59 [INFO] src.modules.username_search: Found dayanidhir.dayanidhir.1 on Steam
18:37:59 [ERROR] src.modules.username_search: Exception checking GitLab: 'expected_status'
18:37:59 [ERROR] src.modules.username_search: Exception checking Reddit: 'expected_status'
18:37:59 [INFO] src.modules.username_search: Found dayanidhir.dayanidhir.1 on Instagram
18:37:59 [INFO] src.modules.username_search: Found dayanidhir.dayanidhir.1 on Pinterest
18:37:59 [INFO] src.modules.username_search: Found dayanidhir.dayanidhir.1 on Medium
18:37:59 [WARNING] src.modules.google_dorks: Google rate limited (429) for query: dayanidhir.dayanidhir.1
18:37:59 [WARNING] src.modules.google_dorks: Pattern 'simple_search' failed: Rate limited by Google (429)
18:38:00 [INFO] src.modules.username_search: Username search complete: dayanidhir.dayanidhir.1 → found on 5/12 platforms
18:38:00 [WARNING] src.modules.google_dorks: Google rate limited (429) for query: site:twitter.com "dayanidhir.dayanidhir.1" OR site:linkedin.com "dayanidhir.dayanidhir.1" OR site:github.com "dayanidhir.dayanidhir.1" OR site:instagram.com "dayanidhir.dayanidhir.1"
18:38:00 [WARNING] src.modules.google_dorks: Pattern 'social_platforms' failed: Rate limited by Google (429)
18:38:01 [WARNING] src.modules.google_dorks: Google rate limited (429) for query: intitle:"profile" "dayanidhir.dayanidhir.1" OR intitle:"user" "dayanidhir.dayanidhir.1"
18:38:01 [WARNING] src.modules.google_dorks: Pattern 'profile_pages' failed: Rate limited by Google (429)
18:38:01 [INFO] src.modules.google_dorks: Google Dorks search discovered 0 artifacts
18:38:01 [INFO] src.orchestrator: Plugin system processed 2 plugins, discovered 0 artifacts
18:38:01 [INFO] src.orchestrator: Processing: username=mr.dayanidhi9 (depth=2, queue_size=117)
18:38:02 [ERROR] src.modules.username_search: Exception checking Reddit: 'expected_status'
18:38:02 [INFO] src.modules.username_search: Found mr.dayanidhi9 on Instagram
18:38:02 [ERROR] src.modules.username_search: Exception checking GitLab: 'expected_status'
18:38:02 [INFO] src.modules.username_search: Found mr.dayanidhi9 on Steam
18:38:02 [INFO] src.modules.username_search: Found mr.dayanidhi9 on Medium
18:38:03 [INFO] src.modules.username_search: Found mr.dayanidhi9 on Pinterest
18:53:11 [WARNING] urllib3.connectionpool: Retrying (Retry(total=1, connect=None, read=None, redirect=None, status=None)) after connection broken by 'ReadTimeoutError("HTTPSConnectionPool(host='mastodon.social', port=443): Read timed out. (read timeout=10)")': /@mr.dayanidhi9
18:53:24 [WARNING] urllib3.connectionpool: Retrying (Retry(total=0, connect=None, read=None, redirect=None, status=None)) after connection broken by 'ReadTimeoutError("HTTPSConnectionPool(host='mastodon.social', port=443): Read timed out. (read timeout=10)")': /@mr.dayanidhi9
18:53:34 [INFO] src.modules.username_search: Username search complete: mr.dayanidhi9 → found on 4/12 platforms
18:53:34 [INFO] src.modules.google_dorks: Limiting patterns from 8 to 3 to avoid rate limiting
18:53:34 [INFO] src.modules.google_dorks: Searching for username 'mr.dayanidhi9' with 3 dork patterns
18:53:35 [INFO] src.modules.google_dorks: DuckDuckGo search found 0 results for pattern 'social_platforms'
18:53:35 [INFO] src.modules.google_dorks: DuckDuckGo search found 0 results for pattern 'profile_pages'
18:53:35 [WARNING] src.modules.google_dorks: Pattern 'social_platforms' failed: None
18:53:35 [WARNING] src.modules.google_dorks: Pattern 'profile_pages' failed: None
18:53:35 [INFO] src.modules.google_dorks: DuckDuckGo search found 10 results for pattern 'simple_search'
18:53:35 [INFO] src.modules.google_dorks: Pattern 'simple_search' found 10 results
18:53:35 [INFO] src.modules.google_dorks: Google Dorks search discovered 20 artifacts
18:53:35 [INFO] src.orchestrator: Google Dorks found 20 artifacts for username mr.dayanidhi9
18:53:35 [INFO] src.modules.google_dorks: Limiting patterns from 8 to 3 to avoid rate limiting
18:53:35 [INFO] src.modules.google_dorks: Searching for username 'mr.dayanidhi9' with 3 dork patterns
18:53:35 [WARNING] urllib3.connectionpool: Retrying (Retry(total=1, connect=None, read=None, redirect=None, status=None)) after connection broken by 'RemoteDisconnected('Remote end closed connection without response')': /mr.dayanidhi9
18:53:35 [WARNING] urllib3.connectionpool: Retrying (Retry(total=1, connect=None, read=None, redirect=None, status=None)) after connection broken by 'RemoteDisconnected('Remote end closed connection without response')': /in/mr.dayanidhi9/
18:53:35 [WARNING] urllib3.connectionpool: Retrying (Retry(total=1, connect=None, read=None, redirect=None, status=None)) after connection broken by 'RemoteDisconnected('Remote end closed connection without response')': /mr.dayanidhi9/
18:53:35 [WARNING] urllib3.connectionpool: Retrying (Retry(total=1, connect=None, read=None, redirect=None, status=None)) after connection broken by 'RemoteDisconnected('Remote end closed connection without response')': /@mr.dayanidhi9
18:53:35 [WARNING] urllib3.connectionpool: Retrying (Retry(total=1, connect=None, read=None, redirect=None, status=None)) after connection broken by 'RemoteDisconnected('Remote end closed connection without response')': /mr.dayanidhi9/
18:53:35 [WARNING] urllib3.connectionpool: Retrying (Retry(total=1, connect=None, read=None, redirect=None, status=None)) after connection broken by 'RemoteDisconnected('Remote end closed connection without response')': /api/v4/users?username=mr.dayanidhi9
18:53:35 [WARNING] urllib3.connectionpool: Retrying (Retry(total=1, connect=None, read=None, redirect=None, status=None)) after connection broken by 'RemoteDisconnected('Remote end closed connection without response')': /users/mr.dayanidhi9
18:53:35 [WARNING] urllib3.connectionpool: Retrying (Retry(total=1, connect=None, read=None, redirect=None, status=None)) after connection broken by 'RemoteDisconnected('Remote end closed connection without response')': /mr.dayanidhi9
18:53:35 [WARNING] urllib3.connectionpool: Retrying (Retry(total=1, connect=None, read=None, redirect=None, status=None)) after connection broken by 'RemoteDisconnected('Remote end closed connection without response')': /user?id=mr.dayanidhi9
18:53:35 [WARNING] urllib3.connectionpool: Retrying (Retry(total=1, connect=None, read=None, redirect=None, status=None)) after connection broken by 'RemoteDisconnected('Remote end closed connection without response')': /id/mr.dayanidhi9
18:53:36 [ERROR] src.modules.username_search: Exception checking GitLab: 'expected_status'
18:53:36 [WARNING] src.modules.google_dorks: Google rate limited (429) for query: mr.dayanidhi9
18:53:36 [WARNING] src.modules.google_dorks: Pattern 'simple_search' failed: Rate limited by Google (429)
18:53:36 [ERROR] src.modules.username_search: Exception checking Reddit: 'expected_status'
18:53:36 [INFO] src.modules.username_search: Found mr.dayanidhi9 on Pinterest
18:53:36 [INFO] src.modules.username_search: Found mr.dayanidhi9 on Steam
18:53:36 [INFO] src.modules.username_search: Found mr.dayanidhi9 on Instagram
18:53:37 [WARNING] src.modules.google_dorks: Google rate limited (429) for query: site:twitter.com "mr.dayanidhi9" OR site:linkedin.com "mr.dayanidhi9" OR site:github.com "mr.dayanidhi9" OR site:instagram.com "mr.dayanidhi9"
18:53:37 [WARNING] src.modules.google_dorks: Pattern 'social_platforms' failed: Rate limited by Google (429)
18:53:38 [WARNING] src.modules.google_dorks: Google rate limited (429) for query: intitle:"profile" "mr.dayanidhi9" OR intitle:"user" "mr.dayanidhi9"
18:53:38 [WARNING] src.modules.google_dorks: Pattern 'profile_pages' failed: Rate limited by Google (429)
18:53:38 [INFO] src.modules.google_dorks: Google Dorks search discovered 0 artifacts
18:53:46 [WARNING] urllib3.connectionpool: Retrying (Retry(total=1, connect=None, read=None, redirect=None, status=None)) after connection broken by 'ReadTimeoutError("HTTPSConnectionPool(host='mastodon.social', port=443): Read timed out. (read timeout=10)")': /@mr.dayanidhi9
19:06:36 [WARNING] urllib3.connectionpool: Retrying (Retry(total=0, connect=None, read=None, redirect=None, status=None)) after connection broken by 'ReadTimeoutError("HTTPSConnectionPool(host='mastodon.social', port=443): Read timed out. (read timeout=10)")': /@mr.dayanidhi9
19:06:47 [INFO] src.modules.username_search: Username search complete: mr.dayanidhi9 → found on 3/12 platforms
19:06:47 [INFO] src.orchestrator: Plugin system processed 2 plugins, discovered 0 artifacts
19:06:47 [INFO] src.orchestrator: Processing: domain=instagram.com (depth=2, queue_size=116)
19:06:47 [WARNING] src.orchestrator: Unknown artifact type: domain
19:06:47 [ERROR] src.orchestrator: External tools processing failed for instagram.com: 'WhoisIntegration' object has no attribute 'search_username'
19:06:47 [INFO] src.orchestrator: Plugin system processed 2 plugins, discovered 7 artifacts
19:06:47 [INFO] src.orchestrator: Processing: username=dayanidhi_9 (depth=2, queue_size=115)
19:06:47 [WARNING] urllib3.connectionpool: Retrying (Retry(total=1, connect=None, read=None, redirect=None, status=None)) after connection broken by 'RemoteDisconnected('Remote end closed connection without response')': /in/dayanidhi_9/
19:06:47 [WARNING] urllib3.connectionpool: Retrying (Retry(total=1, connect=None, read=None, redirect=None, status=None)) after connection broken by 'RemoteDisconnected('Remote end closed connection without response')': /dayanidhi_9
19:06:47 [WARNING] urllib3.connectionpool: Retrying (Retry(total=1, connect=None, read=None, redirect=None, status=None)) after connection broken by 'RemoteDisconnected('Remote end closed connection without response')': /api/v4/users?username=dayanidhi_9
19:06:47 [WARNING] urllib3.connectionpool: Retrying (Retry(total=1, connect=None, read=None, redirect=None, status=None)) after connection broken by 'RemoteDisconnected('Remote end closed connection without response')': /dayanidhi_9/
19:06:47 [WARNING] urllib3.connectionpool: Retrying (Retry(total=1, connect=None, read=None, redirect=None, status=None)) after connection broken by 'RemoteDisconnected('Remote end closed connection without response')': /dayanidhi_9/
19:06:47 [WARNING] urllib3.connectionpool: Retrying (Retry(total=1, connect=None, read=None, redirect=None, status=None)) after connection broken by 'RemoteDisconnected('Remote end closed connection without response')': /dayanidhi_9
19:06:47 [WARNING] urllib3.connectionpool: Retrying (Retry(total=1, connect=None, read=None, redirect=None, status=None)) after connection broken by 'RemoteDisconnected('Remote end closed connection without response')': /users/dayanidhi_9
19:06:47 [WARNING] urllib3.connectionpool: Retrying (Retry(total=1, connect=None, read=None, redirect=None, status=None)) after connection broken by 'RemoteDisconnected('Remote end closed connection without response')': /user?id=dayanidhi_9
19:06:47 [ERROR] src.modules.username_search: Exception checking Reddit: 'expected_status'
19:06:47 [WARNING] urllib3.connectionpool: Retrying (Retry(total=1, connect=None, read=None, redirect=None, status=None)) after connection broken by 'RemoteDisconnected('Remote end closed connection without response')': /id/dayanidhi_9
19:06:48 [ERROR] src.modules.username_search: Exception checking GitLab: 'expected_status'
19:06:48 [INFO] src.modules.username_search: Found dayanidhi_9 on Instagram
19:06:48 [INFO] src.modules.username_search: Found dayanidhi_9 on Medium
19:06:48 [INFO] src.modules.username_search: Found dayanidhi_9 on Steam
19:06:48 [INFO] src.modules.username_search: Found dayanidhi_9 on Pinterest
19:06:48 [INFO] src.modules.username_search: Username search complete: dayanidhi_9 → found on 4/12 platforms
19:06:48 [INFO] src.modules.google_dorks: Limiting patterns from 8 to 3 to avoid rate limiting
19:06:48 [INFO] src.modules.google_dorks: Searching for username 'dayanidhi_9' with 3 dork patterns
19:06:49 [INFO] src.modules.google_dorks: DuckDuckGo search found 0 results for pattern 'social_platforms'
19:06:49 [WARNING] src.modules.google_dorks: Pattern 'social_platforms' failed: None
19:06:49 [INFO] src.modules.google_dorks: DuckDuckGo search found 10 results for pattern 'simple_search'
19:06:49 [INFO] src.modules.google_dorks: Pattern 'simple_search' found 10 results
19:06:49 [INFO] src.modules.google_dorks: DuckDuckGo search found 0 results for pattern 'profile_pages'
19:06:49 [WARNING] src.modules.google_dorks: Pattern 'profile_pages' failed: None
19:06:49 [INFO] src.modules.google_dorks: Google Dorks search discovered 20 artifacts
19:06:49 [INFO] src.orchestrator: Google Dorks found 20 artifacts for username dayanidhi_9
19:06:49 [INFO] src.modules.google_dorks: Limiting patterns from 8 to 3 to avoid rate limiting
19:06:49 [INFO] src.modules.google_dorks: Searching for username 'dayanidhi_9' with 3 dork patterns
19:06:49 [ERROR] src.modules.username_search: Exception checking Reddit: 'expected_status'
19:06:49 [INFO] src.modules.username_search: Found dayanidhi_9 on Steam
19:06:49 [ERROR] src.modules.username_search: Exception checking GitLab: 'expected_status'
19:06:50 [INFO] src.modules.username_search: Found dayanidhi_9 on Medium
19:06:50 [INFO] src.modules.username_search: Found dayanidhi_9 on Pinterest
19:06:50 [INFO] src.modules.username_search: Found dayanidhi_9 on Instagram
19:06:50 [INFO] src.modules.username_search: Username search complete: dayanidhi_9 → found on 4/12 platforms
19:06:50 [WARNING] src.modules.google_dorks: Google rate limited (429) for query: dayanidhi_9
19:06:50 [WARNING] src.modules.google_dorks: Pattern 'simple_search' failed: Rate limited by Google (429)
19:06:50 [WARNING] src.modules.google_dorks: Google rate limited (429) for query: intitle:"profile" "dayanidhi_9" OR intitle:"user" "dayanidhi_9"
19:06:50 [WARNING] src.modules.google_dorks: Pattern 'profile_pages' failed: Rate limited by Google (429)
19:06:52 [WARNING] src.modules.google_dorks: Google rate limited (429) for query: site:twitter.com "dayanidhi_9" OR site:linkedin.com "dayanidhi_9" OR site:github.com "dayanidhi_9" OR site:instagram.com "dayanidhi_9"
19:06:52 [WARNING] src.modules.google_dorks: Pattern 'social_platforms' failed: Rate limited by Google (429)
19:06:52 [INFO] src.modules.google_dorks: Google Dorks search discovered 0 artifacts
19:06:52 [INFO] src.orchestrator: Plugin system processed 2 plugins, discovered 0 artifacts
19:06:52 [INFO] src.orchestrator: Processing: username=playlists (depth=2, queue_size=114)
19:06:52 [INFO] src.modules.username_search: Found playlists on GitHub
19:06:52 [ERROR] src.modules.username_search: Exception checking Reddit: 'expected_status'
19:06:52 [ERROR] src.modules.username_search: Exception checking GitLab: 'expected_status'
19:06:52 [INFO] src.modules.username_search: Found playlists on Instagram
19:06:52 [INFO] src.modules.username_search: Found playlists on Steam
19:06:52 [INFO] src.modules.username_search: Found playlists on Medium
19:06:53 [INFO] src.modules.username_search: Found playlists on Pinterest
19:06:53 [INFO] src.modules.username_search: Username search complete: playlists → found on 5/12 platforms
19:06:53 [INFO] src.modules.google_dorks: Limiting patterns from 8 to 3 to avoid rate limiting
19:06:53 [INFO] src.modules.google_dorks: Searching for username 'playlists' with 3 dork patterns
19:06:53 [INFO] src.modules.google_dorks: Pattern 'simple_search' found 10 results
19:06:53 [INFO] src.modules.google_dorks: Pattern 'profile_pages' found 9 results
19:06:53 [INFO] src.modules.google_dorks: DuckDuckGo search found 0 results for pattern 'social_platforms'
19:06:53 [WARNING] src.modules.google_dorks: Pattern 'social_platforms' failed: None
19:06:53 [WARNING] src.modules.google_dorks: Limiting Google Dorks results from 19 to 10 to prevent exponential growth
19:06:53 [INFO] src.modules.google_dorks: Google Dorks search discovered 38 artifacts
19:06:53 [INFO] src.orchestrator: Google Dorks found 38 artifacts for username playlists
19:06:53 [INFO] src.modules.google_dorks: Limiting patterns from 8 to 3 to avoid rate limiting
19:06:53 [INFO] src.modules.google_dorks: Searching for username 'playlists' with 3 dork patterns
19:06:53 [INFO] src.modules.username_search: Found playlists on GitHub
19:06:53 [ERROR] src.modules.username_search: Exception checking Reddit: 'expected_status'
19:06:53 [ERROR] src.modules.username_search: Exception checking GitLab: 'expected_status'
19:06:53 [INFO] src.modules.username_search: Found playlists on Instagram
19:06:53 [INFO] src.modules.username_search: Found playlists on Steam
19:06:53 [WARNING] src.modules.google_dorks: Google rate limited (429) for query: playlists
19:06:53 [WARNING] src.modules.google_dorks: Pattern 'simple_search' failed: Rate limited by Google (429)
19:06:54 [INFO] src.modules.username_search: Found playlists on Pinterest
19:06:54 [INFO] src.modules.username_search: Found playlists on Medium
19:06:54 [INFO] src.modules.username_search: Username search complete: playlists → found on 5/12 platforms
19:06:54 [WARNING] src.modules.google_dorks: Google rate limited (429) for query: site:twitter.com "playlists" OR site:linkedin.com "playlists" OR site:github.com "playlists" OR site:instagram.com "playlists"
19:06:54 [WARNING] src.modules.google_dorks: Pattern 'social_platforms' failed: Rate limited by Google (429)
19:06:55 [WARNING] src.modules.google_dorks: Google rate limited (429) for query: intitle:"profile" "playlists" OR intitle:"user" "playlists"
19:06:55 [WARNING] src.modules.google_dorks: Pattern 'profile_pages' failed: Rate limited by Google (429)
19:06:55 [INFO] src.modules.google_dorks: Google Dorks search discovered 0 artifacts
19:06:55 [INFO] src.orchestrator: Plugin system processed 2 plugins, discovered 0 artifacts
19:06:55 [INFO] src.orchestrator: Processing: domain=youtube.com (depth=2, queue_size=113)
19:06:55 [WARNING] src.orchestrator: Unknown artifact type: domain
19:06:55 [ERROR] src.orchestrator: External tools processing failed for youtube.com: 'WhoisIntegration' object has no attribute 'search_username'
19:06:56 [INFO] src.orchestrator: Plugin system processed 2 plugins, discovered 9 artifacts
19:06:56 [INFO] src.orchestrator: Processing: username=R (depth=2, queue_size=112)
19:06:56 [INFO] src.modules.username_search: Found R on GitHub
19:06:56 [ERROR] src.modules.username_search: Exception checking GitLab: 'expected_status'
19:06:56 [INFO] src.modules.username_search: Found R on Instagram
19:06:56 [INFO] src.modules.username_search: Found R on Steam
19:06:56 [INFO] src.modules.username_search: Found R on Mastodon
19:06:57 [ERROR] src.modules.username_search: Exception checking Reddit: 'expected_status'
19:06:57 [INFO] src.modules.username_search: Found R on Medium
19:06:57 [INFO] src.modules.username_search: Found R on Pinterest
19:06:57 [INFO] src.modules.username_search: Username search complete: R → found on 6/12 platforms
19:06:57 [INFO] src.modules.google_dorks: Limiting patterns from 8 to 3 to avoid rate limiting
19:06:57 [INFO] src.modules.google_dorks: Searching for username 'R' with 3 dork patterns
19:06:57 [INFO] src.modules.google_dorks: Pattern 'profile_pages' found 8 results
19:06:57 [INFO] src.modules.google_dorks: Pattern 'simple_search' found 10 results
19:06:57 [INFO] src.modules.google_dorks: DuckDuckGo search found 0 results for pattern 'social_platforms'
19:06:57 [WARNING] src.modules.google_dorks: Pattern 'social_platforms' failed: None
19:06:57 [WARNING] src.modules.google_dorks: Limiting Google Dorks results from 18 to 10 to prevent exponential growth
19:06:57 [INFO] src.modules.google_dorks: Google Dorks search discovered 36 artifacts
19:06:57 [INFO] src.orchestrator: Google Dorks found 36 artifacts for username R
19:06:57 [INFO] src.modules.google_dorks: Limiting patterns from 8 to 3 to avoid rate limiting
19:06:57 [INFO] src.modules.google_dorks: Searching for username 'R' with 3 dork patterns
19:06:57 [INFO] src.modules.username_search: Found R on GitHub
19:06:57 [INFO] src.modules.username_search: Found R on Mastodon
19:06:57 [ERROR] src.modules.username_search: Exception checking GitLab: 'expected_status'
19:06:57 [INFO] src.modules.username_search: Found R on Steam
19:06:58 [INFO] src.modules.username_search: Found R on Instagram
19:06:58 [ERROR] src.modules.username_search: Exception checking Reddit: 'expected_status'
19:06:58 [INFO] src.modules.username_search: Found R on Pinterest
19:06:58 [WARNING] src.modules.google_dorks: Google rate limited (429) for query: R
19:06:58 [WARNING] src.modules.google_dorks: Pattern 'simple_search' failed: Rate limited by Google (429)
19:06:58 [INFO] src.modules.username_search: Found R on Medium
19:06:58 [INFO] src.modules.username_search: Username search complete: R → found on 6/12 platforms
19:06:59 [WARNING] src.modules.google_dorks: Google rate limited (429) for query: site:twitter.com "R" OR site:linkedin.com "R" OR site:github.com "R" OR site:instagram.com "R"
19:06:59 [WARNING] src.modules.google_dorks: Pattern 'social_platforms' failed: Rate limited by Google (429)
19:07:00 [WARNING] src.modules.google_dorks: Google rate limited (429) for query: intitle:"profile" "R" OR intitle:"user" "R"
19:07:00 [WARNING] src.modules.google_dorks: Pattern 'profile_pages' failed: Rate limited by Google (429)
19:07:00 [INFO] src.modules.google_dorks: Google Dorks search discovered 0 artifacts
19:07:00 [INFO] src.orchestrator: Plugin system processed 2 plugins, discovered 0 artifacts
19:07:00 [INFO] src.orchestrator: Processing: username=dhayanidhir (depth=2, queue_size=111)
19:07:00 [INFO] src.modules.username_search: Found dhayanidhir on GitHub
19:07:00 [ERROR] src.modules.username_search: Exception checking GitLab: 'expected_status'
19:07:00 [INFO] src.modules.username_search: Found dhayanidhir on Instagram
19:07:01 [INFO] src.modules.username_search: Found dhayanidhir on Steam
19:07:01 [INFO] src.modules.username_search: Found dhayanidhir on Medium
19:07:01 [ERROR] src.modules.username_search: Exception checking Reddit: 'expected_status'
19:07:01 [INFO] src.modules.username_search: Found dhayanidhir on Pinterest
19:07:01 [INFO] src.modules.username_search: Username search complete: dhayanidhir → found on 5/12 platforms
19:07:01 [INFO] src.modules.google_dorks: Limiting patterns from 8 to 3 to avoid rate limiting
19:07:01 [INFO] src.modules.google_dorks: Searching for username 'dhayanidhir' with 3 dork patterns
19:07:01 [INFO] src.modules.google_dorks: Pattern 'simple_search' found 10 results
19:07:01 [INFO] src.modules.google_dorks: DuckDuckGo search found 0 results for pattern 'profile_pages'
19:07:01 [WARNING] src.modules.google_dorks: Pattern 'profile_pages' failed: None
19:07:02 [INFO] src.modules.google_dorks: DuckDuckGo search found 0 results for pattern 'social_platforms'
19:07:02 [WARNING] src.modules.google_dorks: Pattern 'social_platforms' failed: None
19:07:02 [INFO] src.modules.google_dorks: Google Dorks search discovered 20 artifacts
19:07:02 [INFO] src.orchestrator: Google Dorks found 20 artifacts for username dhayanidhir
19:07:02 [INFO] src.modules.google_dorks: Limiting patterns from 8 to 3 to avoid rate limiting
19:07:02 [INFO] src.modules.google_dorks: Searching for username 'dhayanidhir' with 3 dork patterns
19:07:02 [INFO] src.modules.username_search: Found dhayanidhir on GitHub
19:07:02 [ERROR] src.modules.username_search: Exception checking GitLab: 'expected_status'
19:07:02 [INFO] src.modules.username_search: Found dhayanidhir on Steam
19:07:02 [INFO] src.modules.username_search: Found dhayanidhir on Instagram
19:07:02 [ERROR] src.modules.username_search: Exception checking Reddit: 'expected_status'
19:07:02 [INFO] src.modules.username_search: Found dhayanidhir on Pinterest
19:07:02 [INFO] src.modules.username_search: Found dhayanidhir on Medium
19:07:02 [INFO] src.modules.username_search: Username search complete: dhayanidhir → found on 5/12 platforms
19:07:03 [WARNING] src.modules.google_dorks: Google rate limited (429) for query: dhayanidhir
19:07:03 [WARNING] src.modules.google_dorks: Pattern 'simple_search' failed: Rate limited by Google (429)
19:07:03 [WARNING] src.modules.google_dorks: Google rate limited (429) for query: site:twitter.com "dhayanidhir" OR site:linkedin.com "dhayanidhir" OR site:github.com "dhayanidhir" OR site:instagram.com "dhayanidhir"
19:07:03 [WARNING] src.modules.google_dorks: Pattern 'social_platforms' failed: Rate limited by Google (429)
19:07:04 [WARNING] src.modules.google_dorks: Google rate limited (429) for query: intitle:"profile" "dhayanidhir" OR intitle:"user" "dhayanidhir"
19:07:04 [WARNING] src.modules.google_dorks: Pattern 'profile_pages' failed: Rate limited by Google (429)
19:07:04 [INFO] src.modules.google_dorks: Google Dorks search discovered 0 artifacts
19:07:04 [INFO] src.orchestrator: Plugin system processed 2 plugins, discovered 0 artifacts
19:07:04 [INFO] src.orchestrator: Processing: domain=leetcode.com (depth=2, queue_size=110)
19:07:04 [WARNING] src.orchestrator: Unknown artifact type: domain
19:07:04 [ERROR] src.orchestrator: External tools processing failed for leetcode.com: 'WhoisIntegration' object has no attribute 'search_username'
19:07:05 [INFO] src.orchestrator: Plugin system processed 2 plugins, discovered 9 artifacts
19:07:05 [INFO] src.orchestrator: Processing: username=CreativeDaya (depth=2, queue_size=109)
19:07:05 [ERROR] src.modules.username_search: Exception checking Reddit: 'expected_status'
19:07:05 [ERROR] src.modules.username_search: Exception checking GitLab: 'expected_status'
19:07:05 [INFO] src.modules.username_search: Found CreativeDaya on Instagram
19:07:06 [INFO] src.modules.username_search: Found CreativeDaya on Steam
19:07:06 [INFO] src.modules.username_search: Found CreativeDaya on Pinterest
19:07:06 [INFO] src.modules.username_search: Found CreativeDaya on Medium
19:07:06 [INFO] src.modules.username_search: Username search complete: CreativeDaya → found on 4/12 platforms
19:07:06 [INFO] src.modules.google_dorks: Limiting patterns from 8 to 3 to avoid rate limiting
19:07:06 [INFO] src.modules.google_dorks: Searching for username 'CreativeDaya' with 3 dork patterns
19:07:06 [INFO] src.modules.google_dorks: Pattern 'simple_search' found 10 results
19:07:06 [INFO] src.modules.google_dorks: DuckDuckGo search found 0 results for pattern 'profile_pages'
19:07:06 [INFO] src.modules.google_dorks: DuckDuckGo search found 0 results for pattern 'social_platforms'
19:07:06 [WARNING] src.modules.google_dorks: Pattern 'profile_pages' failed: None
19:07:06 [WARNING] src.modules.google_dorks: Pattern 'social_platforms' failed: None
19:07:06 [INFO] src.modules.google_dorks: Google Dorks search discovered 20 artifacts
19:07:06 [INFO] src.orchestrator: Google Dorks found 20 artifacts for username CreativeDaya
19:07:06 [INFO] src.modules.google_dorks: Limiting patterns from 8 to 3 to avoid rate limiting
19:07:06 [INFO] src.modules.google_dorks: Searching for username 'CreativeDaya' with 3 dork patterns
19:07:06 [INFO] src.modules.username_search: Found CreativeDaya on Steam
19:07:06 [ERROR] src.modules.username_search: Exception checking GitLab: 'expected_status'
19:07:06 [INFO] src.modules.username_search: Found CreativeDaya on Instagram
19:07:07 [INFO] src.modules.username_search: Found CreativeDaya on Medium
19:07:07 [INFO] src.modules.username_search: Found CreativeDaya on Pinterest
19:07:07 [ERROR] src.modules.username_search: Exception checking Reddit: 'expected_status'
19:07:07 [INFO] src.modules.username_search: Username search complete: CreativeDaya → found on 4/12 platforms
19:07:08 [WARNING] src.modules.google_dorks: Google rate limited (429) for query: CreativeDaya
19:07:08 [WARNING] src.modules.google_dorks: Google rate limited (429) for query: site:twitter.com "CreativeDaya" OR site:linkedin.com "CreativeDaya" OR site:github.com "CreativeDaya" OR site:instagram.com "CreativeDaya"
19:07:08 [WARNING] src.modules.google_dorks: Pattern 'simple_search' failed: Rate limited by Google (429)
19:07:08 [WARNING] src.modules.google_dorks: Pattern 'social_platforms' failed: Rate limited by Google (429)
19:07:09 [WARNING] src.modules.google_dorks: Google rate limited (429) for query: intitle:"profile" "CreativeDaya" OR intitle:"user" "CreativeDaya"
19:07:09 [WARNING] src.modules.google_dorks: Pattern 'profile_pages' failed: Rate limited by Google (429)
19:07:09 [INFO] src.modules.google_dorks: Google Dorks search discovered 0 artifacts
19:07:09 [INFO] src.orchestrator: Plugin system processed 2 plugins, discovered 0 artifacts
19:07:09 [INFO] src.orchestrator: Processing: domain=behance.net (depth=2, queue_size=108)
19:07:09 [WARNING] src.orchestrator: Unknown artifact type: domain
19:07:09 [ERROR] src.orchestrator: External tools processing failed for behance.net: 'WhoisIntegration' object has no attribute 'search_username'
19:07:09 [INFO] src.orchestrator: Plugin system processed 2 plugins, discovered 13 artifacts
19:07:09 [INFO] src.orchestrator: Processing: username=dhaya.dhayanidhir (depth=2, queue_size=107)
19:07:09 [ERROR] src.modules.username_search: Exception checking Reddit: 'expected_status'
19:07:09 [ERROR] src.modules.username_search: Exception checking GitLab: 'expected_status'
19:07:09 [INFO] src.modules.username_search: Found dhaya.dhayanidhir on Instagram
19:07:09 [INFO] src.modules.username_search: Found dhaya.dhayanidhir on Medium
19:07:10 [INFO] src.modules.username_search: Found dhaya.dhayanidhir on Steam
19:07:10 [INFO] src.modules.username_search: Found dhaya.dhayanidhir on Pinterest
19:07:19 [WARNING] urllib3.connectionpool: Retrying (Retry(total=1, connect=None, read=None, redirect=None, status=None)) after connection broken by 'ReadTimeoutError("HTTPSConnectionPool(host='mastodon.social', port=443): Read timed out. (read timeout=10)")': /@dhaya.dhayanidhir
19:07:31 [WARNING] urllib3.connectionpool: Retrying (Retry(total=0, connect=None, read=None, redirect=None, status=None)) after connection broken by 'ReadTimeoutError("HTTPSConnectionPool(host='mastodon.social', port=443): Read timed out. (read timeout=10)")': /@dhaya.dhayanidhir
19:22:41 [INFO] src.modules.username_search: Username search complete: dhaya.dhayanidhir → found on 4/12 platforms
19:22:41 [INFO] src.modules.google_dorks: Limiting patterns from 8 to 3 to avoid rate limiting
19:22:41 [INFO] src.modules.google_dorks: Searching for username 'dhaya.dhayanidhir' with 3 dork patterns
19:22:41 [INFO] src.modules.google_dorks: Pattern 'simple_search' found 10 results
19:22:41 [INFO] src.modules.google_dorks: DuckDuckGo search found 0 results for pattern 'social_platforms'
19:22:41 [INFO] src.modules.google_dorks: DuckDuckGo search found 0 results for pattern 'profile_pages'
19:22:41 [WARNING] src.modules.google_dorks: Pattern 'social_platforms' failed: None
19:22:41 [WARNING] src.modules.google_dorks: Pattern 'profile_pages' failed: None
19:22:41 [INFO] src.modules.google_dorks: Google Dorks search discovered 20 artifacts
19:22:41 [INFO] src.orchestrator: Google Dorks found 20 artifacts for username dhaya.dhayanidhir
19:22:41 [INFO] src.modules.google_dorks: Limiting patterns from 8 to 3 to avoid rate limiting
19:22:41 [INFO] src.modules.google_dorks: Searching for username 'dhaya.dhayanidhir' with 3 dork patterns
19:22:41 [WARNING] urllib3.connectionpool: Retrying (Retry(total=1, connect=None, read=None, redirect=None, status=None)) after connection broken by 'RemoteDisconnected('Remote end closed connection without response')': /@dhaya.dhayanidhir
19:22:41 [WARNING] urllib3.connectionpool: Retrying (Retry(total=1, connect=None, read=None, redirect=None, status=None)) after connection broken by 'RemoteDisconnected('Remote end closed connection without response')': /dhaya.dhayanidhir
19:22:41 [WARNING] urllib3.connectionpool: Retrying (Retry(total=1, connect=None, read=None, redirect=None, status=None)) after connection broken by 'RemoteDisconnected('Remote end closed connection without response')': /in/dhaya.dhayanidhir/
19:22:41 [WARNING] urllib3.connectionpool: Retrying (Retry(total=1, connect=None, read=None, redirect=None, status=None)) after connection broken by 'RemoteDisconnected('Remote end closed connection without response')': /dhaya.dhayanidhir/
19:22:41 [WARNING] urllib3.connectionpool: Retrying (Retry(total=1, connect=None, read=None, redirect=None, status=None)) after connection broken by 'RemoteDisconnected('Remote end closed connection without response')': /users/dhaya.dhayanidhir
19:22:41 [WARNING] urllib3.connectionpool: Retrying (Retry(total=1, connect=None, read=None, redirect=None, status=None)) after connection broken by 'RemoteDisconnected('Remote end closed connection without response')': /api/v4/users?username=dhaya.dhayanidhir
19:22:41 [WARNING] urllib3.connectionpool: Retrying (Retry(total=1, connect=None, read=None, redirect=None, status=None)) after connection broken by 'RemoteDisconnected('Remote end closed connection without response')': /dhaya.dhayanidhir/
19:22:42 [WARNING] urllib3.connectionpool: Retrying (Retry(total=1, connect=None, read=None, redirect=None, status=None)) after connection broken by 'RemoteDisconnected('Remote end closed connection without response')': /user?id=dhaya.dhayanidhir
19:22:42 [WARNING] urllib3.connectionpool: Retrying (Retry(total=1, connect=None, read=None, redirect=None, status=None)) after connection broken by 'RemoteDisconnected('Remote end closed connection without response')': /dhaya.dhayanidhir
19:22:42 [ERROR] src.modules.username_search: Exception checking Reddit: 'expected_status'
19:22:42 [WARNING] urllib3.connectionpool: Retrying (Retry(total=1, connect=None, read=None, redirect=None, status=None)) after connection broken by 'RemoteDisconnected('Remote end closed connection without response')': /id/dhaya.dhayanidhir
19:22:42 [ERROR] src.modules.username_search: Exception checking GitLab: 'expected_status'
19:22:42 [INFO] src.modules.username_search: Found dhaya.dhayanidhir on Medium
19:22:42 [INFO] src.modules.username_search: Found dhaya.dhayanidhir on Steam
19:22:42 [INFO] src.modules.username_search: Found dhaya.dhayanidhir on Instagram
19:22:42 [WARNING] src.modules.google_dorks: Google rate limited (429) for query: dhaya.dhayanidhir
19:22:42 [WARNING] src.modules.google_dorks: Pattern 'simple_search' failed: Rate limited by Google (429)
19:22:42 [INFO] src.modules.username_search: Found dhaya.dhayanidhir on Pinterest
19:22:43 [WARNING] src.modules.google_dorks: Google rate limited (429) for query: site:twitter.com "dhaya.dhayanidhir" OR site:linkedin.com "dhaya.dhayanidhir" OR site:github.com "dhaya.dhayanidhir" OR site:instagram.com "dhaya.dhayanidhir"
19:22:43 [WARNING] src.modules.google_dorks: Pattern 'social_platforms' failed: Rate limited by Google (429)
19:22:44 [WARNING] src.modules.google_dorks: Google rate limited (429) for query: intitle:"profile" "dhaya.dhayanidhir" OR intitle:"user" "dhaya.dhayanidhir"
19:22:44 [WARNING] src.modules.google_dorks: Pattern 'profile_pages' failed: Rate limited by Google (429)
19:22:44 [INFO] src.modules.google_dorks: Google Dorks search discovered 0 artifacts
19:22:52 [WARNING] urllib3.connectionpool: Retrying (Retry(total=1, connect=None, read=None, redirect=None, status=None)) after connection broken by 'ReadTimeoutError("HTTPSConnectionPool(host='mastodon.social', port=443): Read timed out. (read timeout=10)")': /@dhaya.dhayanidhir
19:23:04 [WARNING] urllib3.connectionpool: Retrying (Retry(total=0, connect=None, read=None, redirect=None, status=None)) after connection broken by 'ReadTimeoutError("HTTPSConnectionPool(host='mastodon.social', port=443): Read timed out. (read timeout=10)")': /@dhaya.dhayanidhir
19:23:14 [INFO] src.modules.username_search: Username search complete: dhaya.dhayanidhir → found on 4/12 platforms
19:23:14 [INFO] src.orchestrator: Plugin system processed 2 plugins, discovered 0 artifacts
19:23:14 [INFO] src.orchestrator: Processing: username=dayanidhi_os (depth=2, queue_size=106)
19:23:15 [ERROR] src.modules.username_search: Exception checking Reddit: 'expected_status'
19:23:15 [ERROR] src.modules.username_search: Exception checking GitLab: 'expected_status'
19:23:15 [INFO] src.modules.username_search: Found dayanidhi_os on Steam
19:23:15 [INFO] src.modules.username_search: Found dayanidhi_os on Pinterest
19:23:15 [INFO] src.modules.username_search: Found dayanidhi_os on Instagram
19:23:15 [INFO] src.modules.username_search: Found dayanidhi_os on Medium
19:23:16 [INFO] src.modules.username_search: Username search complete: dayanidhi_os → found on 4/12 platforms
19:23:16 [INFO] src.modules.google_dorks: Limiting patterns from 8 to 3 to avoid rate limiting
19:23:16 [INFO] src.modules.google_dorks: Searching for username 'dayanidhi_os' with 3 dork patterns
19:23:16 [INFO] src.modules.google_dorks: Pattern 'simple_search' found 10 results
19:23:16 [INFO] src.modules.google_dorks: DuckDuckGo search found 0 results for pattern 'profile_pages'
19:23:16 [WARNING] src.modules.google_dorks: Pattern 'profile_pages' failed: None
19:23:16 [INFO] src.modules.google_dorks: DuckDuckGo search found 0 results for pattern 'social_platforms'
19:23:16 [WARNING] src.modules.google_dorks: Pattern 'social_platforms' failed: None
19:23:16 [INFO] src.modules.google_dorks: Google Dorks search discovered 20 artifacts
19:23:16 [INFO] src.orchestrator: Google Dorks found 20 artifacts for username dayanidhi_os
19:23:16 [INFO] src.modules.google_dorks: Limiting patterns from 8 to 3 to avoid rate limiting
19:23:16 [INFO] src.modules.google_dorks: Searching for username 'dayanidhi_os' with 3 dork patterns
19:23:16 [ERROR] src.modules.username_search: Exception checking Reddit: 'expected_status'
19:23:16 [ERROR] src.modules.username_search: Exception checking GitLab: 'expected_status'
19:23:16 [INFO] src.modules.username_search: Found dayanidhi_os on Steam
19:23:16 [INFO] src.modules.username_search: Found dayanidhi_os on Instagram
19:23:16 [INFO] src.modules.username_search: Found dayanidhi_os on Medium
19:23:17 [INFO] src.modules.username_search: Found dayanidhi_os on Pinterest
19:23:17 [INFO] src.modules.username_search: Username search complete: dayanidhi_os → found on 4/12 platforms
19:23:17 [WARNING] src.modules.google_dorks: Google rate limited (429) for query: dayanidhi_os
19:23:17 [WARNING] src.modules.google_dorks: Pattern 'simple_search' failed: Rate limited by Google (429)
19:23:18 [WARNING] src.modules.google_dorks: Google rate limited (429) for query: site:twitter.com "dayanidhi_os" OR site:linkedin.com "dayanidhi_os" OR site:github.com "dayanidhi_os" OR site:instagram.com "dayanidhi_os"
19:23:18 [WARNING] src.modules.google_dorks: Pattern 'social_platforms' failed: Rate limited by Google (429)
19:23:20 [WARNING] src.modules.google_dorks: Google rate limited (429) for query: intitle:"profile" "dayanidhi_os" OR intitle:"user" "dayanidhi_os"
19:23:20 [WARNING] src.modules.google_dorks: Pattern 'profile_pages' failed: Rate limited by Google (429)
19:23:20 [INFO] src.modules.google_dorks: Google Dorks search discovered 0 artifacts
19:23:20 [INFO] src.orchestrator: Plugin system processed 2 plugins, discovered 0 artifacts
19:23:20 [INFO] src.orchestrator: Processing: ip=57.144.52.1 (depth=2, queue_size=105)
19:23:20 [WARNING] src.orchestrator: Unknown artifact type: ip
19:23:20 [INFO] src.orchestrator: Plugin system processed 1 plugins, discovered 0 artifacts
19:23:20 [INFO] src.orchestrator: Processing: mail_server=10 smtpin.vvv.facebook.com. (depth=2, queue_size=104)
19:23:20 [WARNING] src.orchestrator: Unknown artifact type: mail_server
19:23:20 [WARNING] src.plugins.manager: No plugins available for artifact type: mail_server
19:23:20 [INFO] src.orchestrator: Plugin system processed 0 plugins, discovered 0 artifacts
19:23:20 [INFO] src.orchestrator: Processing: nameserver=d.ns.facebook.com. (depth=2, queue_size=103)
19:23:20 [WARNING] src.orchestrator: Unknown artifact type: nameserver
19:23:20 [WARNING] src.plugins.manager: No plugins available for artifact type: nameserver
19:23:20 [INFO] src.orchestrator: Plugin system processed 0 plugins, discovered 0 artifacts
19:23:20 [INFO] src.orchestrator: Processing: nameserver=c.ns.facebook.com. (depth=2, queue_size=102)
19:23:20 [WARNING] src.orchestrator: Unknown artifact type: nameserver
19:23:20 [WARNING] src.plugins.manager: No plugins available for artifact type: nameserver
19:23:20 [INFO] src.orchestrator: Plugin system processed 0 plugins, discovered 0 artifacts
19:23:20 [INFO] src.orchestrator: Processing: nameserver=b.ns.facebook.com. (depth=2, queue_size=101)
19:23:20 [WARNING] src.orchestrator: Unknown artifact type: nameserver
19:23:20 [WARNING] src.plugins.manager: No plugins available for artifact type: nameserver
19:23:20 [INFO] src.orchestrator: Plugin system processed 0 plugins, discovered 0 artifacts
19:23:20 [INFO] src.orchestrator: Processing: nameserver=a.ns.facebook.com. (depth=2, queue_size=100)
19:23:20 [WARNING] src.orchestrator: Unknown artifact type: nameserver
19:23:20 [WARNING] src.plugins.manager: No plugins available for artifact type: nameserver
19:23:20 [INFO] src.orchestrator: Plugin system processed 0 plugins, discovered 0 artifacts
19:23:20 [INFO] src.orchestrator: Processing: platform_presence=https://www.instagram.com/r.dhayanidhi.5/ (depth=2, queue_size=99)
19:23:20 [WARNING] src.orchestrator: Unknown artifact type: platform_presence
19:23:20 [WARNING] src.plugins.manager: No plugins available for artifact type: platform_presence
19:23:20 [INFO] src.orchestrator: Plugin system processed 0 plugins, discovered 0 artifacts
19:23:20 [INFO] src.orchestrator: Processing: platform_presence=https://steamcommunity.com/id/r.dhayanidhi.5 (depth=2, queue_size=98)
19:23:20 [WARNING] src.orchestrator: Unknown artifact type: platform_presence
19:23:20 [WARNING] src.plugins.manager: No plugins available for artifact type: platform_presence
19:23:20 [INFO] src.orchestrator: Plugin system processed 0 plugins, discovered 0 artifacts
19:23:20 [INFO] src.orchestrator: Processing: platform_presence=https://mastodon.social/@r.dhayanidhi.5 (depth=2, queue_size=97)
19:23:20 [WARNING] src.orchestrator: Unknown artifact type: platform_presence
19:23:20 [WARNING] src.plugins.manager: No plugins available for artifact type: platform_presence
19:23:20 [INFO] src.orchestrator: Plugin system processed 0 plugins, discovered 0 artifacts
19:23:20 [INFO] src.orchestrator: Processing: platform_presence=https://medium.com/@r.dhayanidhi.5 (depth=2, queue_size=96)
19:23:20 [WARNING] src.orchestrator: Unknown artifact type: platform_presence
19:23:20 [WARNING] src.plugins.manager: No plugins available for artifact type: platform_presence
19:23:20 [INFO] src.orchestrator: Plugin system processed 0 plugins, discovered 0 artifacts
19:23:20 [INFO] src.orchestrator: Processing: platform_presence=https://www.pinterest.com/r.dhayanidhi.5/ (depth=2, queue_size=95)
19:23:20 [WARNING] src.orchestrator: Unknown artifact type: platform_presence
19:23:20 [WARNING] src.plugins.manager: No plugins available for artifact type: platform_presence
19:23:20 [INFO] src.orchestrator: Plugin system processed 0 plugins, discovered 0 artifacts
19:23:20 [INFO] src.orchestrator: Processing: username=rdhayanidhi (depth=2, queue_size=94)
19:23:20 [INFO] src.modules.username_search: Found rdhayanidhi on GitHub
19:23:21 [ERROR] src.modules.username_search: Exception checking Reddit: 'expected_status'
19:23:21 [ERROR] src.modules.username_search: Exception checking GitLab: 'expected_status'
19:23:21 [INFO] src.modules.username_search: Found rdhayanidhi on Instagram
19:23:21 [INFO] src.modules.username_search: Found rdhayanidhi on Steam
19:23:21 [INFO] src.modules.username_search: Found rdhayanidhi on Medium
19:23:21 [INFO] src.modules.username_search: Found rdhayanidhi on Pinterest
19:23:21 [INFO] src.modules.username_search: Username search complete: rdhayanidhi → found on 5/12 platforms
19:23:21 [INFO] src.modules.google_dorks: Limiting patterns from 8 to 3 to avoid rate limiting
19:23:21 [INFO] src.modules.google_dorks: Searching for username 'rdhayanidhi' with 3 dork patterns
19:23:21 [INFO] src.modules.google_dorks: Pattern 'simple_search' found 10 results
19:23:21 [INFO] src.modules.google_dorks: DuckDuckGo search found 0 results for pattern 'profile_pages'
19:23:21 [WARNING] src.modules.google_dorks: Pattern 'profile_pages' failed: None
19:23:21 [INFO] src.modules.google_dorks: DuckDuckGo search found 0 results for pattern 'social_platforms'
19:23:21 [WARNING] src.modules.google_dorks: Pattern 'social_platforms' failed: None
19:23:21 [INFO] src.modules.google_dorks: Google Dorks search discovered 20 artifacts
19:23:21 [INFO] src.orchestrator: Google Dorks found 20 artifacts for username rdhayanidhi
19:23:21 [INFO] src.modules.google_dorks: Limiting patterns from 8 to 3 to avoid rate limiting
19:23:21 [INFO] src.modules.google_dorks: Searching for username 'rdhayanidhi' with 3 dork patterns
19:23:21 [INFO] src.modules.username_search: Found rdhayanidhi on GitHub
19:23:22 [INFO] src.modules.username_search: Found rdhayanidhi on Steam
19:23:22 [ERROR] src.modules.username_search: Exception checking Reddit: 'expected_status'
19:23:22 [INFO] src.modules.username_search: Found rdhayanidhi on Medium
19:23:22 [INFO] src.modules.username_search: Found rdhayanidhi on Instagram
19:23:22 [INFO] src.modules.username_search: Found rdhayanidhi on Pinterest
19:23:22 [ERROR] src.modules.username_search: Exception checking GitLab: 'expected_status'
19:23:22 [INFO] src.modules.username_search: Username search complete: rdhayanidhi → found on 5/12 platforms
19:23:22 [WARNING] src.modules.google_dorks: Google rate limited (429) for query: rdhayanidhi
19:23:22 [WARNING] src.modules.google_dorks: Pattern 'simple_search' failed: Rate limited by Google (429)
19:23:23 [WARNING] src.modules.google_dorks: Google rate limited (429) for query: site:twitter.com "rdhayanidhi" OR site:linkedin.com "rdhayanidhi" OR site:github.com "rdhayanidhi" OR site:instagram.com "rdhayanidhi"
19:23:23 [WARNING] src.modules.google_dorks: Pattern 'social_platforms' failed: Rate limited by Google (429)
19:23:24 [WARNING] src.modules.google_dorks: Google rate limited (429) for query: intitle:"profile" "rdhayanidhi" OR intitle:"user" "rdhayanidhi"
19:23:24 [WARNING] src.modules.google_dorks: Pattern 'profile_pages' failed: Rate limited by Google (429)
19:23:24 [INFO] src.modules.google_dorks: Google Dorks search discovered 0 artifacts
19:23:24 [INFO] src.orchestrator: Plugin system processed 2 plugins, discovered 0 artifacts
19:23:24 [INFO] src.orchestrator: Processing: username=37089729121 (depth=2, queue_size=93)
19:23:24 [ERROR] src.modules.username_search: Exception checking GitLab: 'expected_status'
19:23:24 [ERROR] src.modules.username_search: Exception checking Reddit: 'expected_status'
19:23:24 [INFO] src.modules.username_search: Found 37089729121 on Pinterest
19:23:24 [INFO] src.modules.username_search: Found 37089729121 on Instagram
19:23:25 [INFO] src.modules.username_search: Found 37089729121 on Steam
19:23:25 [INFO] src.modules.username_search: Found 37089729121 on Medium
19:23:25 [INFO] src.modules.username_search: Username search complete: 37089729121 → found on 4/12 platforms
19:23:25 [INFO] src.modules.google_dorks: Limiting patterns from 8 to 3 to avoid rate limiting
19:23:25 [INFO] src.modules.google_dorks: Searching for username '37089729121' with 3 dork patterns
19:23:25 [INFO] src.modules.google_dorks: Pattern 'simple_search' found 10 results
19:23:25 [INFO] src.modules.google_dorks: DuckDuckGo search found 0 results for pattern 'profile_pages'
19:23:25 [WARNING] src.modules.google_dorks: Pattern 'profile_pages' failed: None
19:23:25 [INFO] src.modules.google_dorks: DuckDuckGo search found 0 results for pattern 'social_platforms'
19:23:25 [WARNING] src.modules.google_dorks: Pattern 'social_platforms' failed: None
19:23:25 [INFO] src.modules.google_dorks: Google Dorks search discovered 20 artifacts
19:23:25 [INFO] src.orchestrator: Google Dorks found 20 artifacts for username 37089729121
19:23:25 [INFO] src.modules.google_dorks: Limiting patterns from 8 to 3 to avoid rate limiting
19:23:25 [INFO] src.modules.google_dorks: Searching for username '37089729121' with 3 dork patterns
19:23:26 [INFO] src.modules.username_search: Found 37089729121 on Steam
19:23:26 [ERROR] src.modules.username_search: Exception checking Reddit: 'expected_status'
19:23:26 [ERROR] src.modules.username_search: Exception checking GitLab: 'expected_status'
19:23:26 [INFO] src.modules.username_search: Found 37089729121 on Instagram
19:23:26 [INFO] src.modules.username_search: Found 37089729121 on Medium
19:23:26 [INFO] src.modules.username_search: Found 37089729121 on Pinterest
19:23:26 [INFO] src.modules.username_search: Username search complete: 37089729121 → found on 4/12 platforms
19:23:26 [WARNING] src.modules.google_dorks: Google rate limited (429) for query: site:twitter.com "37089729121" OR site:linkedin.com "37089729121" OR site:github.com "37089729121" OR site:instagram.com "37089729121"
19:23:26 [WARNING] src.modules.google_dorks: Pattern 'social_platforms' failed: Rate limited by Google (429)
19:23:27 [WARNING] src.modules.google_dorks: Google rate limited (429) for query: 37089729121
19:23:27 [WARNING] src.modules.google_dorks: Pattern 'simple_search' failed: Rate limited by Google (429)
19:23:28 [WARNING] src.modules.google_dorks: Google rate limited (429) for query: intitle:"profile" "37089729121" OR intitle:"user" "37089729121"
19:23:28 [WARNING] src.modules.google_dorks: Pattern 'profile_pages' failed: Rate limited by Google (429)
19:23:28 [INFO] src.modules.google_dorks: Google Dorks search discovered 0 artifacts
19:23:28 [INFO] src.orchestrator: Plugin system processed 2 plugins, discovered 0 artifacts
19:23:28 [INFO] src.orchestrator: Processing: domain=ieeexplore.ieee.org (depth=2, queue_size=92)
19:23:28 [WARNING] src.orchestrator: Unknown artifact type: domain
19:23:28 [ERROR] src.orchestrator: External tools processing failed for ieeexplore.ieee.org: 'WhoisIntegration' object has no attribute 'search_username'
19:23:28 [INFO] src.orchestrator: Plugin system processed 2 plugins, discovered 11 artifacts
19:23:28 [INFO] src.orchestrator: Processing: username=_._dhayanidhi_._ (depth=2, queue_size=91)
19:23:28 [ERROR] src.modules.username_search: Exception checking GitLab: 'expected_status'
19:23:28 [INFO] src.modules.username_search: Found _._dhayanidhi_._ on Instagram
19:23:28 [INFO] src.modules.username_search: Found _._dhayanidhi_._ on Steam
19:23:28 [INFO] src.modules.username_search: Found _._dhayanidhi_._ on Medium
19:23:29 [INFO] src.modules.username_search: Found _._dhayanidhi_._ on Mastodon
19:23:29 [INFO] src.modules.username_search: Found _._dhayanidhi_._ on Pinterest
19:23:29 [ERROR] src.modules.username_search: Exception checking Reddit: 'expected_status'
19:23:29 [INFO] src.modules.username_search: Username search complete: _._dhayanidhi_._ → found on 5/12 platforms
19:23:29 [INFO] src.modules.google_dorks: Limiting patterns from 8 to 3 to avoid rate limiting
19:23:29 [INFO] src.modules.google_dorks: Searching for username '_._dhayanidhi_._' with 3 dork patterns
19:23:29 [INFO] src.modules.google_dorks: Pattern 'simple_search' found 10 results
19:23:29 [INFO] src.modules.google_dorks: DuckDuckGo search found 0 results for pattern 'social_platforms'
19:23:29 [WARNING] src.modules.google_dorks: Pattern 'social_platforms' failed: None
19:23:29 [INFO] src.modules.google_dorks: DuckDuckGo search found 0 results for pattern 'profile_pages'
19:23:29 [WARNING] src.modules.google_dorks: Pattern 'profile_pages' failed: None
19:23:29 [INFO] src.modules.google_dorks: Google Dorks search discovered 20 artifacts
19:23:29 [INFO] src.orchestrator: Google Dorks found 20 artifacts for username _._dhayanidhi_._
19:23:29 [INFO] src.modules.google_dorks: Limiting patterns from 8 to 3 to avoid rate limiting
19:23:29 [INFO] src.modules.google_dorks: Searching for username '_._dhayanidhi_._' with 3 dork patterns
19:23:29 [INFO] src.modules.username_search: Found _._dhayanidhi_._ on Mastodon
19:23:29 [ERROR] src.modules.username_search: Exception checking Reddit: 'expected_status'
19:23:29 [ERROR] src.modules.username_search: Exception checking GitLab: 'expected_status'
19:23:29 [INFO] src.modules.username_search: Found _._dhayanidhi_._ on Steam
19:23:29 [INFO] src.modules.username_search: Found _._dhayanidhi_._ on Instagram
19:23:30 [WARNING] src.modules.google_dorks: Google rate limited (429) for query: _._dhayanidhi_._
19:23:30 [WARNING] src.modules.google_dorks: Pattern 'simple_search' failed: Rate limited by Google (429)
19:23:30 [INFO] src.modules.username_search: Found _._dhayanidhi_._ on Medium
19:23:30 [INFO] src.modules.username_search: Found _._dhayanidhi_._ on Pinterest
19:23:30 [INFO] src.modules.username_search: Username search complete: _._dhayanidhi_._ → found on 5/12 platforms
19:23:30 [WARNING] src.modules.google_dorks: Google rate limited (429) for query: site:twitter.com "_._dhayanidhi_._" OR site:linkedin.com "_._dhayanidhi_._" OR site:github.com "_._dhayanidhi_._" OR site:instagram.com "_._dhayanidhi_._"
19:23:30 [WARNING] src.modules.google_dorks: Pattern 'social_platforms' failed: Rate limited by Google (429)
19:23:31 [WARNING] src.modules.google_dorks: Google rate limited (429) for query: intitle:"profile" "_._dhayanidhi_._" OR intitle:"user" "_._dhayanidhi_._"
19:23:31 [WARNING] src.modules.google_dorks: Pattern 'profile_pages' failed: Rate limited by Google (429)
19:23:31 [INFO] src.modules.google_dorks: Google Dorks search discovered 0 artifacts
19:23:31 [INFO] src.orchestrator: Plugin system processed 2 plugins, discovered 0 artifacts
19:23:31 [INFO] src.orchestrator: Processing: username=UCiW6GtOVGtr40m18tXT5J8Q (depth=2, queue_size=90)
19:23:32 [ERROR] src.modules.username_search: Exception checking Reddit: 'expected_status'
19:23:32 [ERROR] src.modules.username_search: Exception checking GitLab: 'expected_status'
19:23:32 [INFO] src.modules.username_search: Found UCiW6GtOVGtr40m18tXT5J8Q on Instagram
19:23:32 [INFO] src.modules.username_search: Found UCiW6GtOVGtr40m18tXT5J8Q on Steam
19:23:32 [INFO] src.modules.username_search: Found UCiW6GtOVGtr40m18tXT5J8Q on Pinterest
19:23:32 [INFO] src.modules.username_search: Found UCiW6GtOVGtr40m18tXT5J8Q on Medium
19:23:32 [INFO] src.modules.username_search: Username search complete: UCiW6GtOVGtr40m18tXT5J8Q → found on 4/12 platforms
19:23:32 [INFO] src.modules.google_dorks: Limiting patterns from 8 to 3 to avoid rate limiting
19:23:32 [INFO] src.modules.google_dorks: Searching for username 'UCiW6GtOVGtr40m18tXT5J8Q' with 3 dork patterns
19:23:32 [INFO] src.modules.google_dorks: Pattern 'simple_search' found 10 results
19:23:32 [INFO] src.modules.google_dorks: DuckDuckGo search found 0 results for pattern 'profile_pages'
19:23:32 [WARNING] src.modules.google_dorks: Pattern 'profile_pages' failed: None
19:23:32 [INFO] src.modules.google_dorks: DuckDuckGo search found 0 results for pattern 'social_platforms'
19:23:32 [WARNING] src.modules.google_dorks: Pattern 'social_platforms' failed: None
19:23:32 [INFO] src.modules.google_dorks: Google Dorks search discovered 20 artifacts
19:23:32 [INFO] src.orchestrator: Google Dorks found 20 artifacts for username UCiW6GtOVGtr40m18tXT5J8Q
19:23:32 [INFO] src.modules.google_dorks: Limiting patterns from 8 to 3 to avoid rate limiting
19:23:32 [INFO] src.modules.google_dorks: Searching for username 'UCiW6GtOVGtr40m18tXT5J8Q' with 3 dork patterns
19:23:33 [INFO] src.modules.username_search: Found UCiW6GtOVGtr40m18tXT5J8Q on Steam
19:23:33 [ERROR] src.modules.username_search: Exception checking GitLab: 'expected_status'
19:23:33 [INFO] src.modules.username_search: Found UCiW6GtOVGtr40m18tXT5J8Q on Instagram
19:23:33 [INFO] src.modules.username_search: Found UCiW6GtOVGtr40m18tXT5J8Q on Pinterest
19:23:33 [INFO] src.modules.username_search: Found UCiW6GtOVGtr40m18tXT5J8Q on Medium
19:23:33 [ERROR] src.modules.username_search: Exception checking Reddit: 'expected_status'
19:23:33 [INFO] src.modules.username_search: Username search complete: UCiW6GtOVGtr40m18tXT5J8Q → found on 4/12 platforms
19:23:33 [WARNING] src.modules.google_dorks: Google rate limited (429) for query: UCiW6GtOVGtr40m18tXT5J8Q
19:23:33 [WARNING] src.modules.google_dorks: Pattern 'simple_search' failed: Rate limited by Google (429)
19:23:34 [WARNING] src.modules.google_dorks: Google rate limited (429) for query: site:twitter.com "UCiW6GtOVGtr40m18tXT5J8Q" OR site:linkedin.com "UCiW6GtOVGtr40m18tXT5J8Q" OR site:github.com "UCiW6GtOVGtr40m18tXT5J8Q" OR site:instagram.com "UCiW6GtOVGtr40m18tXT5J8Q"
19:23:34 [WARNING] src.modules.google_dorks: Pattern 'social_platforms' failed: Rate limited by Google (429)
19:23:35 [WARNING] src.modules.google_dorks: Google rate limited (429) for query: intitle:"profile" "UCiW6GtOVGtr40m18tXT5J8Q" OR intitle:"user" "UCiW6GtOVGtr40m18tXT5J8Q"
19:23:35 [WARNING] src.modules.google_dorks: Pattern 'profile_pages' failed: Rate limited by Google (429)
19:23:35 [INFO] src.modules.google_dorks: Google Dorks search discovered 0 artifacts
19:23:35 [INFO] src.orchestrator: Plugin system processed 2 plugins, discovered 0 artifacts
19:23:35 [INFO] src.orchestrator: Processing: username=biography.html (depth=2, queue_size=89)
19:23:35 [ERROR] src.modules.username_search: Exception checking GitLab: 'expected_status'
19:23:35 [ERROR] src.modules.username_search: Exception checking Reddit: 'expected_status'
19:23:35 [INFO] src.modules.username_search: Found biography.html on Instagram
19:23:35 [INFO] src.modules.username_search: Found biography.html on Pinterest
19:23:35 [INFO] src.modules.username_search: Found biography.html on Steam
19:23:35 [INFO] src.modules.username_search: Found biography.html on Medium
19:23:36 [INFO] src.modules.username_search: Found biography.html on Mastodon
19:23:36 [INFO] src.modules.username_search: Username search complete: biography.html → found on 5/12 platforms
19:23:36 [INFO] src.modules.google_dorks: Limiting patterns from 8 to 3 to avoid rate limiting
19:23:36 [INFO] src.modules.google_dorks: Searching for username 'biography.html' with 3 dork patterns
19:23:36 [INFO] src.modules.google_dorks: Pattern 'simple_search' found 8 results
19:23:36 [INFO] src.modules.google_dorks: DuckDuckGo search found 0 results for pattern 'profile_pages'
19:23:36 [INFO] src.modules.google_dorks: DuckDuckGo search found 0 results for pattern 'social_platforms'
19:23:36 [WARNING] src.modules.google_dorks: Pattern 'profile_pages' failed: None
19:23:36 [WARNING] src.modules.google_dorks: Pattern 'social_platforms' failed: None
19:23:36 [INFO] src.modules.google_dorks: Google Dorks search discovered 16 artifacts
19:23:36 [INFO] src.orchestrator: Google Dorks found 16 artifacts for username biography.html
19:23:36 [INFO] src.modules.google_dorks: Limiting patterns from 8 to 3 to avoid rate limiting
19:23:36 [INFO] src.modules.google_dorks: Searching for username 'biography.html' with 3 dork patterns
19:23:36 [INFO] src.modules.username_search: Found biography.html on Mastodon
19:23:36 [INFO] src.modules.username_search: Found biography.html on Steam
19:23:36 [ERROR] src.modules.username_search: Exception checking Reddit: 'expected_status'
19:23:36 [ERROR] src.modules.username_search: Exception checking GitLab: 'expected_status'
19:23:36 [INFO] src.modules.username_search: Found biography.html on Instagram
19:23:36 [INFO] src.modules.username_search: Found biography.html on Pinterest
19:23:36 [WARNING] src.modules.google_dorks: Google rate limited (429) for query: biography.html
19:23:36 [WARNING] src.modules.google_dorks: Pattern 'simple_search' failed: Rate limited by Google (429)
19:23:36 [INFO] src.modules.username_search: Found biography.html on Medium
19:23:36 [INFO] src.modules.username_search: Username search complete: biography.html → found on 5/12 platforms
19:23:38 [WARNING] src.modules.google_dorks: Google rate limited (429) for query: site:twitter.com "biography.html" OR site:linkedin.com "biography.html" OR site:github.com "biography.html" OR site:instagram.com "biography.html"
19:23:38 [WARNING] src.modules.google_dorks: Pattern 'social_platforms' failed: Rate limited by Google (429)
19:23:39 [WARNING] src.modules.google_dorks: Google rate limited (429) for query: intitle:"profile" "biography.html" OR intitle:"user" "biography.html"
19:23:39 [WARNING] src.modules.google_dorks: Pattern 'profile_pages' failed: Rate limited by Google (429)
19:23:39 [INFO] src.modules.google_dorks: Google Dorks search discovered 0 artifacts
19:23:39 [INFO] src.orchestrator: Plugin system processed 2 plugins, discovered 0 artifacts
19:23:39 [INFO] src.orchestrator: Processing: domain=filmibeat.com (depth=2, queue_size=88)
19:23:39 [WARNING] src.orchestrator: Unknown artifact type: domain
19:23:39 [ERROR] src.orchestrator: External tools processing failed for filmibeat.com: 'WhoisIntegration' object has no attribute 'search_username'
19:23:39 [INFO] src.orchestrator: Plugin system processed 2 plugins, discovered 5 artifacts
19:23:39 [INFO] src.orchestrator: Processing: username=bio (depth=2, queue_size=87)
19:23:39 [INFO] src.modules.username_search: Found bio on GitHub
19:38:49 [WARNING] urllib3.connectionpool: Retrying (Retry(total=1, connect=None, read=None, redirect=None, status=None)) after connection broken by 'ReadTimeoutError("HTTPSConnectionPool(host='gitlab.com', port=443): Read timed out. (read timeout=10)")': /api/v4/users?username=bio
19:38:49 [WARNING] urllib3.connectionpool: Retrying (Retry(total=1, connect=None, read=None, redirect=None, status=None)) after connection broken by 'ReadTimeoutError("HTTPSConnectionPool(host='www.pinterest.com', port=443): Read timed out. (read timeout=10)")': /bio/
19:38:49 [WARNING] urllib3.connectionpool: Retrying (Retry(total=1, connect=None, read=None, redirect=None, status=None)) after connection broken by 'ReadTimeoutError("HTTPSConnectionPool(host='www.instagram.com', port=443): Read timed out. (read timeout=10)")': /bio/
19:38:49 [WARNING] urllib3.connectionpool: Retrying (Retry(total=1, connect=None, read=None, redirect=None, status=None)) after connection broken by 'ReadTimeoutError("HTTPSConnectionPool(host='medium.com', port=443): Read timed out. (read timeout=10)")': /@bio
19:38:49 [WARNING] urllib3.connectionpool: Retrying (Retry(total=1, connect=None, read=None, redirect=None, status=None)) after connection broken by 'ReadTimeoutError("HTTPSConnectionPool(host='steamcommunity.com', port=443): Read timed out. (read timeout=10)")': /id/bio
19:38:49 [WARNING] urllib3.connectionpool: Retrying (Retry(total=1, connect=None, read=None, redirect=None, status=None)) after connection broken by 'ReadTimeoutError("HTTPSConnectionPool(host='mastodon.social', port=443): Read timed out. (read timeout=10)")': /@bio
19:38:49 [ERROR] src.modules.username_search: Exception checking GitLab: 'expected_status'
19:38:49 [INFO] src.modules.username_search: Found bio on Instagram
19:38:49 [INFO] src.modules.username_search: Found bio on Steam
19:38:49 [INFO] src.modules.username_search: Found bio on Mastodon
19:38:50 [INFO] src.modules.username_search: Found bio on Medium
19:38:50 [INFO] src.modules.username_search: Found bio on Pinterest
19:38:50 [INFO] src.modules.username_search: Username search complete: bio → found on 6/12 platforms
19:38:50 [INFO] src.modules.google_dorks: Limiting patterns from 8 to 3 to avoid rate limiting
19:38:50 [INFO] src.modules.google_dorks: Searching for username 'bio' with 3 dork patterns
19:38:50 [INFO] src.modules.google_dorks: DuckDuckGo search found 0 results for pattern 'simple_search'
19:38:50 [WARNING] src.modules.google_dorks: Pattern 'simple_search' failed: None
19:38:50 [INFO] src.modules.google_dorks: DuckDuckGo search found 0 results for pattern 'social_platforms'
19:38:50 [WARNING] src.modules.google_dorks: Pattern 'social_platforms' failed: None
19:38:50 [INFO] src.modules.google_dorks: DuckDuckGo search found 0 results for pattern 'profile_pages'
19:38:50 [WARNING] src.modules.google_dorks: Pattern 'profile_pages' failed: None
19:38:50 [INFO] src.modules.google_dorks: Google Dorks search discovered 0 artifacts
19:38:50 [INFO] src.modules.google_dorks: Limiting patterns from 8 to 3 to avoid rate limiting
19:38:50 [INFO] src.modules.google_dorks: Searching for username 'bio' with 3 dork patterns
19:38:50 [WARNING] urllib3.connectionpool: Retrying (Retry(total=1, connect=None, read=None, redirect=None, status=None)) after connection broken by 'RemoteDisconnected('Remote end closed connection without response')': /bio
19:38:50 [WARNING] urllib3.connectionpool: Retrying (Retry(total=1, connect=None, read=None, redirect=None, status=None)) after connection broken by 'RemoteDisconnected('Remote end closed connection without response')': /in/bio/
19:38:50 [WARNING] urllib3.connectionpool: Retrying (Retry(total=1, connect=None, read=None, redirect=None, status=None)) after connection broken by 'RemoteDisconnected('Remote end closed connection without response')': /users/bio
19:38:51 [ERROR] src.modules.username_search: Exception checking GitLab: 'expected_status'
19:38:51 [ERROR] src.modules.username_search: Exception checking Reddit: 'expected_status'
19:38:51 [INFO] src.modules.username_search: Found bio on Instagram
19:38:51 [INFO] src.modules.username_search: Found bio on Mastodon
19:38:51 [INFO] src.modules.username_search: Found bio on GitHub
19:38:51 [INFO] src.modules.username_search: Found bio on Steam
19:38:51 [INFO] src.modules.username_search: Found bio on Medium
19:38:51 [WARNING] src.modules.google_dorks: Google rate limited (429) for query: site:twitter.com "bio" OR site:linkedin.com "bio" OR site:github.com "bio" OR site:instagram.com "bio"
19:38:51 [WARNING] src.modules.google_dorks: Pattern 'social_platforms' failed: Rate limited by Google (429)
19:38:51 [INFO] src.modules.username_search: Found bio on Pinterest
19:38:51 [INFO] src.modules.username_search: Found bio on Keybase
19:38:52 [INFO] src.modules.username_search: Username search complete: bio → found on 7/12 platforms
19:38:52 [WARNING] src.modules.google_dorks: Google rate limited (429) for query: bio
19:38:52 [WARNING] src.modules.google_dorks: Pattern 'simple_search' failed: Rate limited by Google (429)
19:38:53 [WARNING] src.modules.google_dorks: Google rate limited (429) for query: intitle:"profile" "bio" OR intitle:"user" "bio"
19:38:53 [WARNING] src.modules.google_dorks: Pattern 'profile_pages' failed: Rate limited by Google (429)
19:38:53 [INFO] src.modules.google_dorks: Google Dorks search discovered 0 artifacts
19:38:53 [INFO] src.orchestrator: Plugin system processed 2 plugins, discovered 0 artifacts
19:38:53 [INFO] src.orchestrator: Processing: domain=imdb.com (depth=2, queue_size=86)
19:38:53 [WARNING] src.orchestrator: Unknown artifact type: domain
19:38:53 [ERROR] src.orchestrator: External tools processing failed for imdb.com: 'WhoisIntegration' object has no attribute 'search_username'
19:38:54 [INFO] src.orchestrator: Plugin system processed 2 plugins, discovered 12 artifacts
19:38:54 [INFO] src.orchestrator: Processing: platform_presence=https://medium.com/@dhayanidhi-r-4200b5286 (depth=2, queue_size=85)
19:38:54 [WARNING] src.orchestrator: Unknown artifact type: platform_presence
19:38:54 [WARNING] src.plugins.manager: No plugins available for artifact type: platform_presence
19:38:54 [INFO] src.orchestrator: Plugin system processed 0 plugins, discovered 0 artifacts
19:38:54 [INFO] src.orchestrator: Processing: platform_presence=https://steamcommunity.com/id/dhayanidhi-r-4200b5286 (depth=2, queue_size=84)
19:38:54 [WARNING] src.orchestrator: Unknown artifact type: platform_presence
19:38:54 [WARNING] src.plugins.manager: No plugins available for artifact type: platform_presence
19:38:54 [INFO] src.orchestrator: Plugin system processed 0 plugins, discovered 0 artifacts
19:38:54 [INFO] src.orchestrator: Processing: platform_presence=https://www.instagram.com/dhayanidhi-r-4200b5286/ (depth=2, queue_size=83)
19:38:54 [WARNING] src.orchestrator: Unknown artifact type: platform_presence
19:38:54 [WARNING] src.plugins.manager: No plugins available for artifact type: platform_presence
19:38:54 [INFO] src.orchestrator: Plugin system processed 0 plugins, discovered 0 artifacts
19:38:54 [INFO] src.orchestrator: Processing: platform_presence=https://www.pinterest.com/dhayanidhi-r-4200b5286/ (depth=2, queue_size=82)
19:38:54 [WARNING] src.orchestrator: Unknown artifact type: platform_presence
19:38:54 [WARNING] src.plugins.manager: No plugins available for artifact type: platform_presence
19:38:54 [INFO] src.orchestrator: Plugin system processed 0 plugins, discovered 0 artifacts
19:38:54 [INFO] src.orchestrator: Processing: username=Dhayanidhi1 (depth=2, queue_size=81)
19:38:54 [INFO] src.modules.username_search: Found Dhayanidhi1 on GitHub
19:38:54 [ERROR] src.modules.username_search: Exception checking Reddit: 'expected_status'
19:38:54 [ERROR] src.modules.username_search: Exception checking GitLab: 'expected_status'
19:38:54 [INFO] src.modules.username_search: Found Dhayanidhi1 on Medium
19:38:54 [INFO] src.modules.username_search: Found Dhayanidhi1 on Instagram
19:38:54 [INFO] src.modules.username_search: Found Dhayanidhi1 on Steam
19:38:54 [INFO] src.modules.username_search: Found Dhayanidhi1 on Pinterest
19:38:55 [INFO] src.modules.username_search: Username search complete: Dhayanidhi1 → found on 5/12 platforms
19:38:55 [INFO] src.modules.google_dorks: Limiting patterns from 8 to 3 to avoid rate limiting
19:38:55 [INFO] src.modules.google_dorks: Searching for username 'Dhayanidhi1' with 3 dork patterns
19:38:55 [INFO] src.modules.google_dorks: DuckDuckGo search found 0 results for pattern 'simple_search'
19:38:55 [WARNING] src.modules.google_dorks: Pattern 'simple_search' failed: None
19:38:55 [INFO] src.modules.google_dorks: DuckDuckGo search found 0 results for pattern 'social_platforms'
19:38:55 [WARNING] src.modules.google_dorks: Pattern 'social_platforms' failed: None
19:38:55 [INFO] src.modules.google_dorks: DuckDuckGo search found 0 results for pattern 'profile_pages'
19:38:55 [WARNING] src.modules.google_dorks: Pattern 'profile_pages' failed: None
19:38:55 [INFO] src.modules.google_dorks: Google Dorks search discovered 0 artifacts
19:38:55 [INFO] src.modules.google_dorks: Limiting patterns from 8 to 3 to avoid rate limiting
19:38:55 [INFO] src.modules.google_dorks: Searching for username 'Dhayanidhi1' with 3 dork patterns
19:38:55 [INFO] src.modules.google_dorks: Pattern 'profile_pages' found 1 results
19:38:55 [INFO] src.modules.username_search: Found Dhayanidhi1 on GitHub
19:38:56 [ERROR] src.modules.username_search: Exception checking Reddit: 'expected_status'
19:38:56 [INFO] src.modules.username_search: Found Dhayanidhi1 on Steam
19:38:56 [ERROR] src.modules.username_search: Exception checking GitLab: 'expected_status'
19:38:56 [INFO] src.modules.username_search: Found Dhayanidhi1 on Instagram
19:38:56 [INFO] src.modules.username_search: Found Dhayanidhi1 on Medium
19:38:56 [INFO] src.modules.username_search: Found Dhayanidhi1 on Pinterest
19:38:56 [INFO] src.modules.username_search: Username search complete: Dhayanidhi1 → found on 5/12 platforms
19:38:57 [WARNING] src.modules.google_dorks: Google rate limited (429) for query: Dhayanidhi1
19:38:57 [WARNING] src.modules.google_dorks: Pattern 'simple_search' failed: Rate limited by Google (429)
19:38:57 [WARNING] src.modules.google_dorks: Google rate limited (429) for query: site:twitter.com "Dhayanidhi1" OR site:linkedin.com "Dhayanidhi1" OR site:github.com "Dhayanidhi1" OR site:instagram.com "Dhayanidhi1"
19:38:57 [WARNING] src.modules.google_dorks: Pattern 'social_platforms' failed: Rate limited by Google (429)
19:38:57 [INFO] src.modules.google_dorks: Google Dorks search discovered 2 artifacts
19:38:57 [INFO] src.orchestrator: Plugin system processed 2 plugins, discovered 2 artifacts
19:38:57 [INFO] src.orchestrator: Processing: domain=github.com (depth=2, queue_size=80)
19:38:57 [WARNING] src.orchestrator: Unknown artifact type: domain
19:38:57 [ERROR] src.orchestrator: External tools processing failed for github.com: 'WhoisIntegration' object has no attribute 'search_username'
19:38:58 [INFO] src.orchestrator: Plugin system processed 2 plugins, discovered 10 artifacts
19:38:58 [INFO] src.orchestrator: Processing: username=dhayanidhi-r-4200b5286_infrastructuredesign-rccstructures-roaddesign-activity-7241113881283059712-n5CR (depth=2, queue_size=79)
19:38:58 [ERROR] src.modules.username_search: Exception checking Reddit: 'expected_status'
19:38:58 [ERROR] src.modules.username_search: Exception checking GitLab: 'expected_status'
19:38:58 [INFO] src.modules.username_search: Found dhayanidhi-r-4200b5286_infrastructuredesign-rccstructures-roaddesign-activity-7241113881283059712-n5CR on Instagram
19:38:59 [INFO] src.modules.username_search: Found dhayanidhi-r-4200b5286_infrastructuredesign-rccstructures-roaddesign-activity-7241113881283059712-n5CR on Steam
19:38:59 [INFO] src.modules.username_search: Found dhayanidhi-r-4200b5286_infrastructuredesign-rccstructures-roaddesign-activity-7241113881283059712-n5CR on Medium
19:38:59 [INFO] src.modules.username_search: Found dhayanidhi-r-4200b5286_infrastructuredesign-rccstructures-roaddesign-activity-7241113881283059712-n5CR on Pinterest
19:38:59 [INFO] src.modules.username_search: Username search complete: dhayanidhi-r-4200b5286_infrastructuredesign-rccstructures-roaddesign-activity-7241113881283059712-n5CR → found on 4/12 platforms
19:38:59 [INFO] src.modules.google_dorks: Limiting patterns from 8 to 3 to avoid rate limiting
19:38:59 [INFO] src.modules.google_dorks: Searching for username 'dhayanidhi-r-4200b5286_infrastructuredesign-rccstructures-roaddesign-activity-7241113881283059712-n5CR' with 3 dork patterns
19:38:59 [INFO] src.modules.google_dorks: DuckDuckGo search found 0 results for pattern 'simple_search'
19:38:59 [WARNING] src.modules.google_dorks: Pattern 'simple_search' failed: None
19:39:00 [INFO] src.modules.google_dorks: DuckDuckGo search found 0 results for pattern 'social_platforms'
19:39:00 [WARNING] src.modules.google_dorks: Pattern 'social_platforms' failed: None
19:39:00 [INFO] src.modules.google_dorks: DuckDuckGo search found 0 results for pattern 'profile_pages'
19:39:00 [WARNING] src.modules.google_dorks: Pattern 'profile_pages' failed: None
19:39:00 [INFO] src.modules.google_dorks: Google Dorks search discovered 0 artifacts
19:39:00 [INFO] src.modules.google_dorks: Limiting patterns from 8 to 3 to avoid rate limiting
19:39:00 [INFO] src.modules.google_dorks: Searching for username 'dhayanidhi-r-4200b5286_infrastructuredesign-rccstructures-roaddesign-activity-7241113881283059712-n5CR' with 3 dork patterns
19:39:01 [INFO] src.modules.username_search: Found dhayanidhi-r-4200b5286_infrastructuredesign-rccstructures-roaddesign-activity-7241113881283059712-n5CR on Steam
19:39:01 [ERROR] src.modules.username_search: Exception checking GitLab: 'expected_status'
19:39:01 [INFO] src.modules.username_search: Found dhayanidhi-r-4200b5286_infrastructuredesign-rccstructures-roaddesign-activity-7241113881283059712-n5CR on Instagram
19:39:01 [ERROR] src.modules.username_search: Exception checking Reddit: 'expected_status'
19:39:01 [INFO] src.modules.username_search: Found dhayanidhi-r-4200b5286_infrastructuredesign-rccstructures-roaddesign-activity-7241113881283059712-n5CR on Medium
19:39:01 [INFO] src.modules.username_search: Found dhayanidhi-r-4200b5286_infrastructuredesign-rccstructures-roaddesign-activity-7241113881283059712-n5CR on Pinterest
19:39:01 [INFO] src.modules.username_search: Username search complete: dhayanidhi-r-4200b5286_infrastructuredesign-rccstructures-roaddesign-activity-7241113881283059712-n5CR → found on 4/12 platforms
19:39:01 [WARNING] src.modules.google_dorks: Google rate limited (429) for query: dhayanidhi-r-4200b5286_infrastructuredesign-rccstructures-roaddesign-activity-7241113881283059712-n5CR
19:39:01 [WARNING] src.modules.google_dorks: Pattern 'simple_search' failed: Rate limited by Google (429)
19:39:02 [WARNING] src.modules.google_dorks: Google rate limited (429) for query: site:twitter.com "dhayanidhi-r-4200b5286_infrastructuredesign-rccstructures-roaddesign-activity-7241113881283059712-n5CR" OR site:linkedin.com "dhayanidhi-r-4200b5286_infrastructuredesign-rccstructures-roaddesign-activity-7241113881283059712-n5CR" OR site:github.com "dhayanidhi-r-4200b5286_infrastructuredesign-rccstructures-roaddesign-activity-7241113881283059712-n5CR" OR site:instagram.com "dhayanidhi-r-4200b5286_infrastructuredesign-rccstructures-roaddesign-activity-7241113881283059712-n5CR"
19:39:02 [WARNING] src.modules.google_dorks: Pattern 'social_platforms' failed: Rate limited by Google (429)
19:39:03 [WARNING] src.modules.google_dorks: Google rate limited (429) for query: intitle:"profile" "dhayanidhi-r-4200b5286_infrastructuredesign-rccstructures-roaddesign-activity-7241113881283059712-n5CR" OR intitle:"user" "dhayanidhi-r-4200b5286_infrastructuredesign-rccstructures-roaddesign-activity-7241113881283059712-n5CR"
19:39:03 [WARNING] src.modules.google_dorks: Pattern 'profile_pages' failed: Rate limited by Google (429)
19:39:03 [INFO] src.modules.google_dorks: Google Dorks search discovered 0 artifacts
19:39:03 [INFO] src.orchestrator: Plugin system processed 2 plugins, discovered 0 artifacts
19:39:03 [INFO] src.orchestrator: Processing: domain=gist.github.com (depth=2, queue_size=78)
19:39:03 [WARNING] src.orchestrator: Unknown artifact type: domain
19:39:03 [ERROR] src.orchestrator: External tools processing failed for gist.github.com: 'WhoisIntegration' object has no attribute 'search_username'
19:39:04 [INFO] src.orchestrator: Plugin system processed 2 plugins, discovered 13 artifacts
19:39:04 [INFO] src.orchestrator: Processing: username=dhayanidhi-r-4200b5286_ciscocybersecurity-cybersecurityessentials-activity-7116709768798294016-3Ucl (depth=2, queue_size=77)
19:39:05 [ERROR] src.modules.username_search: Exception checking GitLab: 'expected_status'
19:39:05 [INFO] src.modules.username_search: Found dhayanidhi-r-4200b5286_ciscocybersecurity-cybersecurityessentials-activity-7116709768798294016-3Ucl on Steam
19:39:05 [INFO] src.modules.username_search: Found dhayanidhi-r-4200b5286_ciscocybersecurity-cybersecurityessentials-activity-7116709768798294016-3Ucl on Instagram
19:39:05 [ERROR] src.modules.username_search: Exception checking Reddit: 'expected_status'
19:39:05 [INFO] src.modules.username_search: Found dhayanidhi-r-4200b5286_ciscocybersecurity-cybersecurityessentials-activity-7116709768798294016-3Ucl on Medium
19:39:05 [INFO] src.modules.username_search: Found dhayanidhi-r-4200b5286_ciscocybersecurity-cybersecurityessentials-activity-7116709768798294016-3Ucl on Pinterest
19:39:05 [INFO] src.modules.username_search: Username search complete: dhayanidhi-r-4200b5286_ciscocybersecurity-cybersecurityessentials-activity-7116709768798294016-3Ucl → found on 4/12 platforms
19:39:05 [INFO] src.modules.google_dorks: Limiting patterns from 8 to 3 to avoid rate limiting
19:39:05 [INFO] src.modules.google_dorks: Searching for username 'dhayanidhi-r-4200b5286_ciscocybersecurity-cybersecurityessentials-activity-7116709768798294016-3Ucl' with 3 dork patterns
19:39:05 [INFO] src.modules.google_dorks: Pattern 'simple_search' found 10 results
19:39:06 [INFO] src.modules.google_dorks: DuckDuckGo search found 0 results for pattern 'profile_pages'
19:39:06 [WARNING] src.modules.google_dorks: Pattern 'profile_pages' failed: None
19:39:06 [INFO] src.modules.google_dorks: DuckDuckGo search found 0 results for pattern 'social_platforms'
19:39:06 [WARNING] src.modules.google_dorks: Pattern 'social_platforms' failed: None
19:39:06 [INFO] src.modules.google_dorks: Google Dorks search discovered 20 artifacts
19:39:06 [INFO] src.orchestrator: Google Dorks found 20 artifacts for username dhayanidhi-r-4200b5286_ciscocybersecurity-cybersecurityessentials-activity-7116709768798294016-3Ucl
19:39:06 [INFO] src.modules.google_dorks: Limiting patterns from 8 to 3 to avoid rate limiting
19:39:06 [INFO] src.modules.google_dorks: Searching for username 'dhayanidhi-r-4200b5286_ciscocybersecurity-cybersecurityessentials-activity-7116709768798294016-3Ucl' with 3 dork patterns
19:39:06 [INFO] src.modules.google_dorks: Pattern 'profile_pages' found 1 results
19:39:06 [ERROR] src.modules.username_search: Exception checking GitLab: 'expected_status'
19:39:06 [INFO] src.modules.username_search: Found dhayanidhi-r-4200b5286_ciscocybersecurity-cybersecurityessentials-activity-7116709768798294016-3Ucl on Steam
19:39:07 [ERROR] src.modules.username_search: Exception checking Reddit: 'expected_status'
19:39:07 [INFO] src.modules.username_search: Found dhayanidhi-r-4200b5286_ciscocybersecurity-cybersecurityessentials-activity-7116709768798294016-3Ucl on Medium
19:39:07 [INFO] src.modules.username_search: Found dhayanidhi-r-4200b5286_ciscocybersecurity-cybersecurityessentials-activity-7116709768798294016-3Ucl on Instagram
19:39:07 [WARNING] src.modules.google_dorks: Google rate limited (429) for query: dhayanidhi-r-4200b5286_ciscocybersecurity-cybersecurityessentials-activity-7116709768798294016-3Ucl
19:39:07 [WARNING] src.modules.google_dorks: Pattern 'simple_search' failed: Rate limited by Google (429)
19:39:07 [INFO] src.modules.username_search: Found dhayanidhi-r-4200b5286_ciscocybersecurity-cybersecurityessentials-activity-7116709768798294016-3Ucl on Pinterest
19:39:07 [INFO] src.modules.username_search: Username search complete: dhayanidhi-r-4200b5286_ciscocybersecurity-cybersecurityessentials-activity-7116709768798294016-3Ucl → found on 4/12 platforms
19:39:08 [WARNING] src.modules.google_dorks: Google rate limited (429) for query: site:twitter.com "dhayanidhi-r-4200b5286_ciscocybersecurity-cybersecurityessentials-activity-7116709768798294016-3Ucl" OR site:linkedin.com "dhayanidhi-r-4200b5286_ciscocybersecurity-cybersecurityessentials-activity-7116709768798294016-3Ucl" OR site:github.com "dhayanidhi-r-4200b5286_ciscocybersecurity-cybersecurityessentials-activity-7116709768798294016-3Ucl" OR site:instagram.com "dhayanidhi-r-4200b5286_ciscocybersecurity-cybersecurityessentials-activity-7116709768798294016-3Ucl"
19:39:08 [WARNING] src.modules.google_dorks: Pattern 'social_platforms' failed: Rate limited by Google (429)
19:39:08 [INFO] src.modules.google_dorks: Google Dorks search discovered 2 artifacts
19:39:08 [INFO] src.orchestrator: Plugin system processed 2 plugins, discovered 2 artifacts
19:39:08 [INFO] src.orchestrator: Processing: username=dhayanidhi-r-4200b5286_introduction-to-data-science-activity-7318287706730418176-fxrd (depth=2, queue_size=76)
19:39:08 [ERROR] src.modules.username_search: Exception checking Reddit: 'expected_status'
19:39:08 [ERROR] src.modules.username_search: Exception checking GitLab: 'expected_status'
19:39:08 [INFO] src.modules.username_search: Found dhayanidhi-r-4200b5286_introduction-to-data-science-activity-7318287706730418176-fxrd on Instagram
19:39:08 [INFO] src.modules.username_search: Found dhayanidhi-r-4200b5286_introduction-to-data-science-activity-7318287706730418176-fxrd on Steam
19:39:09 [INFO] src.modules.username_search: Found dhayanidhi-r-4200b5286_introduction-to-data-science-activity-7318287706730418176-fxrd on Pinterest
19:39:09 [INFO] src.modules.username_search: Found dhayanidhi-r-4200b5286_introduction-to-data-science-activity-7318287706730418176-fxrd on Medium
19:39:09 [INFO] src.modules.username_search: Username search complete: dhayanidhi-r-4200b5286_introduction-to-data-science-activity-7318287706730418176-fxrd → found on 4/12 platforms
19:39:09 [INFO] src.modules.google_dorks: Limiting patterns from 8 to 3 to avoid rate limiting
19:39:09 [INFO] src.modules.google_dorks: Searching for username 'dhayanidhi-r-4200b5286_introduction-to-data-science-activity-7318287706730418176-fxrd' with 3 dork patterns
19:39:09 [INFO] src.modules.google_dorks: Pattern 'simple_search' found 10 results
19:39:09 [INFO] src.modules.google_dorks: DuckDuckGo search found 0 results for pattern 'social_platforms'
19:39:09 [WARNING] src.modules.google_dorks: Pattern 'social_platforms' failed: None
19:39:09 [INFO] src.modules.google_dorks: DuckDuckGo search found 0 results for pattern 'profile_pages'
19:39:09 [WARNING] src.modules.google_dorks: Pattern 'profile_pages' failed: None
19:39:09 [INFO] src.modules.google_dorks: Google Dorks search discovered 20 artifacts
19:39:09 [INFO] src.orchestrator: Google Dorks found 20 artifacts for username dhayanidhi-r-4200b5286_introduction-to-data-science-activity-7318287706730418176-fxrd
19:39:09 [INFO] src.modules.google_dorks: Limiting patterns from 8 to 3 to avoid rate limiting
19:39:09 [INFO] src.modules.google_dorks: Searching for username 'dhayanidhi-r-4200b5286_introduction-to-data-science-activity-7318287706730418176-fxrd' with 3 dork patterns
19:39:09 [INFO] src.modules.username_search: Found dhayanidhi-r-4200b5286_introduction-to-data-science-activity-7318287706730418176-fxrd on Steam
19:39:09 [ERROR] src.modules.username_search: Exception checking Reddit: 'expected_status'
19:39:09 [ERROR] src.modules.username_search: Exception checking GitLab: 'expected_status'
19:39:09 [INFO] src.modules.username_search: Found dhayanidhi-r-4200b5286_introduction-to-data-science-activity-7318287706730418176-fxrd on Instagram
19:39:10 [INFO] src.modules.username_search: Found dhayanidhi-r-4200b5286_introduction-to-data-science-activity-7318287706730418176-fxrd on Medium
19:39:10 [INFO] src.modules.username_search: Found dhayanidhi-r-4200b5286_introduction-to-data-science-activity-7318287706730418176-fxrd on Pinterest
19:39:10 [INFO] src.modules.username_search: Username search complete: dhayanidhi-r-4200b5286_introduction-to-data-science-activity-7318287706730418176-fxrd → found on 4/12 platforms
19:39:10 [WARNING] src.modules.google_dorks: Google rate limited (429) for query: site:twitter.com "dhayanidhi-r-4200b5286_introduction-to-data-science-activity-7318287706730418176-fxrd" OR site:linkedin.com "dhayanidhi-r-4200b5286_introduction-to-data-science-activity-7318287706730418176-fxrd" OR site:github.com "dhayanidhi-r-4200b5286_introduction-to-data-science-activity-7318287706730418176-fxrd" OR site:instagram.com "dhayanidhi-r-4200b5286_introduction-to-data-science-activity-7318287706730418176-fxrd"
19:39:10 [WARNING] src.modules.google_dorks: Pattern 'social_platforms' failed: Rate limited by Google (429)
19:39:11 [WARNING] src.modules.google_dorks: Google rate limited (429) for query: dhayanidhi-r-4200b5286_introduction-to-data-science-activity-7318287706730418176-fxrd
19:39:11 [WARNING] src.modules.google_dorks: Pattern 'simple_search' failed: Rate limited by Google (429)
19:39:12 [WARNING] src.modules.google_dorks: Google rate limited (429) for query: intitle:"profile" "dhayanidhi-r-4200b5286_introduction-to-data-science-activity-7318287706730418176-fxrd" OR intitle:"user" "dhayanidhi-r-4200b5286_introduction-to-data-science-activity-7318287706730418176-fxrd"
19:39:12 [WARNING] src.modules.google_dorks: Pattern 'profile_pages' failed: Rate limited by Google (429)
19:39:12 [INFO] src.modules.google_dorks: Google Dorks search discovered 0 artifacts
19:39:12 [INFO] src.orchestrator: Plugin system processed 2 plugins, discovered 0 artifacts
19:39:12 [INFO] src.orchestrator: Processing: username=dayanidhi-r-625064100 (depth=2, queue_size=75)
19:39:12 [ERROR] src.modules.username_search: Exception checking Reddit: 'expected_status'
19:39:12 [ERROR] src.modules.username_search: Exception checking GitLab: 'expected_status'
19:39:12 [INFO] src.modules.username_search: Found dayanidhi-r-625064100 on Instagram
19:39:13 [INFO] src.modules.username_search: Found dayanidhi-r-625064100 on Steam
19:39:13 [INFO] src.modules.username_search: Found dayanidhi-r-625064100 on Medium
19:39:13 [INFO] src.modules.username_search: Found dayanidhi-r-625064100 on Pinterest
19:39:13 [INFO] src.modules.username_search: Username search complete: dayanidhi-r-625064100 → found on 4/12 platforms
19:39:13 [INFO] src.modules.google_dorks: Limiting patterns from 8 to 3 to avoid rate limiting
19:39:13 [INFO] src.modules.google_dorks: Searching for username 'dayanidhi-r-625064100' with 3 dork patterns
19:39:13 [INFO] src.modules.google_dorks: Pattern 'simple_search' found 10 results
19:39:13 [INFO] src.modules.google_dorks: DuckDuckGo search found 0 results for pattern 'social_platforms'
19:39:13 [INFO] src.modules.google_dorks: DuckDuckGo search found 0 results for pattern 'profile_pages'
19:39:13 [WARNING] src.modules.google_dorks: Pattern 'social_platforms' failed: None
19:39:13 [WARNING] src.modules.google_dorks: Pattern 'profile_pages' failed: None
19:39:13 [INFO] src.modules.google_dorks: Google Dorks search discovered 20 artifacts
19:39:13 [INFO] src.orchestrator: Google Dorks found 20 artifacts for username dayanidhi-r-625064100
19:39:13 [INFO] src.modules.google_dorks: Limiting patterns from 8 to 3 to avoid rate limiting
19:39:13 [INFO] src.modules.google_dorks: Searching for username 'dayanidhi-r-625064100' with 3 dork patterns
19:39:14 [INFO] src.modules.username_search: Found dayanidhi-r-625064100 on Steam
19:39:14 [ERROR] src.modules.username_search: Exception checking Reddit: 'expected_status'
19:39:14 [ERROR] src.modules.username_search: Exception checking GitLab: 'expected_status'
19:39:14 [INFO] src.modules.username_search: Found dayanidhi-r-625064100 on Instagram
19:39:14 [INFO] src.modules.username_search: Found dayanidhi-r-625064100 on Medium
19:39:14 [INFO] src.modules.username_search: Found dayanidhi-r-625064100 on Pinterest
19:39:14 [WARNING] src.modules.google_dorks: Google rate limited (429) for query: dayanidhi-r-625064100
19:39:14 [WARNING] src.modules.google_dorks: Pattern 'simple_search' failed: Rate limited by Google (429)
19:39:15 [INFO] src.modules.username_search: Username search complete: dayanidhi-r-625064100 → found on 4/12 platforms
19:39:15 [WARNING] src.modules.google_dorks: Google rate limited (429) for query: site:twitter.com "dayanidhi-r-625064100" OR site:linkedin.com "dayanidhi-r-625064100" OR site:github.com "dayanidhi-r-625064100" OR site:instagram.com "dayanidhi-r-625064100"
19:39:15 [WARNING] src.modules.google_dorks: Pattern 'social_platforms' failed: Rate limited by Google (429)
19:39:17 [WARNING] src.modules.google_dorks: Google rate limited (429) for query: intitle:"profile" "dayanidhi-r-625064100" OR intitle:"user" "dayanidhi-r-625064100"
19:39:17 [WARNING] src.modules.google_dorks: Pattern 'profile_pages' failed: Rate limited by Google (429)
19:39:17 [INFO] src.modules.google_dorks: Google Dorks search discovered 0 artifacts
19:39:17 [INFO] src.orchestrator: Plugin system processed 2 plugins, discovered 0 artifacts
19:39:17 [INFO] src.orchestrator: Processing: username=dhayanidhi-r-4200b5286_ieee-idciot2025-revauniversity-activity-7294341898352107520-5hqB (depth=2, queue_size=74)
19:39:17 [ERROR] src.modules.username_search: Exception checking Reddit: 'expected_status'
19:39:17 [ERROR] src.modules.username_search: Exception checking GitLab: 'expected_status'
19:39:17 [INFO] src.modules.username_search: Found dhayanidhi-r-4200b5286_ieee-idciot2025-revauniversity-activity-7294341898352107520-5hqB on Instagram
19:39:18 [INFO] src.modules.username_search: Found dhayanidhi-r-4200b5286_ieee-idciot2025-revauniversity-activity-7294341898352107520-5hqB on Steam
19:39:18 [INFO] src.modules.username_search: Found dhayanidhi-r-4200b5286_ieee-idciot2025-revauniversity-activity-7294341898352107520-5hqB on Medium
19:39:18 [INFO] src.modules.username_search: Found dhayanidhi-r-4200b5286_ieee-idciot2025-revauniversity-activity-7294341898352107520-5hqB on Pinterest
19:39:18 [INFO] src.modules.username_search: Username search complete: dhayanidhi-r-4200b5286_ieee-idciot2025-revauniversity-activity-7294341898352107520-5hqB → found on 4/12 platforms
19:39:18 [INFO] src.modules.google_dorks: Limiting patterns from 8 to 3 to avoid rate limiting
19:39:18 [INFO] src.modules.google_dorks: Searching for username 'dhayanidhi-r-4200b5286_ieee-idciot2025-revauniversity-activity-7294341898352107520-5hqB' with 3 dork patterns
19:39:18 [INFO] src.modules.google_dorks: Pattern 'simple_search' found 10 results
19:39:19 [INFO] src.modules.google_dorks: DuckDuckGo search found 0 results for pattern 'profile_pages'
19:39:19 [WARNING] src.modules.google_dorks: Pattern 'profile_pages' failed: None
19:39:19 [INFO] src.modules.google_dorks: DuckDuckGo search found 0 results for pattern 'social_platforms'
19:39:19 [WARNING] src.modules.google_dorks: Pattern 'social_platforms' failed: None
19:39:19 [INFO] src.modules.google_dorks: Google Dorks search discovered 21 artifacts
19:39:19 [INFO] src.orchestrator: Google Dorks found 21 artifacts for username dhayanidhi-r-4200b5286_ieee-idciot2025-revauniversity-activity-7294341898352107520-5hqB
19:39:19 [INFO] src.modules.google_dorks: Limiting patterns from 8 to 3 to avoid rate limiting
19:39:19 [INFO] src.modules.google_dorks: Searching for username 'dhayanidhi-r-4200b5286_ieee-idciot2025-revauniversity-activity-7294341898352107520-5hqB' with 3 dork patterns
19:39:19 [INFO] src.modules.username_search: Found dhayanidhi-r-4200b5286_ieee-idciot2025-revauniversity-activity-7294341898352107520-5hqB on Steam
19:39:19 [ERROR] src.modules.username_search: Exception checking Reddit: 'expected_status'
19:39:19 [ERROR] src.modules.username_search: Exception checking GitLab: 'expected_status'
19:39:19 [INFO] src.modules.username_search: Found dhayanidhi-r-4200b5286_ieee-idciot2025-revauniversity-activity-7294341898352107520-5hqB on Instagram
19:39:19 [INFO] src.modules.username_search: Found dhayanidhi-r-4200b5286_ieee-idciot2025-revauniversity-activity-7294341898352107520-5hqB on Pinterest
19:39:19 [INFO] src.modules.username_search: Found dhayanidhi-r-4200b5286_ieee-idciot2025-revauniversity-activity-7294341898352107520-5hqB on Medium
19:39:19 [INFO] src.modules.username_search: Username search complete: dhayanidhi-r-4200b5286_ieee-idciot2025-revauniversity-activity-7294341898352107520-5hqB → found on 4/12 platforms
19:39:20 [WARNING] src.modules.google_dorks: Google rate limited (429) for query: dhayanidhi-r-4200b5286_ieee-idciot2025-revauniversity-activity-7294341898352107520-5hqB
19:39:20 [WARNING] src.modules.google_dorks: Google rate limited (429) for query: site:twitter.com "dhayanidhi-r-4200b5286_ieee-idciot2025-revauniversity-activity-7294341898352107520-5hqB" OR site:linkedin.com "dhayanidhi-r-4200b5286_ieee-idciot2025-revauniversity-activity-7294341898352107520-5hqB" OR site:github.com "dhayanidhi-r-4200b5286_ieee-idciot2025-revauniversity-activity-7294341898352107520-5hqB" OR site:instagram.com "dhayanidhi-r-4200b5286_ieee-idciot2025-revauniversity-activity-7294341898352107520-5hqB"
19:39:20 [WARNING] src.modules.google_dorks: Pattern 'simple_search' failed: Rate limited by Google (429)
19:39:20 [WARNING] src.modules.google_dorks: Pattern 'social_platforms' failed: Rate limited by Google (429)
19:39:22 [WARNING] src.modules.google_dorks: Google rate limited (429) for query: intitle:"profile" "dhayanidhi-r-4200b5286_ieee-idciot2025-revauniversity-activity-7294341898352107520-5hqB" OR intitle:"user" "dhayanidhi-r-4200b5286_ieee-idciot2025-revauniversity-activity-7294341898352107520-5hqB"
19:39:22 [WARNING] src.modules.google_dorks: Pattern 'profile_pages' failed: Rate limited by Google (429)
19:39:22 [INFO] src.modules.google_dorks: Google Dorks search discovered 0 artifacts
19:39:22 [INFO] src.orchestrator: Plugin system processed 2 plugins, discovered 0 artifacts
19:39:22 [INFO] src.orchestrator: Processing: ip=cctld.linkedin.com. (depth=2, queue_size=73)
19:39:22 [WARNING] src.orchestrator: Unknown artifact type: ip
19:39:22 [INFO] src.orchestrator: Plugin system processed 1 plugins, discovered 0 artifacts
19:39:22 [INFO] src.orchestrator: Processing: ip=cctld.es.lnkdns.net. (depth=2, queue_size=72)
19:39:22 [WARNING] src.orchestrator: Unknown artifact type: ip
19:39:22 [INFO] src.orchestrator: Plugin system processed 1 plugins, discovered 0 artifacts
19:39:22 [INFO] src.orchestrator: Processing: ip=www.linkedin.com.cdn.cloudflare.net. (depth=2, queue_size=71)
19:39:22 [WARNING] src.orchestrator: Unknown artifact type: ip
19:39:22 [INFO] src.orchestrator: Plugin system processed 1 plugins, discovered 0 artifacts
19:39:22 [INFO] src.orchestrator: Processing: ip=172.64.146.215 (depth=2, queue_size=70)
19:39:22 [WARNING] src.orchestrator: Unknown artifact type: ip
19:39:23 [INFO] src.orchestrator: Plugin system processed 1 plugins, discovered 0 artifacts
19:39:23 [INFO] src.orchestrator: Processing: ip=104.18.41.41 (depth=2, queue_size=69)
19:39:23 [WARNING] src.orchestrator: Unknown artifact type: ip
19:39:23 [INFO] src.orchestrator: Plugin system processed 1 plugins, discovered 0 artifacts
19:39:23 [INFO] src.orchestrator: Processing: mail_server=cctld.linkedin.com. (depth=2, queue_size=68)
19:39:23 [WARNING] src.orchestrator: Unknown artifact type: mail_server
19:39:23 [WARNING] src.plugins.manager: No plugins available for artifact type: mail_server
19:39:23 [INFO] src.orchestrator: Plugin system processed 0 plugins, discovered 0 artifacts
19:39:23 [INFO] src.orchestrator: Processing: mail_server=cctld.es.lnkdns.net. (depth=2, queue_size=67)
19:39:23 [WARNING] src.orchestrator: Unknown artifact type: mail_server
19:39:23 [WARNING] src.plugins.manager: No plugins available for artifact type: mail_server
19:39:23 [INFO] src.orchestrator: Plugin system processed 0 plugins, discovered 0 artifacts
19:39:23 [INFO] src.orchestrator: Processing: mail_server=www.linkedin.com.cdn.cloudflare.net. (depth=2, queue_size=66)
19:39:23 [WARNING] src.orchestrator: Unknown artifact type: mail_server
19:39:23 [WARNING] src.plugins.manager: No plugins available for artifact type: mail_server
19:39:23 [INFO] src.orchestrator: Plugin system processed 0 plugins, discovered 0 artifacts
19:39:23 [INFO] src.orchestrator: Processing: nameserver=cctld.linkedin.com. (depth=2, queue_size=65)
19:39:23 [WARNING] src.orchestrator: Unknown artifact type: nameserver
19:39:23 [WARNING] src.plugins.manager: No plugins available for artifact type: nameserver
19:39:23 [INFO] src.orchestrator: Plugin system processed 0 plugins, discovered 0 artifacts
19:39:23 [INFO] src.orchestrator: Processing: nameserver=cctld.es.lnkdns.net. (depth=2, queue_size=64)
19:39:23 [WARNING] src.orchestrator: Unknown artifact type: nameserver
19:39:23 [WARNING] src.plugins.manager: No plugins available for artifact type: nameserver
19:39:23 [INFO] src.orchestrator: Plugin system processed 0 plugins, discovered 0 artifacts
19:39:23 [INFO] src.orchestrator: Processing: nameserver=www.linkedin.com.cdn.cloudflare.net. (depth=2, queue_size=63)
19:39:23 [WARNING] src.orchestrator: Unknown artifact type: nameserver
19:39:23 [WARNING] src.plugins.manager: No plugins available for artifact type: nameserver
19:39:23 [INFO] src.orchestrator: Plugin system processed 0 plugins, discovered 0 artifacts
19:39:23 [INFO] src.orchestrator: Processing: platform_presence=https://www.instagram.com/dhayanidhi-r-17b862238/ (depth=2, queue_size=62)
19:39:23 [WARNING] src.orchestrator: Unknown artifact type: platform_presence
19:39:23 [WARNING] src.plugins.manager: No plugins available for artifact type: platform_presence
19:39:23 [INFO] src.orchestrator: Plugin system processed 0 plugins, discovered 0 artifacts
19:39:23 [INFO] src.orchestrator: Processing: platform_presence=https://steamcommunity.com/id/dhayanidhi-r-17b862238 (depth=2, queue_size=61)
19:39:23 [WARNING] src.orchestrator: Unknown artifact type: platform_presence
19:39:23 [WARNING] src.plugins.manager: No plugins available for artifact type: platform_presence
19:39:23 [INFO] src.orchestrator: Plugin system processed 0 plugins, discovered 0 artifacts
19:39:23 [INFO] src.orchestrator: Processing: platform_presence=https://www.pinterest.com/dhayanidhi-r-17b862238/ (depth=2, queue_size=60)
19:39:23 [WARNING] src.orchestrator: Unknown artifact type: platform_presence
19:39:23 [WARNING] src.plugins.manager: No plugins available for artifact type: platform_presence
19:39:23 [INFO] src.orchestrator: Plugin system processed 0 plugins, discovered 0 artifacts
19:39:23 [INFO] src.orchestrator: Processing: platform_presence=https://medium.com/@dhayanidhi-r-17b862238 (depth=2, queue_size=59)
19:39:23 [WARNING] src.orchestrator: Unknown artifact type: platform_presence
19:39:23 [WARNING] src.plugins.manager: No plugins available for artifact type: platform_presence
19:39:23 [INFO] src.orchestrator: Plugin system processed 0 plugins, discovered 0 artifacts
19:39:23 [INFO] src.orchestrator: Processing: username=dhayanidhi.r.37 (depth=2, queue_size=58)
19:39:23 [ERROR] src.modules.username_search: Exception checking Reddit: 'expected_status'
19:39:23 [ERROR] src.modules.username_search: Exception checking GitLab: 'expected_status'
19:39:23 [INFO] src.modules.username_search: Found dhayanidhi.r.37 on Pinterest
19:39:23 [INFO] src.modules.username_search: Found dhayanidhi.r.37 on Mastodon
19:39:23 [INFO] src.modules.username_search: Found dhayanidhi.r.37 on Instagram
19:39:23 [INFO] src.modules.username_search: Found dhayanidhi.r.37 on Medium
19:39:23 [INFO] src.modules.username_search: Found dhayanidhi.r.37 on Steam
19:39:23 [INFO] src.modules.username_search: Username search complete: dhayanidhi.r.37 → found on 5/12 platforms
19:39:23 [INFO] src.modules.google_dorks: Limiting patterns from 8 to 3 to avoid rate limiting
19:39:23 [INFO] src.modules.google_dorks: Searching for username 'dhayanidhi.r.37' with 3 dork patterns
19:39:23 [INFO] src.modules.google_dorks: Pattern 'simple_search' found 10 results
19:39:24 [INFO] src.modules.google_dorks: DuckDuckGo search found 0 results for pattern 'social_platforms'
19:39:24 [WARNING] src.modules.google_dorks: Pattern 'social_platforms' failed: None
19:39:24 [INFO] src.modules.google_dorks: DuckDuckGo search found 0 results for pattern 'profile_pages'
19:39:24 [WARNING] src.modules.google_dorks: Pattern 'profile_pages' failed: None
19:39:24 [INFO] src.modules.google_dorks: Google Dorks search discovered 20 artifacts
19:39:24 [INFO] src.orchestrator: Google Dorks found 20 artifacts for username dhayanidhi.r.37
19:39:24 [INFO] src.modules.google_dorks: Limiting patterns from 8 to 3 to avoid rate limiting
19:39:24 [INFO] src.modules.google_dorks: Searching for username 'dhayanidhi.r.37' with 3 dork patterns
19:39:24 [INFO] src.modules.username_search: Found dhayanidhi.r.37 on Mastodon
19:39:24 [INFO] src.modules.username_search: Found dhayanidhi.r.37 on Steam
19:39:24 [ERROR] src.modules.username_search: Exception checking Reddit: 'expected_status'
19:39:24 [ERROR] src.modules.username_search: Exception checking GitLab: 'expected_status'
19:39:24 [INFO] src.modules.username_search: Found dhayanidhi.r.37 on Instagram
19:39:24 [INFO] src.modules.username_search: Found dhayanidhi.r.37 on Pinterest
19:39:24 [INFO] src.modules.username_search: Found dhayanidhi.r.37 on Medium
19:39:24 [INFO] src.modules.username_search: Username search complete: dhayanidhi.r.37 → found on 5/12 platforms
19:39:24 [WARNING] src.modules.google_dorks: Google rate limited (429) for query: dhayanidhi.r.37
19:39:24 [WARNING] src.modules.google_dorks: Pattern 'simple_search' failed: Rate limited by Google (429)
19:39:25 [WARNING] src.modules.google_dorks: Google rate limited (429) for query: site:twitter.com "dhayanidhi.r.37" OR site:linkedin.com "dhayanidhi.r.37" OR site:github.com "dhayanidhi.r.37" OR site:instagram.com "dhayanidhi.r.37"
19:39:25 [WARNING] src.modules.google_dorks: Pattern 'social_platforms' failed: Rate limited by Google (429)
19:39:27 [WARNING] src.modules.google_dorks: Google rate limited (429) for query: intitle:"profile" "dhayanidhi.r.37" OR intitle:"user" "dhayanidhi.r.37"
19:39:27 [WARNING] src.modules.google_dorks: Pattern 'profile_pages' failed: Rate limited by Google (429)
19:39:27 [INFO] src.modules.google_dorks: Google Dorks search discovered 0 artifacts
19:39:27 [INFO] src.orchestrator: Plugin system processed 2 plugins, discovered 0 artifacts
19:39:27 [INFO] src.orchestrator: Processing: username=dhayanidhi.r_18 (depth=2, queue_size=57)
19:54:27 [WARNING] urllib3.connectionpool: Retrying (Retry(total=1, connect=None, read=None, redirect=None, status=None)) after connection broken by 'RemoteDisconnected('Remote end closed connection without response')': /user?id=dhayanidhi.r_18
19:54:27 [WARNING] urllib3.connectionpool: Retrying (Retry(total=1, connect=None, read=None, redirect=None, status=None)) after connection broken by 'RemoteDisconnected('Remote end closed connection without response')': /dhayanidhi.r_18
19:54:28 [WARNING] urllib3.connectionpool: Retrying (Retry(total=1, connect=None, read=None, redirect=None, status=None)) after connection broken by 'RemoteDisconnected('Remote end closed connection without response')': /id/dhayanidhi.r_18
19:54:28 [WARNING] urllib3.connectionpool: Retrying (Retry(total=1, connect=None, read=None, redirect=None, status=None)) after connection broken by 'RemoteDisconnected('Remote end closed connection without response')': /@dhayanidhi.r_18
19:54:29 [INFO] src.modules.username_search: Found dhayanidhi.r_18 on Steam
19:54:36 [WARNING] urllib3.connectionpool: Retrying (Retry(total=1, connect=None, read=None, redirect=None, status=None)) after connection broken by 'ReadTimeoutError("HTTPSConnectionPool(host='gitlab.com', port=443): Read timed out. (read timeout=10)")': /api/v4/users?username=dhayanidhi.r_18
19:54:36 [WARNING] urllib3.connectionpool: Retrying (Retry(total=1, connect=None, read=None, redirect=None, status=None)) after connection broken by 'ReadTimeoutError("HTTPSConnectionPool(host='twitter.com', port=443): Read timed out. (read timeout=10)")': /dhayanidhi.r_18
19:54:36 [WARNING] urllib3.connectionpool: Retrying (Retry(total=1, connect=None, read=None, redirect=None, status=None)) after connection broken by 'ReadTimeoutError("HTTPSConnectionPool(host='www.pinterest.com', port=443): Read timed out. (read timeout=10)")': /dhayanidhi.r_18/
19:54:36 [WARNING] urllib3.connectionpool: Retrying (Retry(total=1, connect=None, read=None, redirect=None, status=None)) after connection broken by 'ReadTimeoutError("HTTPSConnectionPool(host='www.instagram.com', port=443): Read timed out. (read timeout=10)")': /dhayanidhi.r_18/
19:54:36 [WARNING] urllib3.connectionpool: Retrying (Retry(total=1, connect=None, read=None, redirect=None, status=None)) after connection broken by 'ReadTimeoutError("HTTPSConnectionPool(host='www.linkedin.com', port=443): Read timed out. (read timeout=10)")': /in/dhayanidhi.r_18/
19:54:36 [WARNING] urllib3.connectionpool: Retrying (Retry(total=1, connect=None, read=None, redirect=None, status=None)) after connection broken by 'ReadTimeoutError("HTTPSConnectionPool(host='medium.com', port=443): Read timed out. (read timeout=10)")': /@dhayanidhi.r_18
19:54:36 [WARNING] urllib3.connectionpool: Retrying (Retry(total=1, connect=None, read=None, redirect=None, status=None)) after connection broken by 'ReadTimeoutError("HTTPSConnectionPool(host='api.github.com', port=443): Read timed out. (read timeout=10)")': /users/dhayanidhi.r_18
19:54:36 [WARNING] urllib3.connectionpool: Retrying (Retry(total=1, connect=None, read=None, redirect=None, status=None)) after connection broken by 'ReadTimeoutError("HTTPSConnectionPool(host='www.reddit.com', port=443): Read timed out. (read timeout=10)")': /user/dhayanidhi.r_18/about.json
19:54:37 [ERROR] src.modules.username_search: Exception checking Reddit: 'expected_status'
19:54:37 [ERROR] src.modules.username_search: Exception checking GitLab: 'expected_status'
19:54:37 [INFO] src.modules.username_search: Found dhayanidhi.r_18 on Instagram
19:54:37 [INFO] src.modules.username_search: Found dhayanidhi.r_18 on Medium
19:54:37 [INFO] src.modules.username_search: Found dhayanidhi.r_18 on Pinterest
19:54:37 [INFO] src.modules.username_search: Username search complete: dhayanidhi.r_18 → found on 4/12 platforms
19:54:37 [INFO] src.modules.google_dorks: Limiting patterns from 8 to 3 to avoid rate limiting
19:54:37 [INFO] src.modules.google_dorks: Searching for username 'dhayanidhi.r_18' with 3 dork patterns
19:54:37 [INFO] src.modules.google_dorks: Pattern 'simple_search' found 10 results
19:54:37 [INFO] src.modules.google_dorks: DuckDuckGo search found 0 results for pattern 'social_platforms'
19:54:37 [WARNING] src.modules.google_dorks: Pattern 'social_platforms' failed: None
19:54:37 [INFO] src.modules.google_dorks: DuckDuckGo search found 0 results for pattern 'profile_pages'
19:54:37 [WARNING] src.modules.google_dorks: Pattern 'profile_pages' failed: None
19:54:37 [INFO] src.modules.google_dorks: Google Dorks search discovered 20 artifacts
19:54:37 [INFO] src.orchestrator: Google Dorks found 20 artifacts for username dhayanidhi.r_18
19:54:38 [INFO] src.modules.google_dorks: Limiting patterns from 8 to 3 to avoid rate limiting
19:54:38 [INFO] src.modules.google_dorks: Searching for username 'dhayanidhi.r_18' with 3 dork patterns
19:54:38 [INFO] src.modules.username_search: Found dhayanidhi.r_18 on Steam
19:54:38 [ERROR] src.modules.username_search: Exception checking Reddit: 'expected_status'
19:54:38 [ERROR] src.modules.username_search: Exception checking GitLab: 'expected_status'
19:54:38 [INFO] src.modules.username_search: Found dhayanidhi.r_18 on Instagram
19:54:38 [INFO] src.modules.username_search: Found dhayanidhi.r_18 on Pinterest
19:54:38 [INFO] src.modules.username_search: Found dhayanidhi.r_18 on Medium
19:54:38 [INFO] src.modules.username_search: Username search complete: dhayanidhi.r_18 → found on 4/12 platforms
19:54:38 [WARNING] src.modules.google_dorks: Google rate limited (429) for query: dhayanidhi.r_18
19:54:38 [WARNING] src.modules.google_dorks: Pattern 'simple_search' failed: Rate limited by Google (429)
19:54:39 [WARNING] src.modules.google_dorks: Google rate limited (429) for query: site:twitter.com "dhayanidhi.r_18" OR site:linkedin.com "dhayanidhi.r_18" OR site:github.com "dhayanidhi.r_18" OR site:instagram.com "dhayanidhi.r_18"
19:54:39 [WARNING] src.modules.google_dorks: Pattern 'social_platforms' failed: Rate limited by Google (429)
19:54:40 [WARNING] src.modules.google_dorks: Google rate limited (429) for query: intitle:"profile" "dhayanidhi.r_18" OR intitle:"user" "dhayanidhi.r_18"
19:54:40 [WARNING] src.modules.google_dorks: Pattern 'profile_pages' failed: Rate limited by Google (429)
19:54:40 [INFO] src.modules.google_dorks: Google Dorks search discovered 0 artifacts
19:54:40 [INFO] src.orchestrator: Plugin system processed 2 plugins, discovered 0 artifacts
19:54:40 [INFO] src.orchestrator: Processing: username=11315047192 (depth=2, queue_size=56)
19:54:41 [ERROR] src.modules.username_search: Exception checking Reddit: 'expected_status'
19:54:41 [ERROR] src.modules.username_search: Exception checking GitLab: 'expected_status'
19:54:41 [INFO] src.modules.username_search: Found 11315047192 on Instagram
19:54:41 [INFO] src.modules.username_search: Found 11315047192 on Steam
19:54:41 [INFO] src.modules.username_search: Found 11315047192 on Medium
19:54:41 [INFO] src.modules.username_search: Found 11315047192 on Pinterest
19:54:41 [INFO] src.modules.username_search: Username search complete: 11315047192 → found on 4/12 platforms
19:54:41 [INFO] src.modules.google_dorks: Limiting patterns from 8 to 3 to avoid rate limiting
19:54:41 [INFO] src.modules.google_dorks: Searching for username '11315047192' with 3 dork patterns
19:54:41 [INFO] src.modules.google_dorks: Pattern 'simple_search' found 10 results
19:54:41 [INFO] src.modules.google_dorks: DuckDuckGo search found 0 results for pattern 'social_platforms'
19:54:41 [WARNING] src.modules.google_dorks: Pattern 'social_platforms' failed: None
19:54:41 [INFO] src.modules.google_dorks: DuckDuckGo search found 0 results for pattern 'profile_pages'
19:54:41 [WARNING] src.modules.google_dorks: Pattern 'profile_pages' failed: None
19:54:41 [INFO] src.modules.google_dorks: Google Dorks search discovered 20 artifacts
19:54:41 [INFO] src.orchestrator: Google Dorks found 20 artifacts for username 11315047192
19:54:41 [INFO] src.modules.google_dorks: Limiting patterns from 8 to 3 to avoid rate limiting
19:54:41 [INFO] src.modules.google_dorks: Searching for username '11315047192' with 3 dork patterns
19:54:42 [INFO] src.modules.username_search: Found 11315047192 on Steam
19:54:42 [ERROR] src.modules.username_search: Exception checking GitLab: 'expected_status'
19:54:42 [INFO] src.modules.username_search: Found 11315047192 on Instagram
19:54:42 [INFO] src.modules.username_search: Found 11315047192 on Medium
19:54:42 [WARNING] src.modules.google_dorks: Google rate limited (429) for query: 11315047192
19:54:42 [WARNING] src.modules.google_dorks: Pattern 'simple_search' failed: Rate limited by Google (429)
19:54:42 [ERROR] src.modules.username_search: Exception checking Reddit: 'expected_status'
19:54:43 [INFO] src.modules.username_search: Found 11315047192 on Pinterest
19:54:43 [INFO] src.modules.username_search: Username search complete: 11315047192 → found on 4/12 platforms
19:54:43 [WARNING] src.modules.google_dorks: Google rate limited (429) for query: site:twitter.com "11315047192" OR site:linkedin.com "11315047192" OR site:github.com "11315047192" OR site:instagram.com "11315047192"
19:54:43 [WARNING] src.modules.google_dorks: Pattern 'social_platforms' failed: Rate limited by Google (429)
19:54:44 [WARNING] src.modules.google_dorks: Google rate limited (429) for query: intitle:"profile" "11315047192" OR intitle:"user" "11315047192"
19:54:44 [WARNING] src.modules.google_dorks: Pattern 'profile_pages' failed: Rate limited by Google (429)
19:54:44 [INFO] src.modules.google_dorks: Google Dorks search discovered 0 artifacts
19:54:44 [INFO] src.orchestrator: Plugin system processed 2 plugins, discovered 0 artifacts
19:54:44 [INFO] src.orchestrator: Processing: domain=zoominfo.com (depth=2, queue_size=55)
19:54:44 [WARNING] src.orchestrator: Unknown artifact type: domain
19:54:44 [ERROR] src.orchestrator: External tools processing failed for zoominfo.com: 'WhoisIntegration' object has no attribute 'search_username'
19:54:46 [INFO] src.orchestrator: Plugin system processed 2 plugins, discovered 6 artifacts
19:54:46 [INFO] src.orchestrator: Processing: platform_presence=https://www.instagram.com/dhayanidhi-r-830a8221a/ (depth=2, queue_size=54)
19:54:46 [WARNING] src.orchestrator: Unknown artifact type: platform_presence
19:54:46 [WARNING] src.plugins.manager: No plugins available for artifact type: platform_presence
19:54:46 [INFO] src.orchestrator: Plugin system processed 0 plugins, discovered 0 artifacts
19:54:46 [INFO] src.orchestrator: Processing: platform_presence=https://medium.com/@dhayanidhi-r-830a8221a (depth=2, queue_size=53)
19:54:46 [WARNING] src.orchestrator: Unknown artifact type: platform_presence
19:54:46 [WARNING] src.plugins.manager: No plugins available for artifact type: platform_presence
19:54:46 [INFO] src.orchestrator: Plugin system processed 0 plugins, discovered 0 artifacts
19:54:46 [INFO] src.orchestrator: Processing: platform_presence=https://steamcommunity.com/id/dhayanidhi-r-830a8221a (depth=2, queue_size=52)
19:54:46 [WARNING] src.orchestrator: Unknown artifact type: platform_presence
19:54:46 [WARNING] src.plugins.manager: No plugins available for artifact type: platform_presence
19:54:46 [INFO] src.orchestrator: Plugin system processed 0 plugins, discovered 0 artifacts
19:54:46 [INFO] src.orchestrator: Processing: platform_presence=https://www.pinterest.com/dhayanidhi-r-830a8221a/ (depth=2, queue_size=51)
19:54:46 [WARNING] src.orchestrator: Unknown artifact type: platform_presence
19:54:46 [WARNING] src.plugins.manager: No plugins available for artifact type: platform_presence
19:54:46 [INFO] src.orchestrator: Plugin system processed 0 plugins, discovered 0 artifacts
19:54:46 [INFO] src.orchestrator: Processing: username=dayanidhi-r-512903b4 (depth=2, queue_size=50)
19:54:46 [ERROR] src.modules.username_search: Exception checking Reddit: 'expected_status'
19:54:46 [ERROR] src.modules.username_search: Exception checking GitLab: 'expected_status'
19:54:46 [INFO] src.modules.username_search: Found dayanidhi-r-512903b4 on Instagram
19:54:46 [INFO] src.modules.username_search: Found dayanidhi-r-512903b4 on Pinterest
19:54:46 [INFO] src.modules.username_search: Found dayanidhi-r-512903b4 on Medium
19:54:46 [INFO] src.modules.username_search: Found dayanidhi-r-512903b4 on Steam
19:54:46 [INFO] src.modules.username_search: Username search complete: dayanidhi-r-512903b4 → found on 4/12 platforms
19:54:46 [INFO] src.modules.google_dorks: Limiting patterns from 8 to 3 to avoid rate limiting
19:54:46 [INFO] src.modules.google_dorks: Searching for username 'dayanidhi-r-512903b4' with 3 dork patterns
19:54:46 [INFO] src.modules.google_dorks: Pattern 'simple_search' found 10 results
19:54:46 [INFO] src.modules.google_dorks: DuckDuckGo search found 0 results for pattern 'profile_pages'
19:54:46 [WARNING] src.modules.google_dorks: Pattern 'profile_pages' failed: None
19:54:46 [INFO] src.modules.google_dorks: DuckDuckGo search found 0 results for pattern 'social_platforms'
19:54:46 [WARNING] src.modules.google_dorks: Pattern 'social_platforms' failed: None
19:54:46 [INFO] src.modules.google_dorks: Google Dorks search discovered 21 artifacts
19:54:46 [INFO] src.orchestrator: Google Dorks found 21 artifacts for username dayanidhi-r-512903b4
19:54:46 [INFO] src.modules.google_dorks: Limiting patterns from 8 to 3 to avoid rate limiting
19:54:46 [INFO] src.modules.google_dorks: Searching for username 'dayanidhi-r-512903b4' with 3 dork patterns
19:54:47 [ERROR] src.modules.username_search: Exception checking Reddit: 'expected_status'
19:54:47 [INFO] src.modules.username_search: Found dayanidhi-r-512903b4 on Steam
19:54:47 [ERROR] src.modules.username_search: Exception checking GitLab: 'expected_status'
19:54:47 [INFO] src.modules.username_search: Found dayanidhi-r-512903b4 on Instagram
19:54:47 [INFO] src.modules.username_search: Found dayanidhi-r-512903b4 on Pinterest
19:54:47 [INFO] src.modules.username_search: Found dayanidhi-r-512903b4 on Medium
19:54:47 [INFO] src.modules.username_search: Username search complete: dayanidhi-r-512903b4 → found on 4/12 platforms
19:54:47 [WARNING] src.modules.google_dorks: Google rate limited (429) for query: dayanidhi-r-512903b4
19:54:47 [WARNING] src.modules.google_dorks: Pattern 'simple_search' failed: Rate limited by Google (429)
19:54:49 [WARNING] src.modules.google_dorks: Google rate limited (429) for query: site:twitter.com "dayanidhi-r-512903b4" OR site:linkedin.com "dayanidhi-r-512903b4" OR site:github.com "dayanidhi-r-512903b4" OR site:instagram.com "dayanidhi-r-512903b4"
19:54:49 [WARNING] src.modules.google_dorks: Pattern 'social_platforms' failed: Rate limited by Google (429)
19:54:50 [WARNING] src.modules.google_dorks: Google rate limited (429) for query: intitle:"profile" "dayanidhi-r-512903b4" OR intitle:"user" "dayanidhi-r-512903b4"
19:54:50 [WARNING] src.modules.google_dorks: Pattern 'profile_pages' failed: Rate limited by Google (429)
19:54:50 [INFO] src.modules.google_dorks: Google Dorks search discovered 0 artifacts
19:54:50 [INFO] src.orchestrator: Plugin system processed 2 plugins, discovered 0 artifacts
19:54:50 [INFO] src.orchestrator: Processing: username=myaadhaar.uidai.gov.in (depth=2, queue_size=49)
19:54:51 [ERROR] src.modules.username_search: Exception checking GitLab: 'expected_status'
19:54:51 [INFO] src.modules.username_search: Found myaadhaar.uidai.gov.in on Instagram
19:54:51 [INFO] src.modules.username_search: Found myaadhaar.uidai.gov.in on Pinterest
19:54:51 [INFO] src.modules.username_search: Found myaadhaar.uidai.gov.in on Steam
19:54:51 [INFO] src.modules.username_search: Found myaadhaar.uidai.gov.in on Mastodon
19:54:51 [ERROR] src.modules.username_search: Exception checking Reddit: 'expected_status'
19:54:51 [INFO] src.modules.username_search: Found myaadhaar.uidai.gov.in on Medium
19:54:51 [INFO] src.modules.username_search: Username search complete: myaadhaar.uidai.gov.in → found on 5/12 platforms
19:54:51 [INFO] src.modules.google_dorks: Limiting patterns from 8 to 3 to avoid rate limiting
19:54:51 [INFO] src.modules.google_dorks: Searching for username 'myaadhaar.uidai.gov.in' with 3 dork patterns
19:54:51 [INFO] src.modules.google_dorks: Pattern 'profile_pages' found 1 results
19:54:51 [INFO] src.modules.google_dorks: Pattern 'simple_search' found 10 results
19:54:52 [INFO] src.modules.google_dorks: DuckDuckGo search found 0 results for pattern 'social_platforms'
19:54:52 [WARNING] src.modules.google_dorks: Pattern 'social_platforms' failed: None
19:54:52 [WARNING] src.modules.google_dorks: Limiting Google Dorks results from 11 to 10 to prevent exponential growth
19:54:52 [INFO] src.modules.google_dorks: Google Dorks search discovered 22 artifacts
19:54:52 [INFO] src.orchestrator: Google Dorks found 22 artifacts for username myaadhaar.uidai.gov.in
19:54:52 [INFO] src.modules.google_dorks: Limiting patterns from 8 to 3 to avoid rate limiting
19:54:52 [INFO] src.modules.google_dorks: Searching for username 'myaadhaar.uidai.gov.in' with 3 dork patterns
19:54:52 [ERROR] src.modules.username_search: Exception checking GitLab: 'expected_status'
19:54:52 [INFO] src.modules.username_search: Found myaadhaar.uidai.gov.in on Steam
19:54:52 [INFO] src.modules.username_search: Found myaadhaar.uidai.gov.in on Mastodon
19:54:52 [INFO] src.modules.username_search: Found myaadhaar.uidai.gov.in on Instagram
19:54:53 [ERROR] src.modules.username_search: Exception checking Reddit: 'expected_status'
19:54:53 [INFO] src.modules.username_search: Found myaadhaar.uidai.gov.in on Pinterest
19:54:53 [INFO] src.modules.username_search: Found myaadhaar.uidai.gov.in on Medium
19:54:53 [INFO] src.modules.username_search: Username search complete: myaadhaar.uidai.gov.in → found on 5/12 platforms
19:54:53 [WARNING] src.modules.google_dorks: Google rate limited (429) for query: myaadhaar.uidai.gov.in
19:54:53 [WARNING] src.modules.google_dorks: Pattern 'simple_search' failed: Rate limited by Google (429)
19:54:54 [WARNING] src.modules.google_dorks: Google rate limited (429) for query: site:twitter.com "myaadhaar.uidai.gov.in" OR site:linkedin.com "myaadhaar.uidai.gov.in" OR site:github.com "myaadhaar.uidai.gov.in" OR site:instagram.com "myaadhaar.uidai.gov.in"
19:54:54 [WARNING] src.modules.google_dorks: Pattern 'social_platforms' failed: Rate limited by Google (429)
19:54:55 [WARNING] src.modules.google_dorks: Google rate limited (429) for query: intitle:"profile" "myaadhaar.uidai.gov.in" OR intitle:"user" "myaadhaar.uidai.gov.in"
19:54:55 [WARNING] src.modules.google_dorks: Pattern 'profile_pages' failed: Rate limited by Google (429)
19:54:55 [INFO] src.modules.google_dorks: Google Dorks search discovered 0 artifacts
19:54:55 [INFO] src.orchestrator: Plugin system processed 2 plugins, discovered 0 artifacts
19:54:55 [INFO] src.orchestrator: Processing: domain=myaadhaar.uidai.gov.in (depth=2, queue_size=48)
19:54:55 [WARNING] src.orchestrator: Unknown artifact type: domain
19:54:55 [ERROR] src.orchestrator: External tools processing failed for myaadhaar.uidai.gov.in: 'WhoisIntegration' object has no attribute 'search_username'
19:54:55 [INFO] src.orchestrator: Plugin system processed 2 plugins, discovered 4 artifacts
19:54:55 [INFO] src.orchestrator: Processing: username=14127625 (depth=2, queue_size=47)
19:54:56 [ERROR] src.modules.username_search: Exception checking Reddit: 'expected_status'
19:54:56 [ERROR] src.modules.username_search: Exception checking GitLab: 'expected_status'
19:54:56 [INFO] src.modules.username_search: Found 14127625 on Instagram
19:54:56 [INFO] src.modules.username_search: Found 14127625 on Medium
19:54:56 [INFO] src.modules.username_search: Found 14127625 on Steam
19:54:56 [INFO] src.modules.username_search: Found 14127625 on Pinterest
19:54:56 [INFO] src.modules.username_search: Username search complete: 14127625 → found on 4/12 platforms
19:54:56 [INFO] src.modules.google_dorks: Limiting patterns from 8 to 3 to avoid rate limiting
19:54:56 [INFO] src.modules.google_dorks: Searching for username '14127625' with 3 dork patterns
19:54:56 [INFO] src.modules.google_dorks: Pattern 'simple_search' found 10 results
19:54:56 [INFO] src.modules.google_dorks: DuckDuckGo search found 0 results for pattern 'social_platforms'
19:54:56 [WARNING] src.modules.google_dorks: Pattern 'social_platforms' failed: None
19:54:56 [INFO] src.modules.google_dorks: DuckDuckGo search found 0 results for pattern 'profile_pages'
19:54:56 [WARNING] src.modules.google_dorks: Pattern 'profile_pages' failed: None
19:54:56 [INFO] src.modules.google_dorks: Google Dorks search discovered 20 artifacts
19:54:56 [INFO] src.orchestrator: Google Dorks found 20 artifacts for username 14127625
19:54:56 [INFO] src.modules.google_dorks: Limiting patterns from 8 to 3 to avoid rate limiting
19:54:56 [INFO] src.modules.google_dorks: Searching for username '14127625' with 3 dork patterns
19:54:57 [ERROR] src.modules.username_search: Exception checking Reddit: 'expected_status'
19:54:57 [INFO] src.modules.username_search: Found 14127625 on Steam
19:54:57 [ERROR] src.modules.username_search: Exception checking GitLab: 'expected_status'
19:54:57 [INFO] src.modules.username_search: Found 14127625 on Instagram
19:54:57 [INFO] src.modules.username_search: Found 14127625 on Medium
19:54:57 [WARNING] src.modules.google_dorks: Google rate limited (429) for query: 14127625
19:54:57 [WARNING] src.modules.google_dorks: Pattern 'simple_search' failed: Rate limited by Google (429)
19:54:57 [INFO] src.modules.username_search: Found 14127625 on Pinterest
19:54:57 [INFO] src.modules.username_search: Username search complete: 14127625 → found on 4/12 platforms
19:54:57 [INFO] src.modules.google_dorks: Google search found 1 results for pattern 'social_platforms'
19:54:58 [INFO] src.modules.google_dorks: Pattern 'social_platforms' found 1 results
19:55:00 [WARNING] src.modules.google_dorks: Google rate limited (429) for query: intitle:"profile" "14127625" OR intitle:"user" "14127625"
19:55:00 [WARNING] src.modules.google_dorks: Pattern 'profile_pages' failed: Rate limited by Google (429)
19:55:00 [INFO] src.modules.google_dorks: Google Dorks search discovered 2 artifacts
19:55:00 [INFO] src.orchestrator: Plugin system processed 2 plugins, discovered 2 artifacts
19:55:00 [INFO] src.orchestrator: Processing: domain=urbanpro.com (depth=2, queue_size=46)
19:55:00 [WARNING] src.orchestrator: Unknown artifact type: domain
19:55:00 [ERROR] src.orchestrator: External tools processing failed for urbanpro.com: 'WhoisIntegration' object has no attribute 'search_username'
19:55:00 [INFO] src.orchestrator: Plugin system processed 2 plugins, discovered 10 artifacts
19:55:00 [INFO] src.orchestrator: Processing: username=dhayanidhi.r.39 (depth=2, queue_size=45)
19:55:01 [ERROR] src.modules.username_search: Exception checking Reddit: 'expected_status'
19:55:01 [ERROR] src.modules.username_search: Exception checking GitLab: 'expected_status'
19:55:01 [INFO] src.modules.username_search: Found dhayanidhi.r.39 on Instagram
19:55:01 [INFO] src.modules.username_search: Found dhayanidhi.r.39 on Medium
19:55:01 [INFO] src.modules.username_search: Found dhayanidhi.r.39 on Steam
19:55:01 [INFO] src.modules.username_search: Found dhayanidhi.r.39 on Mastodon
19:55:01 [INFO] src.modules.username_search: Found dhayanidhi.r.39 on Pinterest
19:55:02 [INFO] src.modules.username_search: Username search complete: dhayanidhi.r.39 → found on 5/12 platforms
19:55:02 [INFO] src.modules.google_dorks: Limiting patterns from 8 to 3 to avoid rate limiting
19:55:02 [INFO] src.modules.google_dorks: Searching for username 'dhayanidhi.r.39' with 3 dork patterns
19:55:02 [INFO] src.modules.google_dorks: Pattern 'simple_search' found 10 results
19:55:03 [INFO] src.modules.google_dorks: DuckDuckGo search found 0 results for pattern 'profile_pages'
19:55:03 [WARNING] src.modules.google_dorks: Pattern 'profile_pages' failed: None
19:55:03 [INFO] src.modules.google_dorks: DuckDuckGo search found 0 results for pattern 'social_platforms'
19:55:03 [WARNING] src.modules.google_dorks: Pattern 'social_platforms' failed: None
19:55:03 [INFO] src.modules.google_dorks: Google Dorks search discovered 20 artifacts
19:55:03 [INFO] src.orchestrator: Google Dorks found 20 artifacts for username dhayanidhi.r.39
19:55:03 [INFO] src.modules.google_dorks: Limiting patterns from 8 to 3 to avoid rate limiting
19:55:03 [INFO] src.modules.google_dorks: Searching for username 'dhayanidhi.r.39' with 3 dork patterns
19:55:03 [INFO] src.modules.username_search: Found dhayanidhi.r.39 on Mastodon
19:55:03 [INFO] src.modules.username_search: Found dhayanidhi.r.39 on Steam
19:55:03 [ERROR] src.modules.username_search: Exception checking Reddit: 'expected_status'
19:55:03 [ERROR] src.modules.username_search: Exception checking GitLab: 'expected_status'
19:55:03 [INFO] src.modules.username_search: Found dhayanidhi.r.39 on Instagram
19:55:03 [WARNING] src.modules.google_dorks: Google rate limited (429) for query: dhayanidhi.r.39
19:55:03 [WARNING] src.modules.google_dorks: Pattern 'simple_search' failed: Rate limited by Google (429)
19:55:03 [INFO] src.modules.username_search: Found dhayanidhi.r.39 on Medium
19:55:04 [INFO] src.modules.username_search: Found dhayanidhi.r.39 on Pinterest
19:55:04 [INFO] src.modules.username_search: Username search complete: dhayanidhi.r.39 → found on 5/12 platforms
19:55:04 [WARNING] src.modules.google_dorks: Google rate limited (429) for query: site:twitter.com "dhayanidhi.r.39" OR site:linkedin.com "dhayanidhi.r.39" OR site:github.com "dhayanidhi.r.39" OR site:instagram.com "dhayanidhi.r.39"
19:55:04 [WARNING] src.modules.google_dorks: Pattern 'social_platforms' failed: Rate limited by Google (429)
19:55:05 [WARNING] src.modules.google_dorks: Google rate limited (429) for query: intitle:"profile" "dhayanidhi.r.39" OR intitle:"user" "dhayanidhi.r.39"
19:55:05 [WARNING] src.modules.google_dorks: Pattern 'profile_pages' failed: Rate limited by Google (429)
19:55:05 [INFO] src.modules.google_dorks: Google Dorks search discovered 0 artifacts
19:55:05 [INFO] src.orchestrator: Plugin system processed 2 plugins, discovered 0 artifacts
19:55:05 [INFO] src.orchestrator: Processing: username=dayanidhi-r-9653391b5 (depth=2, queue_size=44)
19:55:05 [ERROR] src.modules.username_search: Exception checking Reddit: 'expected_status'
19:55:05 [ERROR] src.modules.username_search: Exception checking GitLab: 'expected_status'
19:55:05 [INFO] src.modules.username_search: Found dayanidhi-r-9653391b5 on Instagram
19:55:06 [INFO] src.modules.username_search: Found dayanidhi-r-9653391b5 on Steam
19:55:06 [INFO] src.modules.username_search: Found dayanidhi-r-9653391b5 on Medium
19:55:06 [INFO] src.modules.username_search: Found dayanidhi-r-9653391b5 on Pinterest
19:55:06 [INFO] src.modules.username_search: Username search complete: dayanidhi-r-9653391b5 → found on 4/12 platforms
19:55:06 [INFO] src.modules.google_dorks: Limiting patterns from 8 to 3 to avoid rate limiting
19:55:06 [INFO] src.modules.google_dorks: Searching for username 'dayanidhi-r-9653391b5' with 3 dork patterns
19:55:06 [INFO] src.modules.google_dorks: Pattern 'simple_search' found 10 results
19:55:06 [INFO] src.modules.google_dorks: DuckDuckGo search found 0 results for pattern 'social_platforms'
19:55:06 [WARNING] src.modules.google_dorks: Pattern 'social_platforms' failed: None
19:55:06 [INFO] src.modules.google_dorks: DuckDuckGo search found 0 results for pattern 'profile_pages'
19:55:06 [WARNING] src.modules.google_dorks: Pattern 'profile_pages' failed: None
19:55:06 [INFO] src.modules.google_dorks: Google Dorks search discovered 21 artifacts
19:55:06 [INFO] src.orchestrator: Google Dorks found 21 artifacts for username dayanidhi-r-9653391b5
19:55:06 [INFO] src.modules.google_dorks: Limiting patterns from 8 to 3 to avoid rate limiting
19:55:06 [INFO] src.modules.google_dorks: Searching for username 'dayanidhi-r-9653391b5' with 3 dork patterns
19:55:07 [INFO] src.modules.username_search: Found dayanidhi-r-9653391b5 on Steam
19:55:07 [ERROR] src.modules.username_search: Exception checking Reddit: 'expected_status'
19:55:07 [ERROR] src.modules.username_search: Exception checking GitLab: 'expected_status'
19:55:07 [INFO] src.modules.username_search: Found dayanidhi-r-9653391b5 on Instagram
19:55:07 [INFO] src.modules.username_search: Found dayanidhi-r-9653391b5 on Pinterest
19:55:07 [INFO] src.modules.username_search: Found dayanidhi-r-9653391b5 on Medium
19:55:07 [INFO] src.modules.username_search: Username search complete: dayanidhi-r-9653391b5 → found on 4/12 platforms
19:55:08 [WARNING] src.modules.google_dorks: Google rate limited (429) for query: dayanidhi-r-9653391b5
19:55:08 [WARNING] src.modules.google_dorks: Pattern 'simple_search' failed: Rate limited by Google (429)
19:55:08 [WARNING] src.modules.google_dorks: Google rate limited (429) for query: site:twitter.com "dayanidhi-r-9653391b5" OR site:linkedin.com "dayanidhi-r-9653391b5" OR site:github.com "dayanidhi-r-9653391b5" OR site:instagram.com "dayanidhi-r-9653391b5"
19:55:08 [WARNING] src.modules.google_dorks: Pattern 'social_platforms' failed: Rate limited by Google (429)
19:55:09 [WARNING] src.modules.google_dorks: Google rate limited (429) for query: intitle:"profile" "dayanidhi-r-9653391b5" OR intitle:"user" "dayanidhi-r-9653391b5"
19:55:09 [WARNING] src.modules.google_dorks: Pattern 'profile_pages' failed: Rate limited by Google (429)
19:55:09 [INFO] src.modules.google_dorks: Google Dorks search discovered 0 artifacts
19:55:09 [INFO] src.orchestrator: Plugin system processed 2 plugins, discovered 0 artifacts
19:55:09 [INFO] src.orchestrator: Processing: platform_presence=https://www.instagram.com/dhayanidhi-r-2a7b473b4/ (depth=2, queue_size=43)
19:55:09 [WARNING] src.orchestrator: Unknown artifact type: platform_presence
19:55:09 [WARNING] src.plugins.manager: No plugins available for artifact type: platform_presence
19:55:09 [INFO] src.orchestrator: Plugin system processed 0 plugins, discovered 0 artifacts
19:55:09 [INFO] src.orchestrator: Processing: platform_presence=https://steamcommunity.com/id/dhayanidhi-r-2a7b473b4 (depth=2, queue_size=42)
19:55:09 [WARNING] src.orchestrator: Unknown artifact type: platform_presence
19:55:09 [WARNING] src.plugins.manager: No plugins available for artifact type: platform_presence
19:55:09 [INFO] src.orchestrator: Plugin system processed 0 plugins, discovered 0 artifacts
19:55:09 [INFO] src.orchestrator: Processing: platform_presence=https://www.pinterest.com/dhayanidhi-r-2a7b473b4/ (depth=2, queue_size=41)
19:55:09 [WARNING] src.orchestrator: Unknown artifact type: platform_presence
19:55:09 [WARNING] src.plugins.manager: No plugins available for artifact type: platform_presence
19:55:09 [INFO] src.orchestrator: Plugin system processed 0 plugins, discovered 0 artifacts
19:55:09 [INFO] src.orchestrator: Processing: platform_presence=https://medium.com/@dhayanidhi-r-2a7b473b4 (depth=2, queue_size=40)
19:55:09 [WARNING] src.orchestrator: Unknown artifact type: platform_presence
19:55:09 [WARNING] src.plugins.manager: No plugins available for artifact type: platform_presence
19:55:09 [INFO] src.orchestrator: Plugin system processed 0 plugins, discovered 0 artifacts
19:55:09 [INFO] src.orchestrator: Processing: username=dhayanidhi.r.2025 (depth=2, queue_size=39)
19:55:09 [ERROR] src.modules.username_search: Exception checking GitLab: 'expected_status'
19:55:09 [INFO] src.modules.username_search: Found dhayanidhi.r.2025 on Instagram
19:55:09 [INFO] src.modules.username_search: Found dhayanidhi.r.2025 on Steam
19:55:09 [INFO] src.modules.username_search: Found dhayanidhi.r.2025 on Mastodon
19:55:10 [ERROR] src.modules.username_search: Exception checking Reddit: 'expected_status'
19:55:10 [INFO] src.modules.username_search: Found dhayanidhi.r.2025 on Medium
19:55:10 [INFO] src.modules.username_search: Found dhayanidhi.r.2025 on Pinterest
19:55:10 [INFO] src.modules.username_search: Username search complete: dhayanidhi.r.2025 → found on 5/12 platforms
19:55:10 [INFO] src.modules.google_dorks: Limiting patterns from 8 to 3 to avoid rate limiting
19:55:10 [INFO] src.modules.google_dorks: Searching for username 'dhayanidhi.r.2025' with 3 dork patterns
19:55:10 [INFO] src.modules.google_dorks: Pattern 'simple_search' found 10 results
19:55:10 [INFO] src.modules.google_dorks: DuckDuckGo search found 0 results for pattern 'profile_pages'
19:55:10 [WARNING] src.modules.google_dorks: Pattern 'profile_pages' failed: None
19:55:10 [INFO] src.modules.google_dorks: DuckDuckGo search found 0 results for pattern 'social_platforms'
19:55:10 [WARNING] src.modules.google_dorks: Pattern 'social_platforms' failed: None
19:55:10 [INFO] src.modules.google_dorks: Google Dorks search discovered 20 artifacts
19:55:10 [INFO] src.orchestrator: Google Dorks found 20 artifacts for username dhayanidhi.r.2025
19:55:10 [INFO] src.modules.google_dorks: Limiting patterns from 8 to 3 to avoid rate limiting
19:55:10 [INFO] src.modules.google_dorks: Searching for username 'dhayanidhi.r.2025' with 3 dork patterns
19:55:10 [INFO] src.modules.username_search: Found dhayanidhi.r.2025 on Mastodon
19:55:10 [ERROR] src.modules.username_search: Exception checking Reddit: 'expected_status'
19:55:10 [INFO] src.modules.username_search: Found dhayanidhi.r.2025 on Steam
19:55:10 [INFO] src.modules.username_search: Found dhayanidhi.r.2025 on Instagram
19:55:10 [ERROR] src.modules.username_search: Exception checking GitLab: 'expected_status'
19:55:11 [INFO] src.modules.username_search: Found dhayanidhi.r.2025 on Medium
19:55:11 [INFO] src.modules.username_search: Found dhayanidhi.r.2025 on Pinterest
19:55:11 [INFO] src.modules.username_search: Username search complete: dhayanidhi.r.2025 → found on 5/12 platforms
19:55:11 [WARNING] src.modules.google_dorks: Google rate limited (429) for query: dhayanidhi.r.2025
19:55:11 [WARNING] src.modules.google_dorks: Pattern 'simple_search' failed: Rate limited by Google (429)
19:55:12 [WARNING] src.modules.google_dorks: Google rate limited (429) for query: site:twitter.com "dhayanidhi.r.2025" OR site:linkedin.com "dhayanidhi.r.2025" OR site:github.com "dhayanidhi.r.2025" OR site:instagram.com "dhayanidhi.r.2025"
19:55:12 [WARNING] src.modules.google_dorks: Pattern 'social_platforms' failed: Rate limited by Google (429)
19:55:13 [WARNING] src.modules.google_dorks: Google rate limited (429) for query: intitle:"profile" "dhayanidhi.r.2025" OR intitle:"user" "dhayanidhi.r.2025"
19:55:13 [WARNING] src.modules.google_dorks: Pattern 'profile_pages' failed: Rate limited by Google (429)
19:55:13 [INFO] src.modules.google_dorks: Google Dorks search discovered 0 artifacts
19:55:13 [INFO] src.orchestrator: Plugin system processed 2 plugins, discovered 0 artifacts
19:55:13 [INFO] src.orchestrator: Processing: username=dhaya_1237 (depth=2, queue_size=38)
19:55:13 [ERROR] src.modules.username_search: Exception checking Reddit: 'expected_status'
19:55:13 [ERROR] src.modules.username_search: Exception checking GitLab: 'expected_status'
19:55:13 [INFO] src.modules.username_search: Found dhaya_1237 on Instagram
19:55:13 [INFO] src.modules.username_search: Found dhaya_1237 on Steam
19:55:14 [INFO] src.modules.username_search: Found dhaya_1237 on Pinterest
20:07:44 [WARNING] urllib3.connectionpool: Retrying (Retry(total=1, connect=None, read=None, redirect=None, status=None)) after connection broken by 'ReadTimeoutError("HTTPSConnectionPool(host='medium.com', port=443): Read timed out. (read timeout=10)")': /@dhaya_1237
20:07:45 [INFO] src.modules.username_search: Found dhaya_1237 on Medium
20:07:45 [INFO] src.modules.username_search: Username search complete: dhaya_1237 → found on 4/12 platforms
20:07:45 [INFO] src.modules.google_dorks: Limiting patterns from 8 to 3 to avoid rate limiting
20:07:45 [INFO] src.modules.google_dorks: Searching for username 'dhaya_1237' with 3 dork patterns
20:07:45 [INFO] src.modules.google_dorks: DuckDuckGo search found 0 results for pattern 'social_platforms'
20:07:45 [WARNING] src.modules.google_dorks: Pattern 'social_platforms' failed: None
20:07:45 [INFO] src.modules.google_dorks: DuckDuckGo search found 0 results for pattern 'simple_search'
20:07:45 [WARNING] src.modules.google_dorks: Pattern 'simple_search' failed: None
20:07:46 [INFO] src.modules.google_dorks: DuckDuckGo search found 0 results for pattern 'profile_pages'
20:07:46 [WARNING] src.modules.google_dorks: Pattern 'profile_pages' failed: None
20:07:46 [INFO] src.modules.google_dorks: Google Dorks search discovered 0 artifacts
20:07:46 [INFO] src.modules.google_dorks: Limiting patterns from 8 to 3 to avoid rate limiting
20:07:46 [INFO] src.modules.google_dorks: Searching for username 'dhaya_1237' with 3 dork patterns
20:07:46 [WARNING] urllib3.connectionpool: Retrying (Retry(total=1, connect=None, read=None, redirect=None, status=None)) after connection broken by 'RemoteDisconnected('Remote end closed connection without response')': /dhaya_1237
20:07:46 [WARNING] urllib3.connectionpool: Retrying (Retry(total=1, connect=None, read=None, redirect=None, status=None)) after connection broken by 'RemoteDisconnected('Remote end closed connection without response')': /in/dhaya_1237/
20:07:46 [WARNING] urllib3.connectionpool: Retrying (Retry(total=1, connect=None, read=None, redirect=None, status=None)) after connection broken by 'RemoteDisconnected('Remote end closed connection without response')': /dhaya_1237/
20:07:46 [WARNING] urllib3.connectionpool: Retrying (Retry(total=1, connect=None, read=None, redirect=None, status=None)) after connection broken by 'RemoteDisconnected('Remote end closed connection without response')': /users/dhaya_1237
20:07:46 [WARNING] urllib3.connectionpool: Retrying (Retry(total=1, connect=None, read=None, redirect=None, status=None)) after connection broken by 'RemoteDisconnected('Remote end closed connection without response')': /api/v4/users?username=dhaya_1237
20:07:46 [WARNING] urllib3.connectionpool: Retrying (Retry(total=1, connect=None, read=None, redirect=None, status=None)) after connection broken by 'RemoteDisconnected('Remote end closed connection without response')': /dhaya_1237/
20:07:46 [WARNING] urllib3.connectionpool: Retrying (Retry(total=1, connect=None, read=None, redirect=None, status=None)) after connection broken by 'RemoteDisconnected('Remote end closed connection without response')': /dhaya_1237
20:07:46 [WARNING] urllib3.connectionpool: Retrying (Retry(total=1, connect=None, read=None, redirect=None, status=None)) after connection broken by 'RemoteDisconnected('Remote end closed connection without response')': /id/dhaya_1237
20:07:46 [WARNING] urllib3.connectionpool: Retrying (Retry(total=1, connect=None, read=None, redirect=None, status=None)) after connection broken by 'RemoteDisconnected('Remote end closed connection without response')': /@dhaya_1237
20:07:47 [ERROR] src.modules.username_search: Exception checking GitLab: 'expected_status'
20:07:47 [INFO] src.modules.username_search: Found dhaya_1237 on Medium
20:07:47 [INFO] src.modules.username_search: Found dhaya_1237 on Steam
20:07:47 [INFO] src.modules.username_search: Found dhaya_1237 on Pinterest
20:07:47 [WARNING] src.modules.google_dorks: Google rate limited (429) for query: site:twitter.com "dhaya_1237" OR site:linkedin.com "dhaya_1237" OR site:github.com "dhaya_1237" OR site:instagram.com "dhaya_1237"
20:07:47 [WARNING] src.modules.google_dorks: Pattern 'social_platforms' failed: Rate limited by Google (429)
20:07:47 [ERROR] src.modules.username_search: Exception checking Reddit: 'expected_status'
20:07:47 [INFO] src.modules.username_search: Found dhaya_1237 on Instagram
20:07:47 [INFO] src.modules.username_search: Username search complete: dhaya_1237 → found on 4/12 platforms
20:07:48 [WARNING] src.modules.google_dorks: Google rate limited (429) for query: dhaya_1237
20:07:48 [WARNING] src.modules.google_dorks: Pattern 'simple_search' failed: Rate limited by Google (429)
20:07:49 [WARNING] src.modules.google_dorks: Google rate limited (429) for query: intitle:"profile" "dhaya_1237" OR intitle:"user" "dhaya_1237"
20:07:49 [WARNING] src.modules.google_dorks: Pattern 'profile_pages' failed: Rate limited by Google (429)
20:07:49 [INFO] src.modules.google_dorks: Google Dorks search discovered 0 artifacts
20:07:49 [INFO] src.orchestrator: Plugin system processed 2 plugins, discovered 0 artifacts
20:07:49 [INFO] src.orchestrator: Processing: username=dhaya.dhayanidhi (depth=2, queue_size=37)
20:07:49 [ERROR] src.modules.username_search: Exception checking Reddit: 'expected_status'
20:07:49 [ERROR] src.modules.username_search: Exception checking GitLab: 'expected_status'
20:07:49 [INFO] src.modules.username_search: Found dhaya.dhayanidhi on Steam
20:07:49 [INFO] src.modules.username_search: Found dhaya.dhayanidhi on Instagram
20:07:50 [INFO] src.modules.username_search: Found dhaya.dhayanidhi on Medium
20:07:50 [INFO] src.modules.username_search: Found dhaya.dhayanidhi on Pinterest
20:07:59 [WARNING] urllib3.connectionpool: Retrying (Retry(total=1, connect=None, read=None, redirect=None, status=None)) after connection broken by 'ReadTimeoutError("HTTPSConnectionPool(host='mastodon.social', port=443): Read timed out. (read timeout=10)")': /@dhaya.dhayanidhi
20:08:11 [WARNING] urllib3.connectionpool: Retrying (Retry(total=0, connect=None, read=None, redirect=None, status=None)) after connection broken by 'ReadTimeoutError("HTTPSConnectionPool(host='mastodon.social', port=443): Read timed out. (read timeout=10)")': /@dhaya.dhayanidhi
20:08:21 [INFO] src.modules.username_search: Username search complete: dhaya.dhayanidhi → found on 4/12 platforms
20:08:21 [INFO] src.modules.google_dorks: Limiting patterns from 8 to 3 to avoid rate limiting
20:08:21 [INFO] src.modules.google_dorks: Searching for username 'dhaya.dhayanidhi' with 3 dork patterns
20:08:22 [INFO] src.modules.google_dorks: DuckDuckGo search found 0 results for pattern 'social_platforms'
20:08:22 [INFO] src.modules.google_dorks: DuckDuckGo search found 10 results for pattern 'simple_search'
20:08:22 [WARNING] src.modules.google_dorks: Pattern 'social_platforms' failed: None
20:08:22 [INFO] src.modules.google_dorks: Pattern 'simple_search' found 10 results
20:08:22 [INFO] src.modules.google_dorks: DuckDuckGo search found 0 results for pattern 'profile_pages'
20:08:22 [WARNING] src.modules.google_dorks: Pattern 'profile_pages' failed: None
20:08:22 [INFO] src.modules.google_dorks: Google Dorks search discovered 20 artifacts
20:08:22 [INFO] src.orchestrator: Google Dorks found 20 artifacts for username dhaya.dhayanidhi
20:08:22 [INFO] src.modules.google_dorks: Limiting patterns from 8 to 3 to avoid rate limiting
20:08:22 [INFO] src.modules.google_dorks: Searching for username 'dhaya.dhayanidhi' with 3 dork patterns
20:08:22 [ERROR] src.modules.username_search: Exception checking GitLab: 'expected_status'
20:08:22 [ERROR] src.modules.username_search: Exception checking Reddit: 'expected_status'
20:08:22 [INFO] src.modules.username_search: Found dhaya.dhayanidhi on Steam
20:08:23 [INFO] src.modules.username_search: Found dhaya.dhayanidhi on Medium
20:08:23 [INFO] src.modules.username_search: Found dhaya.dhayanidhi on Pinterest
20:08:23 [WARNING] src.modules.google_dorks: Google rate limited (429) for query: dhaya.dhayanidhi
20:08:23 [WARNING] src.modules.google_dorks: Pattern 'simple_search' failed: Rate limited by Google (429)
20:08:23 [INFO] src.modules.username_search: Found dhaya.dhayanidhi on Instagram
20:08:24 [WARNING] src.modules.google_dorks: Google rate limited (429) for query: site:twitter.com "dhaya.dhayanidhi" OR site:linkedin.com "dhaya.dhayanidhi" OR site:github.com "dhaya.dhayanidhi" OR site:instagram.com "dhaya.dhayanidhi"
20:08:24 [WARNING] src.modules.google_dorks: Pattern 'social_platforms' failed: Rate limited by Google (429)
20:08:25 [WARNING] src.modules.google_dorks: Google rate limited (429) for query: intitle:"profile" "dhaya.dhayanidhi" OR intitle:"user" "dhaya.dhayanidhi"
20:08:25 [WARNING] src.modules.google_dorks: Pattern 'profile_pages' failed: Rate limited by Google (429)
20:08:25 [INFO] src.modules.google_dorks: Google Dorks search discovered 0 artifacts
20:08:32 [WARNING] urllib3.connectionpool: Retrying (Retry(total=1, connect=None, read=None, redirect=None, status=None)) after connection broken by 'ReadTimeoutError("HTTPSConnectionPool(host='mastodon.social', port=443): Read timed out. (read timeout=10)")': /@dhaya.dhayanidhi
20:08:44 [WARNING] urllib3.connectionpool: Retrying (Retry(total=0, connect=None, read=None, redirect=None, status=None)) after connection broken by 'ReadTimeoutError("HTTPSConnectionPool(host='mastodon.social', port=443): Read timed out. (read timeout=10)")': /@dhaya.dhayanidhi
20:08:54 [INFO] src.modules.username_search: Username search complete: dhaya.dhayanidhi → found on 4/12 platforms
20:08:54 [INFO] src.orchestrator: Plugin system processed 2 plugins, discovered 0 artifacts
20:08:54 [INFO] src.orchestrator: Processing: username=watch?v=gd1PDl7H2xE (depth=2, queue_size=36)
20:23:55 [WARNING] urllib3.connectionpool: Retrying (Retry(total=1, connect=None, read=None, redirect=None, status=None)) after connection broken by 'RemoteDisconnected('Remote end closed connection without response')': /watch?v=gd1PDl7H2xE/
20:23:55 [WARNING] urllib3.connectionpool: Retrying (Retry(total=1, connect=None, read=None, redirect=None, status=None)) after connection broken by 'ConnectionResetError(54, 'Connection reset by peer')': /user/watch?v=gd1PDl7H2xE/about.json
20:23:55 [WARNING] urllib3.connectionpool: Retrying (Retry(total=1, connect=None, read=None, redirect=None, status=None)) after connection broken by 'RemoteDisconnected('Remote end closed connection without response')': /watch?v=gd1PDl7H2xE
20:23:55 [WARNING] urllib3.connectionpool: Retrying (Retry(total=1, connect=None, read=None, redirect=None, status=None)) after connection broken by 'RemoteDisconnected('Remote end closed connection without response')': /user?id=watch?v=gd1PDl7H2xE
20:23:56 [INFO] src.modules.username_search: Found watch?v=gd1PDl7H2xE on GitHub
20:23:56 [WARNING] urllib3.connectionpool: Retrying (Retry(total=1, connect=None, read=None, redirect=None, status=None)) after connection broken by 'RemoteDisconnected('Remote end closed connection without response')': /id/watch?v=gd1PDl7H2xE
20:23:56 [ERROR] src.modules.username_search: Exception checking Reddit: 'expected_status'
20:23:56 [INFO] src.modules.username_search: Found watch?v=gd1PDl7H2xE on Mastodon
20:23:57 [INFO] src.modules.username_search: Found watch?v=gd1PDl7H2xE on Instagram
20:24:04 [WARNING] urllib3.connectionpool: Retrying (Retry(total=1, connect=None, read=None, redirect=None, status=None)) after connection broken by 'ReadTimeoutError("HTTPSConnectionPool(host='gitlab.com', port=443): Read timed out. (read timeout=10)")': /api/v4/users?username=watch?v=gd1PDl7H2xE
20:24:04 [WARNING] urllib3.connectionpool: Retrying (Retry(total=1, connect=None, read=None, redirect=None, status=None)) after connection broken by 'ReadTimeoutError("HTTPSConnectionPool(host='twitter.com', port=443): Read timed out. (read timeout=10)")': /watch?v=gd1PDl7H2xE
20:24:04 [WARNING] urllib3.connectionpool: Retrying (Retry(total=1, connect=None, read=None, redirect=None, status=None)) after connection broken by 'ReadTimeoutError("HTTPSConnectionPool(host='medium.com', port=443): Read timed out. (read timeout=10)")': /@watch?v=gd1PDl7H2xE
20:24:04 [WARNING] urllib3.connectionpool: Retrying (Retry(total=1, connect=None, read=None, redirect=None, status=None)) after connection broken by 'ReadTimeoutError("HTTPSConnectionPool(host='www.linkedin.com', port=443): Read timed out. (read timeout=10)")': /in/watch?v=gd1PDl7H2xE/
20:24:04 [WARNING] urllib3.connectionpool: Retrying (Retry(total=1, connect=None, read=None, redirect=None, status=None)) after connection broken by 'ReadTimeoutError("HTTPSConnectionPool(host='www.pinterest.com', port=443): Read timed out. (read timeout=10)")': /watch?v=gd1PDl7H2xE/
20:24:05 [ERROR] src.modules.username_search: Exception checking GitLab: 'expected_status'
20:24:05 [INFO] src.modules.username_search: Username search complete: watch?v=gd1PDl7H2xE → found on 3/12 platforms
20:24:05 [INFO] src.modules.google_dorks: Limiting patterns from 8 to 3 to avoid rate limiting
20:24:05 [INFO] src.modules.google_dorks: Searching for username 'watch?v=gd1PDl7H2xE' with 3 dork patterns
20:24:05 [INFO] src.modules.google_dorks: DuckDuckGo search found 0 results for pattern 'social_platforms'
20:24:05 [WARNING] src.modules.google_dorks: Pattern 'social_platforms' failed: None
20:24:06 [INFO] src.modules.google_dorks: DuckDuckGo search found 10 results for pattern 'simple_search'
20:24:06 [INFO] src.modules.google_dorks: Pattern 'simple_search' found 10 results
20:24:06 [INFO] src.modules.google_dorks: DuckDuckGo search found 0 results for pattern 'profile_pages'
20:24:06 [WARNING] src.modules.google_dorks: Pattern 'profile_pages' failed: None
20:24:06 [INFO] src.modules.google_dorks: Google Dorks search discovered 20 artifacts
20:24:06 [INFO] src.orchestrator: Google Dorks found 20 artifacts for username watch?v=gd1PDl7H2xE
20:24:06 [INFO] src.modules.google_dorks: Limiting patterns from 8 to 3 to avoid rate limiting
20:24:06 [INFO] src.modules.google_dorks: Searching for username 'watch?v=gd1PDl7H2xE' with 3 dork patterns
20:24:06 [ERROR] src.modules.username_search: Exception checking Reddit: 'expected_status'
20:24:06 [INFO] src.modules.username_search: Found watch?v=gd1PDl7H2xE on Mastodon
20:24:06 [ERROR] src.modules.username_search: Exception checking GitLab: 'expected_status'
20:24:06 [INFO] src.modules.username_search: Found watch?v=gd1PDl7H2xE on Steam
20:24:06 [INFO] src.modules.username_search: Found watch?v=gd1PDl7H2xE on Instagram
20:24:07 [WARNING] src.modules.google_dorks: Google rate limited (429) for query: watch?v=gd1PDl7H2xE
20:24:07 [WARNING] src.modules.google_dorks: Pattern 'simple_search' failed: Rate limited by Google (429)
20:24:08 [WARNING] src.modules.google_dorks: Google rate limited (429) for query: site:twitter.com "watch?v=gd1PDl7H2xE" OR site:linkedin.com "watch?v=gd1PDl7H2xE" OR site:github.com "watch?v=gd1PDl7H2xE" OR site:instagram.com "watch?v=gd1PDl7H2xE"
20:24:08 [WARNING] src.modules.google_dorks: Pattern 'social_platforms' failed: Rate limited by Google (429)
20:24:09 [WARNING] src.modules.google_dorks: Google rate limited (429) for query: intitle:"profile" "watch?v=gd1PDl7H2xE" OR intitle:"user" "watch?v=gd1PDl7H2xE"
20:24:09 [WARNING] src.modules.google_dorks: Pattern 'profile_pages' failed: Rate limited by Google (429)
20:24:09 [INFO] src.modules.google_dorks: Google Dorks search discovered 0 artifacts
20:24:16 [WARNING] urllib3.connectionpool: Retrying (Retry(total=1, connect=None, read=None, redirect=None, status=None)) after connection broken by 'ReadTimeoutError("HTTPSConnectionPool(host='api.github.com', port=443): Read timed out. (read timeout=10)")': /users/watch?v=gd1PDl7H2xE
20:24:16 [INFO] src.modules.username_search: Found watch?v=gd1PDl7H2xE on GitHub
20:24:16 [INFO] src.modules.username_search: Username search complete: watch?v=gd1PDl7H2xE → found on 4/12 platforms
20:24:16 [INFO] src.orchestrator: Plugin system processed 2 plugins, discovered 0 artifacts
20:24:16 [INFO] src.orchestrator: Processing: username=candidateswise-S2214.htm (depth=2, queue_size=35)
20:24:17 [ERROR] src.modules.username_search: Exception checking GitLab: 'expected_status'
20:24:17 [INFO] src.modules.username_search: Found candidateswise-S2214.htm on Medium
20:24:17 [INFO] src.modules.username_search: Found candidateswise-S2214.htm on Steam
20:24:17 [INFO] src.modules.username_search: Found candidateswise-S2214.htm on Instagram
20:24:17 [ERROR] src.modules.username_search: Exception checking Reddit: 'expected_status'
20:24:17 [INFO] src.modules.username_search: Found candidateswise-S2214.htm on Pinterest
20:24:17 [INFO] src.modules.username_search: Username search complete: candidateswise-S2214.htm → found on 4/12 platforms
20:24:17 [INFO] src.modules.google_dorks: Limiting patterns from 8 to 3 to avoid rate limiting
20:24:17 [INFO] src.modules.google_dorks: Searching for username 'candidateswise-S2214.htm' with 3 dork patterns
20:24:18 [INFO] src.modules.google_dorks: DuckDuckGo search found 0 results for pattern 'social_platforms'
20:24:18 [WARNING] src.modules.google_dorks: Pattern 'social_platforms' failed: None
20:24:18 [INFO] src.modules.google_dorks: DuckDuckGo search found 0 results for pattern 'profile_pages'
20:24:18 [WARNING] src.modules.google_dorks: Pattern 'profile_pages' failed: None
20:24:19 [INFO] src.modules.google_dorks: DuckDuckGo search found 10 results for pattern 'simple_search'
20:24:19 [INFO] src.modules.google_dorks: Pattern 'simple_search' found 10 results
20:24:19 [INFO] src.modules.google_dorks: Google Dorks search discovered 21 artifacts
20:24:19 [INFO] src.orchestrator: Google Dorks found 21 artifacts for username candidateswise-S2214.htm
20:24:19 [INFO] src.modules.google_dorks: Limiting patterns from 8 to 3 to avoid rate limiting
20:24:19 [INFO] src.modules.google_dorks: Searching for username 'candidateswise-S2214.htm' with 3 dork patterns
20:24:19 [INFO] src.modules.username_search: Found candidateswise-S2214.htm on Steam
20:24:19 [ERROR] src.modules.username_search: Exception checking Reddit: 'expected_status'
20:24:19 [ERROR] src.modules.username_search: Exception checking GitLab: 'expected_status'
20:24:19 [INFO] src.modules.username_search: Found candidateswise-S2214.htm on Instagram
20:24:19 [INFO] src.modules.username_search: Found candidateswise-S2214.htm on Pinterest
20:24:20 [INFO] src.modules.username_search: Found candidateswise-S2214.htm on Medium
20:24:20 [INFO] src.modules.username_search: Username search complete: candidateswise-S2214.htm → found on 4/12 platforms
20:24:20 [WARNING] src.modules.google_dorks: Google rate limited (429) for query: candidateswise-S2214.htm
20:24:20 [WARNING] src.modules.google_dorks: Google rate limited (429) for query: site:twitter.com "candidateswise-S2214.htm" OR site:linkedin.com "candidateswise-S2214.htm" OR site:github.com "candidateswise-S2214.htm" OR site:instagram.com "candidateswise-S2214.htm"
20:24:20 [WARNING] src.modules.google_dorks: Pattern 'simple_search' failed: Rate limited by Google (429)
20:24:20 [WARNING] src.modules.google_dorks: Pattern 'social_platforms' failed: Rate limited by Google (429)
20:24:22 [WARNING] src.modules.google_dorks: Google rate limited (429) for query: intitle:"profile" "candidateswise-S2214.htm" OR intitle:"user" "candidateswise-S2214.htm"
20:24:22 [WARNING] src.modules.google_dorks: Pattern 'profile_pages' failed: Rate limited by Google (429)
20:24:22 [INFO] src.modules.google_dorks: Google Dorks search discovered 0 artifacts
20:24:22 [INFO] src.orchestrator: Plugin system processed 2 plugins, discovered 0 artifacts
20:24:22 [INFO] src.orchestrator: Processing: domain=results.eci.gov.in (depth=2, queue_size=34)
20:24:22 [WARNING] src.orchestrator: Unknown artifact type: domain
20:24:22 [ERROR] src.orchestrator: External tools processing failed for results.eci.gov.in: 'WhoisIntegration' object has no attribute 'search_username'
20:24:22 [INFO] src.orchestrator: Plugin system processed 2 plugins, discovered 8 artifacts
20:24:22 [INFO] src.orchestrator: Processing: platform_presence=https://www.instagram.com/dhayanidhi-r-766b43255/ (depth=2, queue_size=33)
20:24:22 [WARNING] src.orchestrator: Unknown artifact type: platform_presence
20:24:22 [WARNING] src.plugins.manager: No plugins available for artifact type: platform_presence
20:24:22 [INFO] src.orchestrator: Plugin system processed 0 plugins, discovered 0 artifacts
20:24:22 [INFO] src.orchestrator: Processing: platform_presence=https://medium.com/@dhayanidhi-r-766b43255 (depth=2, queue_size=32)
20:24:22 [WARNING] src.orchestrator: Unknown artifact type: platform_presence
20:24:22 [WARNING] src.plugins.manager: No plugins available for artifact type: platform_presence
20:24:22 [INFO] src.orchestrator: Plugin system processed 0 plugins, discovered 0 artifacts
20:24:22 [INFO] src.orchestrator: Processing: platform_presence=https://steamcommunity.com/id/dhayanidhi-r-766b43255 (depth=2, queue_size=31)
20:24:22 [WARNING] src.orchestrator: Unknown artifact type: platform_presence
20:24:22 [WARNING] src.plugins.manager: No plugins available for artifact type: platform_presence
20:24:22 [INFO] src.orchestrator: Plugin system processed 0 plugins, discovered 0 artifacts
20:24:22 [INFO] src.orchestrator: Processing: platform_presence=https://www.pinterest.com/dhayanidhi-r-766b43255/ (depth=2, queue_size=30)
20:24:22 [WARNING] src.orchestrator: Unknown artifact type: platform_presence
20:24:22 [WARNING] src.plugins.manager: No plugins available for artifact type: platform_presence
20:24:22 [INFO] src.orchestrator: Plugin system processed 0 plugins, discovered 0 artifacts
20:24:22 [INFO] src.orchestrator: Processing: username=dhayanidhi-r-a4866b37b (depth=2, queue_size=29)
20:24:22 [ERROR] src.modules.username_search: Exception checking Reddit: 'expected_status'
20:24:22 [ERROR] src.modules.username_search: Exception checking GitLab: 'expected_status'
20:24:23 [INFO] src.modules.username_search: Found dhayanidhi-r-a4866b37b on Instagram
20:24:23 [INFO] src.modules.username_search: Found dhayanidhi-r-a4866b37b on Steam
20:24:23 [INFO] src.modules.username_search: Found dhayanidhi-r-a4866b37b on Medium
20:24:23 [INFO] src.modules.username_search: Found dhayanidhi-r-a4866b37b on Pinterest
20:24:23 [INFO] src.modules.username_search: Username search complete: dhayanidhi-r-a4866b37b → found on 4/12 platforms
20:24:23 [INFO] src.modules.google_dorks: Limiting patterns from 8 to 3 to avoid rate limiting
20:24:23 [INFO] src.modules.google_dorks: Searching for username 'dhayanidhi-r-a4866b37b' with 3 dork patterns
20:24:23 [INFO] src.modules.google_dorks: DuckDuckGo search found 0 results for pattern 'simple_search'
20:24:23 [INFO] src.modules.google_dorks: DuckDuckGo search found 0 results for pattern 'profile_pages'
20:24:23 [WARNING] src.modules.google_dorks: Pattern 'simple_search' failed: None
20:24:23 [WARNING] src.modules.google_dorks: Pattern 'profile_pages' failed: None
20:24:23 [INFO] src.modules.google_dorks: DuckDuckGo search found 0 results for pattern 'social_platforms'
20:24:23 [WARNING] src.modules.google_dorks: Pattern 'social_platforms' failed: None
20:24:23 [INFO] src.modules.google_dorks: Google Dorks search discovered 0 artifacts
20:24:23 [INFO] src.modules.google_dorks: Limiting patterns from 8 to 3 to avoid rate limiting
20:24:23 [INFO] src.modules.google_dorks: Searching for username 'dhayanidhi-r-a4866b37b' with 3 dork patterns
20:24:24 [INFO] src.modules.username_search: Found dhayanidhi-r-a4866b37b on Steam
20:24:24 [ERROR] src.modules.username_search: Exception checking Reddit: 'expected_status'
20:24:24 [ERROR] src.modules.username_search: Exception checking GitLab: 'expected_status'
20:24:24 [INFO] src.modules.username_search: Found dhayanidhi-r-a4866b37b on Instagram
20:24:24 [INFO] src.modules.username_search: Found dhayanidhi-r-a4866b37b on Medium
20:24:24 [WARNING] src.modules.google_dorks: Google rate limited (429) for query: dhayanidhi-r-a4866b37b
20:24:24 [WARNING] src.modules.google_dorks: Pattern 'simple_search' failed: Rate limited by Google (429)
20:24:24 [INFO] src.modules.username_search: Found dhayanidhi-r-a4866b37b on Pinterest
20:24:24 [INFO] src.modules.username_search: Username search complete: dhayanidhi-r-a4866b37b → found on 4/12 platforms
20:24:25 [WARNING] src.modules.google_dorks: Google rate limited (429) for query: site:twitter.com "dhayanidhi-r-a4866b37b" OR site:linkedin.com "dhayanidhi-r-a4866b37b" OR site:github.com "dhayanidhi-r-a4866b37b" OR site:instagram.com "dhayanidhi-r-a4866b37b"
20:24:25 [WARNING] src.modules.google_dorks: Pattern 'social_platforms' failed: Rate limited by Google (429)
20:24:26 [WARNING] src.modules.google_dorks: Google rate limited (429) for query: intitle:"profile" "dhayanidhi-r-a4866b37b" OR intitle:"user" "dhayanidhi-r-a4866b37b"
20:24:26 [WARNING] src.modules.google_dorks: Pattern 'profile_pages' failed: Rate limited by Google (429)
20:24:26 [INFO] src.modules.google_dorks: Google Dorks search discovered 0 artifacts
20:24:26 [INFO] src.orchestrator: Plugin system processed 2 plugins, discovered 0 artifacts
20:24:26 [INFO] src.orchestrator: Processing: username=044PXX44-XX44-090615135214-A4Q1_BZDET (depth=2, queue_size=28)
20:24:27 [ERROR] src.modules.username_search: Exception checking Reddit: 'expected_status'
20:24:27 [ERROR] src.modules.username_search: Exception checking GitLab: 'expected_status'
20:24:27 [INFO] src.modules.username_search: Found 044PXX44-XX44-090615135214-A4Q1_BZDET on Instagram
20:24:27 [INFO] src.modules.username_search: Found 044PXX44-XX44-090615135214-A4Q1_BZDET on Medium
20:24:27 [INFO] src.modules.username_search: Found 044PXX44-XX44-090615135214-A4Q1_BZDET on Steam
20:24:27 [INFO] src.modules.username_search: Found 044PXX44-XX44-090615135214-A4Q1_BZDET on Pinterest
20:24:27 [INFO] src.modules.username_search: Username search complete: 044PXX44-XX44-090615135214-A4Q1_BZDET → found on 4/12 platforms
20:24:27 [INFO] src.modules.google_dorks: Limiting patterns from 8 to 3 to avoid rate limiting
20:24:27 [INFO] src.modules.google_dorks: Searching for username '044PXX44-XX44-090615135214-A4Q1_BZDET' with 3 dork patterns
20:24:27 [INFO] src.modules.google_dorks: DuckDuckGo search found 0 results for pattern 'profile_pages'
20:24:27 [WARNING] src.modules.google_dorks: Pattern 'profile_pages' failed: None
20:24:27 [INFO] src.modules.google_dorks: DuckDuckGo search found 0 results for pattern 'social_platforms'
20:24:27 [WARNING] src.modules.google_dorks: Pattern 'social_platforms' failed: None
20:24:28 [INFO] src.modules.google_dorks: DuckDuckGo search found 10 results for pattern 'simple_search'
20:24:28 [INFO] src.modules.google_dorks: Pattern 'simple_search' found 10 results
20:24:28 [INFO] src.modules.google_dorks: Google Dorks search discovered 20 artifacts
20:24:28 [INFO] src.orchestrator: Google Dorks found 20 artifacts for username 044PXX44-XX44-090615135214-A4Q1_BZDET
20:24:28 [INFO] src.modules.google_dorks: Limiting patterns from 8 to 3 to avoid rate limiting
20:24:28 [INFO] src.modules.google_dorks: Searching for username '044PXX44-XX44-090615135214-A4Q1_BZDET' with 3 dork patterns
20:24:28 [ERROR] src.modules.username_search: Exception checking Reddit: 'expected_status'
20:24:28 [INFO] src.modules.username_search: Found 044PXX44-XX44-090615135214-A4Q1_BZDET on Steam
20:24:28 [ERROR] src.modules.username_search: Exception checking GitLab: 'expected_status'
20:24:28 [INFO] src.modules.username_search: Found 044PXX44-XX44-090615135214-A4Q1_BZDET on Instagram
20:24:28 [INFO] src.modules.username_search: Found 044PXX44-XX44-090615135214-A4Q1_BZDET on Pinterest
20:24:29 [INFO] src.modules.username_search: Found 044PXX44-XX44-090615135214-A4Q1_BZDET on Medium
20:24:29 [WARNING] src.modules.google_dorks: Google rate limited (429) for query: 044PXX44-XX44-090615135214-A4Q1_BZDET
20:24:29 [WARNING] src.modules.google_dorks: Pattern 'simple_search' failed: Rate limited by Google (429)
20:24:29 [INFO] src.modules.username_search: Username search complete: 044PXX44-XX44-090615135214-A4Q1_BZDET → found on 4/12 platforms
20:24:30 [WARNING] src.modules.google_dorks: Google rate limited (429) for query: site:twitter.com "044PXX44-XX44-090615135214-A4Q1_BZDET" OR site:linkedin.com "044PXX44-XX44-090615135214-A4Q1_BZDET" OR site:github.com "044PXX44-XX44-090615135214-A4Q1_BZDET" OR site:instagram.com "044PXX44-XX44-090615135214-A4Q1_BZDET"
20:24:30 [WARNING] src.modules.google_dorks: Pattern 'social_platforms' failed: Rate limited by Google (429)
20:24:31 [WARNING] src.modules.google_dorks: Google rate limited (429) for query: intitle:"profile" "044PXX44-XX44-090615135214-A4Q1_BZDET" OR intitle:"user" "044PXX44-XX44-090615135214-A4Q1_BZDET"
20:24:31 [WARNING] src.modules.google_dorks: Pattern 'profile_pages' failed: Rate limited by Google (429)
20:24:31 [INFO] src.modules.google_dorks: Google Dorks search discovered 0 artifacts
20:24:31 [INFO] src.orchestrator: Plugin system processed 2 plugins, discovered 0 artifacts
20:24:31 [INFO] src.orchestrator: Processing: domain=justdial.com (depth=2, queue_size=27)
20:24:31 [WARNING] src.orchestrator: Unknown artifact type: domain
20:24:31 [ERROR] src.orchestrator: External tools processing failed for justdial.com: 'WhoisIntegration' object has no attribute 'search_username'
20:24:33 [INFO] src.orchestrator: Plugin system processed 2 plugins, discovered 11 artifacts
20:24:33 [INFO] src.orchestrator: Processing: username=dr-r-dhayanidhi-physiotherapist (depth=2, queue_size=26)
20:24:33 [ERROR] src.modules.username_search: Exception checking Reddit: 'expected_status'
20:24:33 [ERROR] src.modules.username_search: Exception checking GitLab: 'expected_status'
20:24:33 [INFO] src.modules.username_search: Found dr-r-dhayanidhi-physiotherapist on Instagram
20:24:33 [INFO] src.modules.username_search: Found dr-r-dhayanidhi-physiotherapist on Steam
20:24:33 [INFO] src.modules.username_search: Found dr-r-dhayanidhi-physiotherapist on Medium
20:24:33 [INFO] src.modules.username_search: Found dr-r-dhayanidhi-physiotherapist on Pinterest
20:24:33 [INFO] src.modules.username_search: Username search complete: dr-r-dhayanidhi-physiotherapist → found on 4/12 platforms
20:24:33 [INFO] src.modules.google_dorks: Limiting patterns from 8 to 3 to avoid rate limiting
20:24:33 [INFO] src.modules.google_dorks: Searching for username 'dr-r-dhayanidhi-physiotherapist' with 3 dork patterns
20:24:34 [INFO] src.modules.google_dorks: DuckDuckGo search found 0 results for pattern 'simple_search'
20:24:34 [WARNING] src.modules.google_dorks: Pattern 'simple_search' failed: None
20:24:34 [INFO] src.modules.google_dorks: DuckDuckGo search found 0 results for pattern 'social_platforms'
20:24:34 [WARNING] src.modules.google_dorks: Pattern 'social_platforms' failed: None
20:24:34 [INFO] src.modules.google_dorks: DuckDuckGo search found 0 results for pattern 'profile_pages'
20:24:34 [WARNING] src.modules.google_dorks: Pattern 'profile_pages' failed: None
20:24:34 [INFO] src.modules.google_dorks: Google Dorks search discovered 0 artifacts
20:24:34 [INFO] src.modules.google_dorks: Limiting patterns from 8 to 3 to avoid rate limiting
20:24:34 [INFO] src.modules.google_dorks: Searching for username 'dr-r-dhayanidhi-physiotherapist' with 3 dork patterns
20:24:35 [INFO] src.modules.username_search: Found dr-r-dhayanidhi-physiotherapist on Steam
20:24:35 [ERROR] src.modules.username_search: Exception checking Reddit: 'expected_status'
20:24:35 [ERROR] src.modules.username_search: Exception checking GitLab: 'expected_status'
20:24:35 [INFO] src.modules.username_search: Found dr-r-dhayanidhi-physiotherapist on Instagram
20:24:35 [WARNING] src.modules.google_dorks: Google rate limited (429) for query: dr-r-dhayanidhi-physiotherapist
20:24:35 [WARNING] src.modules.google_dorks: Pattern 'simple_search' failed: Rate limited by Google (429)
20:24:35 [INFO] src.modules.username_search: Found dr-r-dhayanidhi-physiotherapist on Medium
20:24:35 [INFO] src.modules.username_search: Found dr-r-dhayanidhi-physiotherapist on Pinterest
20:24:35 [INFO] src.modules.username_search: Username search complete: dr-r-dhayanidhi-physiotherapist → found on 4/12 platforms
20:24:36 [WARNING] src.modules.google_dorks: Google rate limited (429) for query: site:twitter.com "dr-r-dhayanidhi-physiotherapist" OR site:linkedin.com "dr-r-dhayanidhi-physiotherapist" OR site:github.com "dr-r-dhayanidhi-physiotherapist" OR site:instagram.com "dr-r-dhayanidhi-physiotherapist"
20:24:36 [WARNING] src.modules.google_dorks: Pattern 'social_platforms' failed: Rate limited by Google (429)
20:24:38 [WARNING] src.modules.google_dorks: Google rate limited (429) for query: intitle:"profile" "dr-r-dhayanidhi-physiotherapist" OR intitle:"user" "dr-r-dhayanidhi-physiotherapist"
20:24:38 [WARNING] src.modules.google_dorks: Pattern 'profile_pages' failed: Rate limited by Google (429)
20:24:38 [INFO] src.modules.google_dorks: Google Dorks search discovered 0 artifacts
20:24:38 [INFO] src.orchestrator: Plugin system processed 2 plugins, discovered 0 artifacts
20:24:38 [INFO] src.orchestrator: Processing: domain=practo.com (depth=2, queue_size=25)
20:24:38 [WARNING] src.orchestrator: Unknown artifact type: domain
20:24:38 [ERROR] src.orchestrator: External tools processing failed for practo.com: 'WhoisIntegration' object has no attribute 'search_username'
20:24:38 [INFO] src.orchestrator: Plugin system processed 2 plugins, discovered 10 artifacts
20:24:38 [INFO] src.orchestrator: Processing: platform_presence=https://medium.com/@dhayanidhi-r-5aa086296 (depth=2, queue_size=24)
20:24:38 [WARNING] src.orchestrator: Unknown artifact type: platform_presence
20:24:38 [WARNING] src.plugins.manager: No plugins available for artifact type: platform_presence
20:24:38 [INFO] src.orchestrator: Plugin system processed 0 plugins, discovered 0 artifacts
20:24:38 [INFO] src.orchestrator: Processing: platform_presence=https://steamcommunity.com/id/dhayanidhi-r-5aa086296 (depth=2, queue_size=23)
20:24:38 [WARNING] src.orchestrator: Unknown artifact type: platform_presence
20:24:38 [WARNING] src.plugins.manager: No plugins available for artifact type: platform_presence
20:24:38 [INFO] src.orchestrator: Plugin system processed 0 plugins, discovered 0 artifacts
20:24:38 [INFO] src.orchestrator: Processing: platform_presence=https://www.pinterest.com/dhayanidhi-r-5aa086296/ (depth=2, queue_size=22)
20:24:38 [WARNING] src.orchestrator: Unknown artifact type: platform_presence
20:24:38 [WARNING] src.plugins.manager: No plugins available for artifact type: platform_presence
20:24:38 [INFO] src.orchestrator: Plugin system processed 0 plugins, discovered 0 artifacts
20:24:38 [INFO] src.orchestrator: Processing: platform_presence=https://www.instagram.com/dhayanidhi-r-5aa086296/ (depth=2, queue_size=21)
20:24:38 [WARNING] src.orchestrator: Unknown artifact type: platform_presence
20:24:38 [WARNING] src.plugins.manager: No plugins available for artifact type: platform_presence
20:24:38 [INFO] src.orchestrator: Plugin system processed 0 plugins, discovered 0 artifacts
20:24:38 [INFO] src.orchestrator: Processing: platform_presence=https://github.com/webSearch (depth=2, queue_size=20)
20:24:38 [WARNING] src.orchestrator: Unknown artifact type: platform_presence
20:24:38 [WARNING] src.plugins.manager: No plugins available for artifact type: platform_presence
20:24:38 [INFO] src.orchestrator: Plugin system processed 0 plugins, discovered 0 artifacts
20:24:38 [INFO] src.orchestrator: Processing: platform_presence=https://www.instagram.com/websearch/ (depth=2, queue_size=19)
20:24:38 [WARNING] src.orchestrator: Unknown artifact type: platform_presence
20:24:38 [WARNING] src.plugins.manager: No plugins available for artifact type: platform_presence
20:24:38 [INFO] src.orchestrator: Plugin system processed 0 plugins, discovered 0 artifacts
20:24:38 [INFO] src.orchestrator: Processing: platform_presence=https://steamcommunity.com/id/websearch (depth=2, queue_size=18)
20:24:38 [WARNING] src.orchestrator: Unknown artifact type: platform_presence
20:24:38 [WARNING] src.plugins.manager: No plugins available for artifact type: platform_presence
20:24:38 [INFO] src.orchestrator: Plugin system processed 0 plugins, discovered 0 artifacts
20:24:38 [INFO] src.orchestrator: Processing: platform_presence=https://www.pinterest.com/websearch/ (depth=2, queue_size=17)
20:24:38 [WARNING] src.orchestrator: Unknown artifact type: platform_presence
20:24:38 [WARNING] src.plugins.manager: No plugins available for artifact type: platform_presence
20:24:38 [INFO] src.orchestrator: Plugin system processed 0 plugins, discovered 0 artifacts
20:24:38 [INFO] src.orchestrator: Processing: username=search.yahoo.com (depth=2, queue_size=16)
20:24:39 [ERROR] src.modules.username_search: Exception checking Reddit: 'expected_status'
20:24:39 [ERROR] src.modules.username_search: Exception checking GitLab: 'expected_status'
20:24:39 [INFO] src.modules.username_search: Found search.yahoo.com on Instagram
20:24:39 [INFO] src.modules.username_search: Found search.yahoo.com on Steam
20:24:39 [INFO] src.modules.username_search: Found search.yahoo.com on Mastodon
20:24:39 [INFO] src.modules.username_search: Found search.yahoo.com on Medium
20:24:39 [INFO] src.modules.username_search: Found search.yahoo.com on Pinterest
20:24:40 [INFO] src.modules.username_search: Username search complete: search.yahoo.com → found on 5/12 platforms
20:24:40 [INFO] src.modules.google_dorks: Limiting patterns from 8 to 3 to avoid rate limiting
20:24:40 [INFO] src.modules.google_dorks: Searching for username 'search.yahoo.com' with 3 dork patterns
20:24:40 [INFO] src.modules.google_dorks: DuckDuckGo search found 0 results for pattern 'simple_search'
20:24:40 [INFO] src.modules.google_dorks: DuckDuckGo search found 0 results for pattern 'social_platforms'
20:24:40 [WARNING] src.modules.google_dorks: Pattern 'simple_search' failed: None
20:24:40 [INFO] src.modules.google_dorks: DuckDuckGo search found 0 results for pattern 'profile_pages'
20:24:40 [WARNING] src.modules.google_dorks: Pattern 'social_platforms' failed: None
20:24:40 [WARNING] src.modules.google_dorks: Pattern 'profile_pages' failed: None
20:24:40 [INFO] src.modules.google_dorks: Google Dorks search discovered 0 artifacts
20:24:40 [INFO] src.modules.google_dorks: Limiting patterns from 8 to 3 to avoid rate limiting
20:24:40 [INFO] src.modules.google_dorks: Searching for username 'search.yahoo.com' with 3 dork patterns
20:24:40 [INFO] src.modules.username_search: Found search.yahoo.com on Mastodon
20:24:40 [INFO] src.modules.username_search: Found search.yahoo.com on Steam
20:24:40 [ERROR] src.modules.username_search: Exception checking Reddit: 'expected_status'
20:24:40 [ERROR] src.modules.username_search: Exception checking GitLab: 'expected_status'
20:24:40 [INFO] src.modules.username_search: Found search.yahoo.com on Instagram
20:24:40 [INFO] src.modules.username_search: Found search.yahoo.com on Medium
20:24:41 [INFO] src.modules.username_search: Found search.yahoo.com on Pinterest
20:24:41 [INFO] src.modules.username_search: Username search complete: search.yahoo.com → found on 5/12 platforms
20:24:41 [WARNING] src.modules.google_dorks: Google rate limited (429) for query: search.yahoo.com
20:24:41 [WARNING] src.modules.google_dorks: Pattern 'simple_search' failed: Rate limited by Google (429)
20:24:41 [WARNING] src.modules.google_dorks: Google rate limited (429) for query: site:twitter.com "search.yahoo.com" OR site:linkedin.com "search.yahoo.com" OR site:github.com "search.yahoo.com" OR site:instagram.com "search.yahoo.com"
20:24:41 [WARNING] src.modules.google_dorks: Pattern 'social_platforms' failed: Rate limited by Google (429)
20:24:43 [WARNING] src.modules.google_dorks: Google rate limited (429) for query: intitle:"profile" "search.yahoo.com" OR intitle:"user" "search.yahoo.com"
20:24:43 [WARNING] src.modules.google_dorks: Pattern 'profile_pages' failed: Rate limited by Google (429)
20:24:43 [INFO] src.modules.google_dorks: Google Dorks search discovered 0 artifacts
20:24:43 [INFO] src.orchestrator: Plugin system processed 2 plugins, discovered 0 artifacts
20:24:43 [INFO] src.orchestrator: Processing: domain=search.yahoo.com (depth=2, queue_size=15)
20:24:43 [WARNING] src.orchestrator: Unknown artifact type: domain
20:24:43 [ERROR] src.orchestrator: External tools processing failed for search.yahoo.com: 'WhoisIntegration' object has no attribute 'search_username'
20:24:44 [INFO] src.orchestrator: Plugin system processed 2 plugins, discovered 7 artifacts
20:24:44 [INFO] src.orchestrator: Processing: username=answer.google.com (depth=2, queue_size=14)
20:24:44 [ERROR] src.modules.username_search: Exception checking Reddit: 'expected_status'
20:24:44 [ERROR] src.modules.username_search: Exception checking GitLab: 'expected_status'
20:24:44 [INFO] src.modules.username_search: Found answer.google.com on Instagram
20:24:44 [INFO] src.modules.username_search: Found answer.google.com on Steam
20:24:44 [INFO] src.modules.username_search: Found answer.google.com on Pinterest
20:24:44 [INFO] src.modules.username_search: Found answer.google.com on Mastodon
20:24:44 [INFO] src.modules.username_search: Found answer.google.com on Medium
20:39:45 [WARNING] urllib3.connectionpool: Retrying (Retry(total=1, connect=None, read=None, redirect=None, status=None)) after connection broken by 'RemoteDisconnected('Remote end closed connection without response')': /user?id=answer.google.com
20:39:46 [INFO] src.modules.username_search: Username search complete: answer.google.com → found on 5/12 platforms
20:39:46 [INFO] src.modules.google_dorks: Limiting patterns from 8 to 3 to avoid rate limiting
20:39:46 [INFO] src.modules.google_dorks: Searching for username 'answer.google.com' with 3 dork patterns
20:39:46 [INFO] src.modules.google_dorks: DuckDuckGo search found 0 results for pattern 'social_platforms'
20:39:46 [WARNING] src.modules.google_dorks: Pattern 'social_platforms' failed: None
20:39:46 [INFO] src.modules.google_dorks: DuckDuckGo search found 0 results for pattern 'simple_search'
20:39:46 [INFO] src.modules.google_dorks: DuckDuckGo search found 0 results for pattern 'profile_pages'
20:39:46 [WARNING] src.modules.google_dorks: Pattern 'simple_search' failed: None
20:39:46 [WARNING] src.modules.google_dorks: Pattern 'profile_pages' failed: None
20:39:46 [INFO] src.modules.google_dorks: Google Dorks search discovered 0 artifacts
20:39:46 [INFO] src.modules.google_dorks: Limiting patterns from 8 to 3 to avoid rate limiting
20:39:46 [INFO] src.modules.google_dorks: Searching for username 'answer.google.com' with 3 dork patterns
20:39:46 [WARNING] urllib3.connectionpool: Retrying (Retry(total=1, connect=None, read=None, redirect=None, status=None)) after connection broken by 'RemoteDisconnected('Remote end closed connection without response')': /answer.google.com
20:39:46 [WARNING] urllib3.connectionpool: Retrying (Retry(total=1, connect=None, read=None, redirect=None, status=None)) after connection broken by 'RemoteDisconnected('Remote end closed connection without response')': /in/answer.google.com/
20:39:46 [WARNING] urllib3.connectionpool: Retrying (Retry(total=1, connect=None, read=None, redirect=None, status=None)) after connection broken by 'RemoteDisconnected('Remote end closed connection without response')': /users/answer.google.com
20:39:46 [WARNING] urllib3.connectionpool: Retrying (Retry(total=1, connect=None, read=None, redirect=None, status=None)) after connection broken by 'RemoteDisconnected('Remote end closed connection without response')': /api/v4/users?username=answer.google.com
20:39:47 [ERROR] src.modules.username_search: Exception checking Reddit: 'expected_status'
20:39:47 [ERROR] src.modules.username_search: Exception checking GitLab: 'expected_status'
20:39:47 [INFO] src.modules.username_search: Found answer.google.com on Instagram
20:39:47 [INFO] src.modules.username_search: Found answer.google.com on Medium
20:39:47 [INFO] src.modules.username_search: Found answer.google.com on Steam
20:39:47 [INFO] src.modules.username_search: Found answer.google.com on Mastodon
20:39:48 [WARNING] src.modules.google_dorks: Google rate limited (429) for query: answer.google.com
20:39:48 [WARNING] src.modules.google_dorks: Pattern 'simple_search' failed: Rate limited by Google (429)
20:39:48 [INFO] src.modules.username_search: Found answer.google.com on Pinterest
20:39:48 [INFO] src.modules.username_search: Username search complete: answer.google.com → found on 5/12 platforms
20:39:48 [WARNING] src.modules.google_dorks: Google rate limited (429) for query: site:twitter.com "answer.google.com" OR site:linkedin.com "answer.google.com" OR site:github.com "answer.google.com" OR site:instagram.com "answer.google.com"
20:39:48 [WARNING] src.modules.google_dorks: Pattern 'social_platforms' failed: Rate limited by Google (429)
20:39:49 [WARNING] src.modules.google_dorks: Google rate limited (429) for query: intitle:"profile" "answer.google.com" OR intitle:"user" "answer.google.com"
20:39:49 [WARNING] src.modules.google_dorks: Pattern 'profile_pages' failed: Rate limited by Google (429)
20:39:49 [INFO] src.modules.google_dorks: Google Dorks search discovered 0 artifacts
20:39:49 [INFO] src.orchestrator: Plugin system processed 2 plugins, discovered 0 artifacts
20:39:49 [INFO] src.orchestrator: Processing: domain=answer.google.com (depth=2, queue_size=13)
20:39:49 [WARNING] src.orchestrator: Unknown artifact type: domain
20:39:49 [ERROR] src.orchestrator: External tools processing failed for answer.google.com: 'WhoisIntegration' object has no attribute 'search_username'
20:39:50 [INFO] src.orchestrator: Plugin system processed 2 plugins, discovered 12 artifacts
20:39:50 [INFO] src.orchestrator: Processing: username=open-webSearch (depth=2, queue_size=12)
20:39:50 [ERROR] src.modules.username_search: Exception checking Reddit: 'expected_status'
20:39:50 [ERROR] src.modules.username_search: Exception checking GitLab: 'expected_status'
20:39:50 [INFO] src.modules.username_search: Found open-webSearch on Instagram
20:39:50 [INFO] src.modules.username_search: Found open-webSearch on Steam
20:39:50 [INFO] src.modules.username_search: Found open-webSearch on Medium
20:39:51 [INFO] src.modules.username_search: Found open-webSearch on Pinterest
20:39:51 [INFO] src.modules.username_search: Username search complete: open-webSearch → found on 4/12 platforms
20:39:51 [INFO] src.modules.google_dorks: Limiting patterns from 8 to 3 to avoid rate limiting
20:39:51 [INFO] src.modules.google_dorks: Searching for username 'open-webSearch' with 3 dork patterns
20:39:51 [INFO] src.modules.google_dorks: DuckDuckGo search found 0 results for pattern 'profile_pages'
20:39:51 [WARNING] src.modules.google_dorks: Pattern 'profile_pages' failed: None
20:39:51 [INFO] src.modules.google_dorks: DuckDuckGo search found 0 results for pattern 'simple_search'
20:39:51 [WARNING] src.modules.google_dorks: Pattern 'simple_search' failed: None
20:39:51 [INFO] src.modules.google_dorks: DuckDuckGo search found 0 results for pattern 'social_platforms'
20:39:51 [WARNING] src.modules.google_dorks: Pattern 'social_platforms' failed: None
20:39:51 [INFO] src.modules.google_dorks: Google Dorks search discovered 0 artifacts
20:39:51 [INFO] src.modules.google_dorks: Limiting patterns from 8 to 3 to avoid rate limiting
20:39:51 [INFO] src.modules.google_dorks: Searching for username 'open-webSearch' with 3 dork patterns
20:39:51 [ERROR] src.modules.username_search: Exception checking GitLab: 'expected_status'
20:39:51 [ERROR] src.modules.username_search: Exception checking Reddit: 'expected_status'
20:39:51 [INFO] src.modules.username_search: Found open-webSearch on Instagram
20:39:51 [INFO] src.modules.username_search: Found open-webSearch on Steam
20:39:51 [INFO] src.modules.username_search: Found open-webSearch on Medium
20:39:52 [INFO] src.modules.username_search: Found open-webSearch on Pinterest
20:39:52 [INFO] src.modules.username_search: Username search complete: open-webSearch → found on 4/12 platforms
20:39:52 [WARNING] src.modules.google_dorks: Google rate limited (429) for query: open-webSearch
20:39:52 [WARNING] src.modules.google_dorks: Pattern 'simple_search' failed: Rate limited by Google (429)
20:39:53 [WARNING] src.modules.google_dorks: Google rate limited (429) for query: site:twitter.com "open-webSearch" OR site:linkedin.com "open-webSearch" OR site:github.com "open-webSearch" OR site:instagram.com "open-webSearch"
20:39:53 [WARNING] src.modules.google_dorks: Pattern 'social_platforms' failed: Rate limited by Google (429)
20:39:54 [WARNING] src.modules.google_dorks: Google rate limited (429) for query: intitle:"profile" "open-webSearch" OR intitle:"user" "open-webSearch"
20:39:54 [WARNING] src.modules.google_dorks: Pattern 'profile_pages' failed: Rate limited by Google (429)
20:39:54 [INFO] src.modules.google_dorks: Google Dorks search discovered 0 artifacts
20:39:54 [INFO] src.orchestrator: Plugin system processed 2 plugins, discovered 0 artifacts
20:39:54 [INFO] src.orchestrator: Processing: username=search.google (depth=2, queue_size=11)
20:39:54 [ERROR] src.modules.username_search: Exception checking Reddit: 'expected_status'
20:39:54 [ERROR] src.modules.username_search: Exception checking GitLab: 'expected_status'
20:39:54 [INFO] src.modules.username_search: Found search.google on Instagram
20:39:54 [INFO] src.modules.username_search: Found search.google on Pinterest
20:39:54 [INFO] src.modules.username_search: Found search.google on Steam
20:39:55 [INFO] src.modules.username_search: Found search.google on Medium
20:40:04 [WARNING] urllib3.connectionpool: Retrying (Retry(total=1, connect=None, read=None, redirect=None, status=None)) after connection broken by 'ReadTimeoutError("HTTPSConnectionPool(host='mastodon.social', port=443): Read timed out. (read timeout=10)")': /@search.google
20:40:16 [WARNING] urllib3.connectionpool: Retrying (Retry(total=0, connect=None, read=None, redirect=None, status=None)) after connection broken by 'ReadTimeoutError("HTTPSConnectionPool(host='mastodon.social', port=443): Read timed out. (read timeout=10)")': /@search.google
20:40:26 [INFO] src.modules.username_search: Username search complete: search.google → found on 4/12 platforms
20:40:26 [INFO] src.modules.google_dorks: Limiting patterns from 8 to 3 to avoid rate limiting
20:40:26 [INFO] src.modules.google_dorks: Searching for username 'search.google' with 3 dork patterns
20:40:27 [INFO] src.modules.google_dorks: DuckDuckGo search found 0 results for pattern 'social_platforms'
20:40:27 [INFO] src.modules.google_dorks: DuckDuckGo search found 10 results for pattern 'simple_search'
20:40:27 [WARNING] src.modules.google_dorks: Pattern 'social_platforms' failed: None
20:40:27 [INFO] src.modules.google_dorks: Pattern 'simple_search' found 10 results
20:40:27 [INFO] src.modules.google_dorks: DuckDuckGo search found 0 results for pattern 'profile_pages'
20:40:27 [WARNING] src.modules.google_dorks: Pattern 'profile_pages' failed: None
20:40:27 [INFO] src.modules.google_dorks: Google Dorks search discovered 20 artifacts
20:40:27 [INFO] src.orchestrator: Google Dorks found 20 artifacts for username search.google
20:40:27 [INFO] src.modules.google_dorks: Limiting patterns from 8 to 3 to avoid rate limiting
20:40:27 [INFO] src.modules.google_dorks: Searching for username 'search.google' with 3 dork patterns
20:40:27 [ERROR] src.modules.username_search: Exception checking Reddit: 'expected_status'
20:40:27 [ERROR] src.modules.username_search: Exception checking GitLab: 'expected_status'
20:40:28 [INFO] src.modules.username_search: Found search.google on Instagram
20:40:28 [INFO] src.modules.username_search: Found search.google on Steam
20:40:28 [INFO] src.modules.username_search: Found search.google on Medium
20:40:28 [INFO] src.modules.username_search: Found search.google on Pinterest
20:40:28 [WARNING] src.modules.google_dorks: Google rate limited (429) for query: site:twitter.com "search.google" OR site:linkedin.com "search.google" OR site:github.com "search.google" OR site:instagram.com "search.google"
20:40:28 [WARNING] src.modules.google_dorks: Pattern 'social_platforms' failed: Rate limited by Google (429)
20:40:29 [WARNING] src.modules.google_dorks: Google rate limited (429) for query: search.google
20:40:29 [WARNING] src.modules.google_dorks: Pattern 'simple_search' failed: Rate limited by Google (429)
20:40:30 [WARNING] src.modules.google_dorks: Google rate limited (429) for query: intitle:"profile" "search.google" OR intitle:"user" "search.google"
20:40:30 [WARNING] src.modules.google_dorks: Pattern 'profile_pages' failed: Rate limited by Google (429)
20:40:30 [INFO] src.modules.google_dorks: Google Dorks search discovered 0 artifacts
20:55:35 [WARNING] urllib3.connectionpool: Retrying (Retry(total=1, connect=None, read=None, redirect=None, status=None)) after connection broken by 'ReadTimeoutError("HTTPSConnectionPool(host='mastodon.social', port=443): Read timed out. (read timeout=10)")': /@search.google
20:55:47 [WARNING] urllib3.connectionpool: Retrying (Retry(total=0, connect=None, read=None, redirect=None, status=None)) after connection broken by 'ReadTimeoutError("HTTPSConnectionPool(host='mastodon.social', port=443): Read timed out. (read timeout=10)")': /@search.google
20:55:57 [INFO] src.modules.username_search: Username search complete: search.google → found on 4/12 platforms
20:55:57 [INFO] src.orchestrator: Plugin system processed 2 plugins, discovered 0 artifacts
20:55:57 [INFO] src.orchestrator: Processing: domain=search.google (depth=2, queue_size=10)
20:55:57 [WARNING] src.orchestrator: Unknown artifact type: domain
20:55:57 [ERROR] src.orchestrator: External tools processing failed for search.google: 'WhoisIntegration' object has no attribute 'search_username'
20:55:58 [INFO] src.orchestrator: Plugin system processed 2 plugins, discovered 10 artifacts
20:55:58 [INFO] src.orchestrator: Processing: username=10684626-enable-and-use-web-search (depth=2, queue_size=9)
20:55:58 [WARNING] urllib3.connectionpool: Retrying (Retry(total=1, connect=None, read=None, redirect=None, status=None)) after connection broken by 'RemoteDisconnected('Remote end closed connection without response')': /10684626-enable-and-use-web-search
20:55:58 [WARNING] urllib3.connectionpool: Retrying (Retry(total=1, connect=None, read=None, redirect=None, status=None)) after connection broken by 'RemoteDisconnected('Remote end closed connection without response')': /in/10684626-enable-and-use-web-search/
20:55:58 [WARNING] urllib3.connectionpool: Retrying (Retry(total=1, connect=None, read=None, redirect=None, status=None)) after connection broken by 'RemoteDisconnected('Remote end closed connection without response')': /10684626-enable-and-use-web-search/
20:55:58 [WARNING] urllib3.connectionpool: Retrying (Retry(total=1, connect=None, read=None, redirect=None, status=None)) after connection broken by 'RemoteDisconnected('Remote end closed connection without response')': /@10684626-enable-and-use-web-search
20:55:58 [WARNING] urllib3.connectionpool: Retrying (Retry(total=1, connect=None, read=None, redirect=None, status=None)) after connection broken by 'RemoteDisconnected('Remote end closed connection without response')': /api/v4/users?username=10684626-enable-and-use-web-search
20:55:58 [WARNING] urllib3.connectionpool: Retrying (Retry(total=1, connect=None, read=None, redirect=None, status=None)) after connection broken by 'RemoteDisconnected('Remote end closed connection without response')': /users/10684626-enable-and-use-web-search
20:55:58 [WARNING] urllib3.connectionpool: Retrying (Retry(total=1, connect=None, read=None, redirect=None, status=None)) after connection broken by 'RemoteDisconnected('Remote end closed connection without response')': /10684626-enable-and-use-web-search
20:55:58 [WARNING] urllib3.connectionpool: Retrying (Retry(total=1, connect=None, read=None, redirect=None, status=None)) after connection broken by 'RemoteDisconnected('Remote end closed connection without response')': /10684626-enable-and-use-web-search/
20:55:58 [WARNING] urllib3.connectionpool: Retrying (Retry(total=1, connect=None, read=None, redirect=None, status=None)) after connection broken by 'RemoteDisconnected('Remote end closed connection without response')': /user?id=10684626-enable-and-use-web-search
20:55:58 [ERROR] src.modules.username_search: Exception checking Reddit: 'expected_status'
20:55:58 [WARNING] urllib3.connectionpool: Retrying (Retry(total=1, connect=None, read=None, redirect=None, status=None)) after connection broken by 'RemoteDisconnected('Remote end closed connection without response')': /id/10684626-enable-and-use-web-search
20:55:59 [ERROR] src.modules.username_search: Exception checking GitLab: 'expected_status'
20:55:59 [INFO] src.modules.username_search: Found 10684626-enable-and-use-web-search on Steam
20:55:59 [INFO] src.modules.username_search: Found 10684626-enable-and-use-web-search on Instagram
20:55:59 [INFO] src.modules.username_search: Found 10684626-enable-and-use-web-search on Medium
20:55:59 [INFO] src.modules.username_search: Found 10684626-enable-and-use-web-search on Pinterest
20:55:59 [INFO] src.modules.username_search: Username search complete: 10684626-enable-and-use-web-search → found on 4/12 platforms
20:55:59 [INFO] src.modules.google_dorks: Limiting patterns from 8 to 3 to avoid rate limiting
20:55:59 [INFO] src.modules.google_dorks: Searching for username '10684626-enable-and-use-web-search' with 3 dork patterns
20:55:59 [INFO] src.modules.google_dorks: DuckDuckGo search found 0 results for pattern 'social_platforms'
20:55:59 [WARNING] src.modules.google_dorks: Pattern 'social_platforms' failed: None
20:56:00 [INFO] src.modules.google_dorks: DuckDuckGo search found 10 results for pattern 'simple_search'
20:56:00 [INFO] src.modules.google_dorks: Pattern 'simple_search' found 10 results
20:56:00 [INFO] src.modules.google_dorks: DuckDuckGo search found 0 results for pattern 'profile_pages'
20:56:00 [WARNING] src.modules.google_dorks: Pattern 'profile_pages' failed: None
20:56:00 [INFO] src.modules.google_dorks: Google Dorks search discovered 20 artifacts
20:56:00 [INFO] src.orchestrator: Google Dorks found 20 artifacts for username 10684626-enable-and-use-web-search
20:56:00 [INFO] src.modules.google_dorks: Limiting patterns from 8 to 3 to avoid rate limiting
20:56:00 [INFO] src.modules.google_dorks: Searching for username '10684626-enable-and-use-web-search' with 3 dork patterns
20:56:00 [INFO] src.modules.username_search: Found 10684626-enable-and-use-web-search on Steam
20:56:00 [ERROR] src.modules.username_search: Exception checking GitLab: 'expected_status'
20:56:00 [ERROR] src.modules.username_search: Exception checking Reddit: 'expected_status'
20:56:01 [INFO] src.modules.username_search: Found 10684626-enable-and-use-web-search on Instagram
20:56:01 [WARNING] src.modules.google_dorks: Google rate limited (429) for query: 10684626-enable-and-use-web-search
20:56:01 [WARNING] src.modules.google_dorks: Pattern 'simple_search' failed: Rate limited by Google (429)
20:56:01 [INFO] src.modules.username_search: Found 10684626-enable-and-use-web-search on Pinterest
20:56:01 [INFO] src.modules.username_search: Found 10684626-enable-and-use-web-search on Medium
20:56:01 [INFO] src.modules.username_search: Username search complete: 10684626-enable-and-use-web-search → found on 4/12 platforms
20:56:02 [WARNING] src.modules.google_dorks: Google rate limited (429) for query: site:twitter.com "10684626-enable-and-use-web-search" OR site:linkedin.com "10684626-enable-and-use-web-search" OR site:github.com "10684626-enable-and-use-web-search" OR site:instagram.com "10684626-enable-and-use-web-search"
20:56:02 [WARNING] src.modules.google_dorks: Pattern 'social_platforms' failed: Rate limited by Google (429)
20:56:03 [WARNING] src.modules.google_dorks: Google rate limited (429) for query: intitle:"profile" "10684626-enable-and-use-web-search" OR intitle:"user" "10684626-enable-and-use-web-search"
20:56:03 [WARNING] src.modules.google_dorks: Pattern 'profile_pages' failed: Rate limited by Google (429)
20:56:03 [INFO] src.modules.google_dorks: Google Dorks search discovered 0 artifacts
20:56:03 [INFO] src.orchestrator: Plugin system processed 2 plugins, discovered 0 artifacts
20:56:03 [INFO] src.orchestrator: Processing: domain=support.claude.com (depth=2, queue_size=8)
20:56:03 [WARNING] src.orchestrator: Unknown artifact type: domain
20:56:03 [ERROR] src.orchestrator: External tools processing failed for support.claude.com: 'WhoisIntegration' object has no attribute 'search_username'
20:56:04 [INFO] src.orchestrator: Plugin system processed 2 plugins, discovered 1 artifacts
20:56:04 [INFO] src.orchestrator: Processing: username=www.dogpile.com (depth=2, queue_size=7)
20:56:04 [ERROR] src.modules.username_search: Exception checking Reddit: 'expected_status'
20:56:04 [ERROR] src.modules.username_search: Exception checking GitLab: 'expected_status'
20:56:04 [INFO] src.modules.username_search: Found www.dogpile.com on Instagram
20:56:04 [INFO] src.modules.username_search: Found www.dogpile.com on Steam
20:56:04 [INFO] src.modules.username_search: Found www.dogpile.com on Mastodon
20:56:04 [INFO] src.modules.username_search: Found www.dogpile.com on Pinterest
20:56:05 [INFO] src.modules.username_search: Found www.dogpile.com on Medium
20:56:05 [INFO] src.modules.username_search: Username search complete: www.dogpile.com → found on 5/12 platforms
20:56:05 [INFO] src.modules.google_dorks: Limiting patterns from 8 to 3 to avoid rate limiting
20:56:05 [INFO] src.modules.google_dorks: Searching for username 'www.dogpile.com' with 3 dork patterns
20:56:05 [INFO] src.modules.google_dorks: DuckDuckGo search found 0 results for pattern 'social_platforms'
20:56:05 [INFO] src.modules.google_dorks: DuckDuckGo search found 0 results for pattern 'simple_search'
20:56:05 [WARNING] src.modules.google_dorks: Pattern 'social_platforms' failed: None
20:56:05 [WARNING] src.modules.google_dorks: Pattern 'simple_search' failed: None
20:56:05 [INFO] src.modules.google_dorks: DuckDuckGo search found 0 results for pattern 'profile_pages'
20:56:05 [WARNING] src.modules.google_dorks: Pattern 'profile_pages' failed: None
20:56:05 [INFO] src.modules.google_dorks: Google Dorks search discovered 0 artifacts
20:56:05 [INFO] src.modules.google_dorks: Limiting patterns from 8 to 3 to avoid rate limiting
20:56:05 [INFO] src.modules.google_dorks: Searching for username 'www.dogpile.com' with 3 dork patterns
20:56:05 [INFO] src.modules.username_search: Found www.dogpile.com on Mastodon
20:56:05 [INFO] src.modules.username_search: Found www.dogpile.com on Steam
20:56:05 [ERROR] src.modules.username_search: Exception checking Reddit: 'expected_status'
20:56:05 [ERROR] src.modules.username_search: Exception checking GitLab: 'expected_status'
20:56:05 [INFO] src.modules.username_search: Found www.dogpile.com on Instagram
20:56:06 [INFO] src.modules.username_search: Found www.dogpile.com on Pinterest
20:56:06 [INFO] src.modules.username_search: Found www.dogpile.com on Medium
20:56:06 [INFO] src.modules.username_search: Username search complete: www.dogpile.com → found on 5/12 platforms
20:56:06 [WARNING] src.modules.google_dorks: Google rate limited (429) for query: www.dogpile.com
20:56:06 [WARNING] src.modules.google_dorks: Pattern 'simple_search' failed: Rate limited by Google (429)
20:56:07 [WARNING] src.modules.google_dorks: Google rate limited (429) for query: site:twitter.com "www.dogpile.com" OR site:linkedin.com "www.dogpile.com" OR site:github.com "www.dogpile.com" OR site:instagram.com "www.dogpile.com"
20:56:07 [WARNING] src.modules.google_dorks: Pattern 'social_platforms' failed: Rate limited by Google (429)
20:56:08 [WARNING] src.modules.google_dorks: Google rate limited (429) for query: intitle:"profile" "www.dogpile.com" OR intitle:"user" "www.dogpile.com"
20:56:08 [WARNING] src.modules.google_dorks: Pattern 'profile_pages' failed: Rate limited by Google (429)
20:56:08 [INFO] src.modules.google_dorks: Google Dorks search discovered 0 artifacts
20:56:08 [INFO] src.orchestrator: Plugin system processed 2 plugins, discovered 0 artifacts
20:56:08 [INFO] src.orchestrator: Processing: domain=dogpile.com (depth=2, queue_size=6)
20:56:08 [WARNING] src.orchestrator: Unknown artifact type: domain
20:56:08 [ERROR] src.orchestrator: External tools processing failed for dogpile.com: 'WhoisIntegration' object has no attribute 'search_username'
20:56:09 [INFO] src.orchestrator: Plugin system processed 2 plugins, discovered 11 artifacts
20:56:09 [INFO] src.orchestrator: Processing: username=?hl=en (depth=2, queue_size=5)
20:56:10 [ERROR] src.modules.username_search: Exception checking Reddit: 'expected_status'
20:56:10 [ERROR] src.modules.username_search: Exception checking GitLab: 'expected_status'
20:56:10 [INFO] src.modules.username_search: Found ?hl=en on Steam
20:56:10 [INFO] src.modules.username_search: Found ?hl=en on Keybase
20:56:10 [INFO] src.modules.username_search: Found ?hl=en on Instagram
20:56:10 [INFO] src.modules.username_search: Found ?hl=en on Pinterest
20:56:10 [INFO] src.modules.username_search: Username search complete: ?hl=en → found on 4/12 platforms
20:56:10 [INFO] src.modules.google_dorks: Limiting patterns from 8 to 3 to avoid rate limiting
20:56:10 [INFO] src.modules.google_dorks: Searching for username '?hl=en' with 3 dork patterns
20:56:10 [INFO] src.modules.google_dorks: DuckDuckGo search found 0 results for pattern 'simple_search'
20:56:10 [WARNING] src.modules.google_dorks: Pattern 'simple_search' failed: None
20:56:10 [INFO] src.modules.google_dorks: DuckDuckGo search found 0 results for pattern 'social_platforms'
20:56:10 [WARNING] src.modules.google_dorks: Pattern 'social_platforms' failed: None
20:56:10 [INFO] src.modules.google_dorks: DuckDuckGo search found 0 results for pattern 'profile_pages'
20:56:10 [WARNING] src.modules.google_dorks: Pattern 'profile_pages' failed: None
20:56:10 [INFO] src.modules.google_dorks: Google Dorks search discovered 0 artifacts
20:56:10 [INFO] src.modules.google_dorks: Limiting patterns from 8 to 3 to avoid rate limiting
20:56:10 [INFO] src.modules.google_dorks: Searching for username '?hl=en' with 3 dork patterns
20:56:10 [ERROR] src.modules.username_search: Exception checking Reddit: 'expected_status'
20:56:11 [INFO] src.modules.username_search: Found ?hl=en on Keybase
20:56:11 [INFO] src.modules.username_search: Found ?hl=en on Steam
20:56:11 [ERROR] src.modules.username_search: Exception checking GitLab: 'expected_status'
20:56:11 [INFO] src.modules.username_search: Found ?hl=en on Instagram
20:56:12 [WARNING] src.modules.google_dorks: Google rate limited (429) for query: ?hl=en
20:56:12 [WARNING] src.modules.google_dorks: Pattern 'simple_search' failed: Rate limited by Google (429)
20:56:12 [WARNING] src.modules.google_dorks: Google rate limited (429) for query: intitle:"profile" "?hl=en" OR intitle:"user" "?hl=en"
20:56:12 [WARNING] src.modules.google_dorks: Pattern 'profile_pages' failed: Rate limited by Google (429)
20:56:12 [INFO] src.modules.username_search: Found ?hl=en on Pinterest
20:56:12 [INFO] src.modules.username_search: Username search complete: ?hl=en → found on 4/12 platforms
20:56:13 [WARNING] src.modules.google_dorks: Google rate limited (429) for query: site:twitter.com "?hl=en" OR site:linkedin.com "?hl=en" OR site:github.com "?hl=en" OR site:instagram.com "?hl=en"
20:56:13 [WARNING] src.modules.google_dorks: Pattern 'social_platforms' failed: Rate limited by Google (429)
20:56:13 [INFO] src.modules.google_dorks: Google Dorks search discovered 0 artifacts
20:56:13 [INFO] src.orchestrator: Plugin system processed 2 plugins, discovered 0 artifacts
20:56:13 [INFO] src.orchestrator: Processing: username=InteractiveLogin?service=safesearchlock (depth=2, queue_size=4)
20:56:13 [ERROR] src.modules.username_search: Exception checking Reddit: 'expected_status'
20:56:13 [INFO] src.modules.username_search: Found InteractiveLogin?service=safesearchlock on Steam
20:56:13 [ERROR] src.modules.username_search: Exception checking GitLab: 'expected_status'
20:56:13 [INFO] src.modules.username_search: Found InteractiveLogin?service=safesearchlock on Instagram
20:56:13 [INFO] src.modules.username_search: Found InteractiveLogin?service=safesearchlock on Medium
20:56:13 [INFO] src.modules.username_search: Username search complete: InteractiveLogin?service=safesearchlock → found on 3/12 platforms
20:56:13 [INFO] src.modules.google_dorks: Limiting patterns from 8 to 3 to avoid rate limiting
20:56:13 [INFO] src.modules.google_dorks: Searching for username 'InteractiveLogin?service=safesearchlock' with 3 dork patterns
20:56:14 [INFO] src.modules.google_dorks: DuckDuckGo search found 0 results for pattern 'profile_pages'
20:56:14 [WARNING] src.modules.google_dorks: Pattern 'profile_pages' failed: None
20:56:14 [INFO] src.modules.google_dorks: DuckDuckGo search found 0 results for pattern 'social_platforms'
20:56:14 [WARNING] src.modules.google_dorks: Pattern 'social_platforms' failed: None
20:56:14 [INFO] src.modules.google_dorks: DuckDuckGo search found 10 results for pattern 'simple_search'
20:56:14 [INFO] src.modules.google_dorks: Pattern 'simple_search' found 10 results
20:56:14 [INFO] src.modules.google_dorks: Google Dorks search discovered 20 artifacts
20:56:14 [INFO] src.orchestrator: Google Dorks found 20 artifacts for username InteractiveLogin?service=safesearchlock
20:56:14 [INFO] src.modules.google_dorks: Limiting patterns from 8 to 3 to avoid rate limiting
20:56:14 [INFO] src.modules.google_dorks: Searching for username 'InteractiveLogin?service=safesearchlock' with 3 dork patterns
20:56:15 [ERROR] src.modules.username_search: Exception checking Reddit: 'expected_status'
20:56:15 [INFO] src.modules.username_search: Found InteractiveLogin?service=safesearchlock on Steam
20:56:15 [ERROR] src.modules.username_search: Exception checking GitLab: 'expected_status'
20:56:15 [INFO] src.modules.username_search: Found InteractiveLogin?service=safesearchlock on Instagram
20:56:15 [INFO] src.modules.username_search: Found InteractiveLogin?service=safesearchlock on Medium
20:56:15 [INFO] src.modules.username_search: Username search complete: InteractiveLogin?service=safesearchlock → found on 3/12 platforms
20:56:15 [WARNING] src.modules.google_dorks: Google rate limited (429) for query: InteractiveLogin?service=safesearchlock
20:56:15 [WARNING] src.modules.google_dorks: Pattern 'simple_search' failed: Rate limited by Google (429)
20:56:16 [WARNING] src.modules.google_dorks: Google rate limited (429) for query: site:twitter.com "InteractiveLogin?service=safesearchlock" OR site:linkedin.com "InteractiveLogin?service=safesearchlock" OR site:github.com "InteractiveLogin?service=safesearchlock" OR site:instagram.com "InteractiveLogin?service=safesearchlock"
20:56:16 [WARNING] src.modules.google_dorks: Pattern 'social_platforms' failed: Rate limited by Google (429)
20:56:17 [WARNING] src.modules.google_dorks: Google rate limited (429) for query: intitle:"profile" "InteractiveLogin?service=safesearchlock" OR intitle:"user" "InteractiveLogin?service=safesearchlock"
20:56:17 [WARNING] src.modules.google_dorks: Pattern 'profile_pages' failed: Rate limited by Google (429)
20:56:17 [INFO] src.modules.google_dorks: Google Dorks search discovered 0 artifacts
20:56:17 [INFO] src.orchestrator: Plugin system processed 2 plugins, discovered 0 artifacts
20:56:17 [INFO] src.orchestrator: Processing: username=en-IN (depth=2, queue_size=3)
20:56:17 [ERROR] src.modules.username_search: Exception checking Reddit: 'expected_status'
20:56:17 [ERROR] src.modules.username_search: Exception checking GitLab: 'expected_status'
20:56:17 [INFO] src.modules.username_search: Found en-IN on Medium
20:56:17 [INFO] src.modules.username_search: Found en-IN on Instagram
20:56:18 [INFO] src.modules.username_search: Found en-IN on Steam
20:56:18 [INFO] src.modules.username_search: Found en-IN on Pinterest
20:56:18 [INFO] src.modules.username_search: Username search complete: en-IN → found on 4/12 platforms
20:56:18 [INFO] src.modules.google_dorks: Limiting patterns from 8 to 3 to avoid rate limiting
20:56:18 [INFO] src.modules.google_dorks: Searching for username 'en-IN' with 3 dork patterns
20:56:18 [INFO] src.modules.google_dorks: DuckDuckGo search found 0 results for pattern 'social_platforms'
20:56:18 [WARNING] src.modules.google_dorks: Pattern 'social_platforms' failed: None
20:56:19 [INFO] src.modules.google_dorks: DuckDuckGo search found 10 results for pattern 'simple_search'
20:56:19 [INFO] src.modules.google_dorks: Pattern 'simple_search' found 10 results
20:56:19 [INFO] src.modules.google_dorks: DuckDuckGo search found 10 results for pattern 'profile_pages'
20:56:19 [INFO] src.modules.google_dorks: Pattern 'profile_pages' found 10 results
20:56:19 [WARNING] src.modules.google_dorks: Limiting Google Dorks results from 20 to 10 to prevent exponential growth
20:56:19 [INFO] src.modules.google_dorks: Google Dorks search discovered 40 artifacts
20:56:19 [INFO] src.orchestrator: Google Dorks found 40 artifacts for username en-IN
20:56:19 [INFO] src.modules.google_dorks: Limiting patterns from 8 to 3 to avoid rate limiting
20:56:19 [INFO] src.modules.google_dorks: Searching for username 'en-IN' with 3 dork patterns
20:56:19 [ERROR] src.modules.username_search: Exception checking GitLab: 'expected_status'
20:56:19 [ERROR] src.modules.username_search: Exception checking Reddit: 'expected_status'
20:56:19 [INFO] src.modules.username_search: Found en-IN on Steam
20:56:19 [INFO] src.modules.username_search: Found en-IN on Instagram
20:56:19 [WARNING] src.modules.google_dorks: Google rate limited (429) for query: en-IN
20:56:19 [WARNING] src.modules.google_dorks: Pattern 'simple_search' failed: Rate limited by Google (429)
20:56:20 [INFO] src.modules.username_search: Found en-IN on Medium
20:56:20 [INFO] src.modules.username_search: Found en-IN on Pinterest
20:56:20 [INFO] src.modules.username_search: Username search complete: en-IN → found on 4/12 platforms
20:56:21 [WARNING] src.modules.google_dorks: Google rate limited (429) for query: site:twitter.com "en-IN" OR site:linkedin.com "en-IN" OR site:github.com "en-IN" OR site:instagram.com "en-IN"
20:56:21 [WARNING] src.modules.google_dorks: Pattern 'social_platforms' failed: Rate limited by Google (429)
20:56:21 [WARNING] src.modules.google_dorks: Google rate limited (429) for query: intitle:"profile" "en-IN" OR intitle:"user" "en-IN"
20:56:21 [WARNING] src.modules.google_dorks: Pattern 'profile_pages' failed: Rate limited by Google (429)
20:56:21 [INFO] src.modules.google_dorks: Google Dorks search discovered 0 artifacts
20:56:21 [INFO] src.orchestrator: Plugin system processed 2 plugins, discovered 0 artifacts
20:56:21 [INFO] src.orchestrator: Processing: username=advanced_search (depth=2, queue_size=2)
20:56:22 [INFO] src.modules.username_search: Found advanced_search on Steam
20:56:22 [ERROR] src.modules.username_search: Exception checking Reddit: 'expected_status'
20:56:22 [INFO] src.modules.username_search: Found advanced_search on Instagram
20:56:23 [INFO] src.modules.username_search: Found advanced_search on Pinterest
20:56:23 [ERROR] src.modules.username_search: Exception checking GitLab: 'expected_status'
20:56:23 [INFO] src.modules.username_search: Username search complete: advanced_search → found on 3/12 platforms
20:56:23 [INFO] src.modules.google_dorks: Limiting patterns from 8 to 3 to avoid rate limiting
20:56:23 [INFO] src.modules.google_dorks: Searching for username 'advanced_search' with 3 dork patterns
20:56:23 [INFO] src.modules.google_dorks: DuckDuckGo search found 0 results for pattern 'simple_search'
20:56:23 [WARNING] src.modules.google_dorks: Pattern 'simple_search' failed: None
20:56:23 [INFO] src.modules.google_dorks: DuckDuckGo search found 0 results for pattern 'social_platforms'
20:56:23 [WARNING] src.modules.google_dorks: Pattern 'social_platforms' failed: None
20:56:23 [INFO] src.modules.google_dorks: DuckDuckGo search found 0 results for pattern 'profile_pages'
20:56:23 [WARNING] src.modules.google_dorks: Pattern 'profile_pages' failed: None
20:56:23 [INFO] src.modules.google_dorks: Google Dorks search discovered 0 artifacts
20:56:23 [INFO] src.modules.google_dorks: Limiting patterns from 8 to 3 to avoid rate limiting
20:56:23 [INFO] src.modules.google_dorks: Searching for username 'advanced_search' with 3 dork patterns
20:56:23 [ERROR] src.modules.username_search: Exception checking Reddit: 'expected_status'
20:56:23 [ERROR] src.modules.username_search: Exception checking GitLab: 'expected_status'
20:56:23 [INFO] src.modules.username_search: Found advanced_search on Instagram
20:56:23 [INFO] src.modules.username_search: Found advanced_search on Pinterest
20:56:23 [INFO] src.modules.username_search: Found advanced_search on Medium
20:56:24 [WARNING] src.modules.google_dorks: Google rate limited (429) for query: advanced_search
20:56:24 [WARNING] src.modules.google_dorks: Pattern 'simple_search' failed: Rate limited by Google (429)
20:56:24 [INFO] src.modules.username_search: Found advanced_search on Steam
20:56:24 [INFO] src.modules.username_search: Username search complete: advanced_search → found on 4/12 platforms
20:56:25 [WARNING] src.modules.google_dorks: Google rate limited (429) for query: site:twitter.com "advanced_search" OR site:linkedin.com "advanced_search" OR site:github.com "advanced_search" OR site:instagram.com "advanced_search"
20:56:25 [WARNING] src.modules.google_dorks: Pattern 'social_platforms' failed: Rate limited by Google (429)
20:56:25 [WARNING] src.modules.google_dorks: Google rate limited (429) for query: intitle:"profile" "advanced_search" OR intitle:"user" "advanced_search"
20:56:25 [WARNING] src.modules.google_dorks: Pattern 'profile_pages' failed: Rate limited by Google (429)
20:56:25 [INFO] src.modules.google_dorks: Google Dorks search discovered 0 artifacts
20:56:25 [INFO] src.orchestrator: Plugin system processed 2 plugins, discovered 0 artifacts
20:56:25 [INFO] src.orchestrator: Processing: domain=google.com (depth=2, queue_size=1)
20:56:25 [WARNING] src.orchestrator: Unknown artifact type: domain
20:56:25 [ERROR] src.orchestrator: External tools processing failed for google.com: 'WhoisIntegration' object has no attribute 'search_username'
20:56:26 [INFO] src.orchestrator: Plugin system processed 2 plugins, discovered 6 artifacts
20:56:26 [INFO] src.orchestrator: Processing: ip=172.217.26.110 (depth=2, queue_size=0)
20:56:26 [WARNING] src.orchestrator: Unknown artifact type: ip
20:56:26 [INFO] src.orchestrator: Plugin system processed 1 plugins, discovered 0 artifacts
20:56:26 [INFO] src.orchestrator: BFS processing complete. Processed 194 artifacts
20:56:26 [INFO] src.orchestrator: Summary: 194 artifacts, 193 links, 342 platform presences
20:56:26 [INFO] src.modules.correlation: Correlation analysis: 194 artifacts, 193 links, 1 components
20:56:26 [INFO] src.orchestrator: Correlation analysis: 1 connected components, largest component size: 194
20:56:26 [INFO] src.orchestrator: Investigation INV-457e1194 complete: 194 artifacts, 193 links, 342 platforms, 0 risk indicators
20:56:26 [INFO] src.correlation.linker: Correlation complete: 194 nodes, 193 edges, 1 identities
20:56:26 [INFO] src.graph.visualizer: Graph saved to /var/folders/73/s7vzm9_d65n7bx0pjs4gmsmm0000gn/T/tmpkwp9lm4t.html (194 nodes, 193 edges)
20:56:26 [INFO] src.reporting.html_report: ============================================================
20:56:26 [INFO] src.reporting.html_report: INVESTIGATION RECOMMENDATIONS
20:56:26 [INFO] src.reporting.html_report: ============================================================
20:56:26 [INFO] src.reporting.html_report: [MEDIUM Priority - Platform Expansion]
20:56:26 [INFO] src.reporting.html_report:   Action: Expand platform search coverage
20:56:26 [INFO] src.reporting.html_report:   Details: Currently found on 8 platforms. Consider additional platform searches for broader coverage
20:56:26 [INFO] src.reporting.html_report: ------------------------------------------------------------
20:56:26 [INFO] src.reporting.html_report: HTML report saved to reports/INV-457e1194_report.html
