 4 files changed, 89 insertions(+), 3 deletions(-)
dhaya@Dhayas-MacBook-Pro gih % python -m src.cli investigate --username "dhayanidhi.r@gmail.com" --use-google-dorks  --search-engine duckduckgo

23:13:55 [INFO] root: Logging to file: logs/dhaya_20260801_231355.log
Starting investigation with 1 seed artifact(s)...
  Depth limit: 2
  Breach checks: enabled
  Username search: enabled
  External OSINT tools: enabled
  Graph correlation: NetworkX
  Google Dorks: enabled
  Search engine: duckduckgo
  Auto-report: enabled
  Report format: html

23:13:55 [INFO] src.orchestrator: Starting investigation with 1 seed artifact(s)
23:13:55 [INFO] src.orchestrator: Available external tools: 0
23:13:55 [INFO] src.orchestrator: Missing external tools: 35
23:13:55 [INFO] src.plugins.registry: Registered plugin: SherlockPlugin
23:13:55 [INFO] src.plugins.registry: Registered plugin: WhoisPlugin
23:13:55 [INFO] src.plugins.registry: Registered plugin: UsernameSearchPlugin
23:13:55 [INFO] src.plugins.registry: Registered plugin: ProfileImagePlugin
23:13:55 [INFO] src.plugins.registry: Registered plugin: TheHarvesterPlugin
23:13:55 [INFO] src.plugins.registry: Registered plugin: DigPlugin
23:13:55 [INFO] src.plugins.registry: Registered plugin: EmailBreachPlugin
23:13:55 [INFO] src.plugins.registry: Registered plugin: ImageMatchPlugin
23:13:55 [INFO] src.plugins.registry: Registered plugin: GoogleDorksPlugin
23:13:55 [INFO] src.plugins.registry: Registered plugin: ShodanPlugin
23:13:55 [INFO] src.plugins.registry: Registered plugin: PhoneValidationPlugin
23:13:56 [INFO] src.orchestrator: Available plugins: 8
23:13:56 [INFO] src.orchestrator: Created investigation: INV-dff41e32
23:13:56 [INFO] src.orchestrator: Starting BFS processing with 1 artifacts in queue
23:13:56 [INFO] src.orchestrator: Processing: username=dhayanidhi.r@gmail.com (depth=0, queue_size=0)
23:13:56 [ERROR] src.modules.username_search: Exception checking Reddit: 'expected_status'
23:13:56 [ERROR] src.modules.username_search: Exception checking GitLab: 'expected_status'
23:13:56 [INFO] src.modules.username_search: Found dhayanidhi.r@gmail.com on Medium
23:13:56 [INFO] src.modules.username_search: Found dhayanidhi.r@gmail.com on Instagram
23:13:56 [INFO] src.modules.username_search: Found dhayanidhi.r@gmail.com on Mastodon
23:13:56 [INFO] src.modules.username_search: Found dhayanidhi.r@gmail.com on Steam
23:13:56 [INFO] src.modules.username_search: Found dhayanidhi.r@gmail.com on HackerNews
23:13:57 [INFO] src.modules.username_search: Found dhayanidhi.r@gmail.com on Pinterest
23:13:57 [INFO] src.modules.username_search: Username search complete: dhayanidhi.r@gmail.com → found on 6/12 platforms
23:13:59 [INFO] src.modules.google_dorks: Limiting patterns from 8 to 3 to avoid rate limiting
23:13:59 [INFO] src.modules.google_dorks: Searching for username 'dhayanidhi.r@gmail.com' with 3 dork patterns
23:13:59 [INFO] src.modules.google_dorks: Pattern 'simple_search' found 10 results
23:14:00 [INFO] src.modules.google_dorks: DuckDuckGo search found 0 results for pattern 'social_platforms'
23:14:00 [WARNING] src.modules.google_dorks: Pattern 'social_platforms' failed: None
23:14:01 [INFO] src.modules.google_dorks: DuckDuckGo search found 0 results for pattern 'profile_pages'
23:14:01 [WARNING] src.modules.google_dorks: Pattern 'profile_pages' failed: None
23:14:01 [INFO] src.modules.google_dorks: Google Dorks search discovered 20 artifacts
23:14:01 [INFO] src.orchestrator: Google Dorks found 20 artifacts for username dhayanidhi.r@gmail.com
23:14:01 [INFO] src.modules.google_dorks: Limiting patterns from 8 to 3 to avoid rate limiting
23:14:01 [INFO] src.modules.google_dorks: Searching for username 'dhayanidhi.r@gmail.com' with 3 dork patterns
23:14:01 [INFO] src.modules.username_search: Found dhayanidhi.r@gmail.com on Medium
23:14:01 [INFO] src.modules.username_search: Found dhayanidhi.r@gmail.com on Instagram
23:14:01 [INFO] src.modules.username_search: Found dhayanidhi.r@gmail.com on HackerNews
23:14:01 [INFO] src.modules.username_search: Found dhayanidhi.r@gmail.com on Pinterest
23:14:01 [INFO] src.modules.username_search: Found dhayanidhi.r@gmail.com on Steam
23:14:01 [INFO] src.modules.username_search: Found dhayanidhi.r@gmail.com on Mastodon
23:14:01 [INFO] src.modules.google_dorks: Pattern 'simple_search' found 1 results
23:14:01 [INFO] src.modules.google_dorks: Pattern 'profile_pages' found 0 results
23:14:01 [INFO] src.modules.google_dorks: Pattern 'social_platforms' found 0 results
23:14:01 [INFO] src.modules.google_dorks: Google Dorks search discovered 2 artifacts
23:14:01 [ERROR] src.modules.username_search: Exception checking GitLab: 'expected_status'
23:14:01 [ERROR] src.modules.username_search: Exception checking Reddit: 'expected_status'
23:14:01 [INFO] src.modules.username_search: Username search complete: dhayanidhi.r@gmail.com → found on 6/12 platforms
23:14:01 [INFO] src.orchestrator: Plugin system processed 2 plugins, discovered 2 artifacts
23:14:01 [INFO] src.orchestrator: BFS processing complete. Processed 2 artifacts
23:14:01 [INFO] src.orchestrator: Processing batch of 5 artifacts concurrently
23:14:01 [INFO] src.orchestrator: Processing: platform_presence=https://www.instagram.com/dhayanidhi.r@gmail.com/ (depth=1, queue_size=17)
23:14:01 [INFO] src.orchestrator: Processing: platform_presence=https://medium.com/@dhayanidhi.r@gmail.com (depth=1, queue_size=17)
23:14:01 [INFO] src.orchestrator: Processing: image=https://files.mastodon.social/site_uploads/files/000/000/001/@1x/57c12f441d083cde.png (depth=1, queue_size=17)
23:14:01 [INFO] src.orchestrator: Processing: platform_presence=https://mastodon.social/@dhayanidhi.r@gmail.com (depth=1, queue_size=17)
23:14:01 [INFO] src.orchestrator: Processing: platform_presence=https://steamcommunity.com/id/dhayanidhi.r@gmail.com (depth=1, queue_size=17)
23:14:01 [INFO] src.plugins.builtins.profile_image_plugin: Extracting profile image from: https://www.instagram.com/dhayanidhi.r@gmail.com/
23:14:01 [INFO] src.plugins.builtins.profile_image_plugin: Extracting profile image from: https://medium.com/@dhayanidhi.r@gmail.com
23:14:01 [INFO] src.plugins.builtins.profile_image_plugin: Extracting profile image from: https://mastodon.social/@dhayanidhi.r@gmail.com
23:14:01 [INFO] src.plugins.builtins.profile_image_plugin: Extracting profile image from: https://steamcommunity.com/id/dhayanidhi.r@gmail.com
23:14:01 [WARNING] src.plugins.manager: No plugins available for artifact type: image
23:14:01 [INFO] src.orchestrator: Plugin system processed 0 plugins, discovered 0 artifacts
23:14:01 [INFO] src.orchestrator: Plugin system processed 1 plugins, discovered 0 artifacts
23:14:01 [INFO] src.orchestrator: Plugin system processed 1 plugins, discovered 0 artifacts
23:14:02 [INFO] src.plugins.builtins.profile_image_plugin: Found profile image for https://mastodon.social/@dhayanidhi.r@gmail.com: https://files.mastodon.social/site_uploads/files/000/000/001/@1x/57c12f441d083cde.png
23:14:02 [INFO] src.orchestrator: Plugin system processed 1 plugins, discovered 1 artifacts
23:14:02 [INFO] src.orchestrator: Plugin system processed 1 plugins, discovered 0 artifacts
23:14:02 [INFO] src.orchestrator: BFS processing complete. Processed 7 artifacts
23:14:02 [INFO] src.orchestrator: Processing batch of 5 artifacts concurrently
23:14:02 [INFO] src.orchestrator: Processing: domain=accounts.google.com (depth=1, queue_size=12)
23:14:02 [WARNING] src.orchestrator: Unknown artifact type: domain
23:14:02 [INFO] src.orchestrator: Processing: platform_presence=https://www.pinterest.com/dhayanidhi.r@gmail.com/ (depth=1, queue_size=12)
23:14:02 [INFO] src.orchestrator: Processing: username=Login (depth=1, queue_size=12)
23:14:02 [INFO] src.orchestrator: Processing: username=login?service=mail (depth=1, queue_size=12)
23:14:02 [INFO] src.orchestrator: Processing: platform_presence=https://news.ycombinator.com/user?id=dhayanidhi.r@gmail.com (depth=1, queue_size=12)
23:14:02 [INFO] src.plugins.builtins.profile_image_plugin: Extracting profile image from: https://news.ycombinator.com/user?id=dhayanidhi.r@gmail.com
23:14:02 [ERROR] src.orchestrator: External tools processing failed for accounts.google.com: 'WhoisIntegration' object has no attribute 'search_username'
23:14:02 [INFO] src.plugins.builtins.profile_image_plugin: Extracting profile image from: https://www.pinterest.com/dhayanidhi.r@gmail.com/
23:14:02 [ERROR] src.modules.username_search: Exception checking Reddit: 'expected_status'
23:14:02 [INFO] src.modules.username_search: Found Login on HackerNews
23:14:02 [INFO] src.orchestrator: Plugin system processed 2 plugins, discovered 6 artifacts
23:14:02 [ERROR] src.modules.username_search: Exception checking Reddit: 'expected_status'
23:14:02 [ERROR] src.modules.username_search: Exception checking GitLab: 'expected_status'
23:14:02 [ERROR] src.modules.username_search: Exception checking GitLab: 'expected_status'
23:14:02 [INFO] src.modules.username_search: Found Login on Instagram
23:14:02 [INFO] src.modules.username_search: Found Login on Mastodon
23:14:02 [INFO] src.modules.username_search: Found Login on Keybase
23:14:03 [INFO] src.modules.username_search: Found login?service=mail on HackerNews
23:14:03 [INFO] src.modules.username_search: Found login?service=mail on Mastodon
23:14:03 [INFO] src.modules.username_search: Found login?service=mail on LinkedIn
23:14:03 [INFO] src.modules.username_search: Found login?service=mail on Instagram
23:14:03 [INFO] src.orchestrator: Plugin system processed 1 plugins, discovered 0 artifacts
23:14:03 [INFO] src.modules.username_search: Found Login on Pinterest
23:14:03 [INFO] src.modules.username_search: Found login?service=mail on Medium
23:14:03 [INFO] src.modules.username_search: Found login?service=mail on Keybase
23:14:03 [INFO] src.modules.username_search: Username search complete: login?service=mail → found on 6/12 platforms
23:14:03 [INFO] src.modules.username_search: Found Login on Medium
23:14:03 [INFO] src.modules.username_search: Username search complete: Login → found on 6/12 platforms
23:14:03 [INFO] src.orchestrator: Plugin system processed 1 plugins, discovered 0 artifacts
23:14:05 [INFO] src.modules.google_dorks: Limiting patterns from 8 to 3 to avoid rate limiting
23:14:05 [INFO] src.modules.google_dorks: Searching for username 'login?service=mail' with 3 dork patterns
23:14:05 [INFO] src.modules.google_dorks: Pattern 'simple_search' found 10 results
23:14:05 [INFO] src.modules.google_dorks: DuckDuckGo search found 0 results for pattern 'social_platforms'
23:14:05 [WARNING] src.modules.google_dorks: Pattern 'social_platforms' failed: None
23:14:05 [INFO] src.modules.google_dorks: DuckDuckGo search found 0 results for pattern 'profile_pages'
23:14:05 [WARNING] src.modules.google_dorks: Pattern 'profile_pages' failed: None
23:14:05 [INFO] src.modules.google_dorks: Google Dorks search discovered 20 artifacts
23:14:05 [INFO] src.orchestrator: Google Dorks found 20 artifacts for username login?service=mail
23:14:05 [INFO] src.modules.google_dorks: Limiting patterns from 8 to 3 to avoid rate limiting
23:14:05 [INFO] src.modules.google_dorks: Searching for username 'login?service=mail' with 3 dork patterns
23:14:05 [INFO] src.modules.username_search: Found login?service=mail on HackerNews
23:14:05 [INFO] src.modules.username_search: Found login?service=mail on Medium
23:14:05 [INFO] src.modules.username_search: Found login?service=mail on LinkedIn
23:14:05 [INFO] src.modules.username_search: Found login?service=mail on Instagram
23:14:05 [INFO] src.modules.username_search: Found login?service=mail on Keybase
23:14:05 [INFO] src.modules.username_search: Found login?service=mail on Mastodon
23:14:05 [INFO] src.modules.google_dorks: Pattern 'profile_pages' found 1 results
23:14:05 [INFO] src.modules.google_dorks: Pattern 'social_platforms' found 1 results
23:14:05 [INFO] src.modules.google_dorks: Pattern 'simple_search' found 1 results
23:14:05 [INFO] src.modules.google_dorks: Google Dorks search discovered 6 artifacts
23:14:05 [ERROR] src.modules.username_search: Exception checking Reddit: 'expected_status'
23:14:05 [ERROR] src.modules.username_search: Exception checking GitLab: 'expected_status'
23:14:05 [INFO] src.modules.username_search: Username search complete: login?service=mail → found on 6/12 platforms
23:14:05 [INFO] src.orchestrator: Plugin system processed 2 plugins, discovered 6 artifacts
23:14:06 [INFO] src.modules.google_dorks: Limiting patterns from 8 to 3 to avoid rate limiting
23:14:06 [INFO] src.modules.google_dorks: Searching for username 'Login' with 3 dork patterns
23:14:06 [INFO] src.modules.google_dorks: Pattern 'simple_search' found 10 results
23:14:06 [INFO] src.modules.google_dorks: Pattern 'profile_pages' found 5 results
23:14:06 [INFO] src.modules.google_dorks: DuckDuckGo search found 0 results for pattern 'social_platforms'
23:14:06 [WARNING] src.modules.google_dorks: Pattern 'social_platforms' failed: None
23:14:06 [WARNING] src.modules.google_dorks: Limiting Google Dorks results from 15 to 10 to prevent exponential growth
23:14:06 [INFO] src.modules.google_dorks: Google Dorks search discovered 30 artifacts
23:14:06 [INFO] src.orchestrator: Google Dorks found 30 artifacts for username Login
23:14:06 [INFO] src.modules.google_dorks: Limiting patterns from 8 to 3 to avoid rate limiting
23:14:06 [INFO] src.modules.google_dorks: Searching for username 'Login' with 3 dork patterns
23:14:06 [INFO] src.modules.username_search: Found Login on HackerNews
23:14:06 [INFO] src.modules.username_search: Found Login on Medium
23:14:06 [INFO] src.modules.username_search: Found Login on Instagram
23:14:06 [INFO] src.modules.username_search: Found Login on Mastodon
23:14:06 [INFO] src.modules.username_search: Found Login on Pinterest
23:14:06 [INFO] src.modules.username_search: Found Login on Keybase
23:14:06 [INFO] src.modules.google_dorks: Pattern 'simple_search' found 1 results
23:14:06 [INFO] src.modules.google_dorks: Pattern 'social_platforms' found 1 results
23:14:06 [INFO] src.modules.google_dorks: Pattern 'profile_pages' found 1 results
23:14:06 [INFO] src.modules.google_dorks: Google Dorks search discovered 6 artifacts
23:14:06 [ERROR] src.modules.username_search: Exception checking Reddit: 'expected_status'
23:14:06 [ERROR] src.modules.username_search: Exception checking GitLab: 'expected_status'
23:14:06 [INFO] src.modules.username_search: Username search complete: Login → found on 6/12 platforms
23:14:06 [INFO] src.orchestrator: Plugin system processed 2 plugins, discovered 6 artifacts
23:14:06 [INFO] src.orchestrator: BFS processing complete. Processed 12 artifacts
23:14:06 [INFO] src.orchestrator: Processing batch of 5 artifacts concurrently
23:14:06 [INFO] src.orchestrator: Processing: username=r.dhayanidhi.5 (depth=1, queue_size=60)
23:14:06 [INFO] src.orchestrator: Processing: username=dhayanidhir.r.9 (depth=1, queue_size=60)
23:14:06 [INFO] src.orchestrator: Processing: username=dhayanidhi-r-4200b5286 (depth=1, queue_size=60)
23:14:06 [INFO] src.orchestrator: Processing: domain=facebook.com (depth=1, queue_size=60)
23:14:06 [WARNING] src.orchestrator: Unknown artifact type: domain
23:14:06 [INFO] src.orchestrator: Processing: domain=in.linkedin.com (depth=1, queue_size=60)
23:14:06 [WARNING] src.orchestrator: Unknown artifact type: domain
23:14:06 [ERROR] src.orchestrator: External tools processing failed for facebook.com: 'WhoisIntegration' object has no attribute 'search_username'
23:14:06 [ERROR] src.orchestrator: External tools processing failed for in.linkedin.com: 'WhoisIntegration' object has no attribute 'search_username'
23:14:07 [INFO] src.modules.username_search: Found dhayanidhi-r-4200b5286 on HackerNews
23:14:07 [INFO] src.modules.username_search: Found r.dhayanidhi.5 on HackerNews
23:14:07 [INFO] src.modules.username_search: Found dhayanidhir.r.9 on HackerNews
23:14:07 [INFO] src.orchestrator: Plugin system processed 2 plugins, discovered 11 artifacts
23:14:07 [INFO] src.orchestrator: Plugin system processed 2 plugins, discovered 6 artifacts
23:14:07 [ERROR] src.modules.username_search: Exception checking GitLab: 'expected_status'
23:14:07 [ERROR] src.modules.username_search: Exception checking Reddit: 'expected_status'
23:14:07 [ERROR] src.modules.username_search: Exception checking GitLab: 'expected_status'
23:14:07 [ERROR] src.modules.username_search: Exception checking Reddit: 'expected_status'
23:14:07 [INFO] src.modules.username_search: Found r.dhayanidhi.5 on Medium
23:14:07 [INFO] src.modules.username_search: Found r.dhayanidhi.5 on Instagram
23:14:07 [INFO] src.modules.username_search: Found dhayanidhi-r-4200b5286 on Instagram
23:14:07 [INFO] src.modules.username_search: Found r.dhayanidhi.5 on Mastodon
23:14:07 [INFO] src.modules.username_search: Found r.dhayanidhi.5 on Steam
23:14:07 [ERROR] src.modules.username_search: Exception checking GitLab: 'expected_status'
23:14:07 [INFO] src.modules.username_search: Found dhayanidhi-r-4200b5286 on Pinterest
23:14:07 [INFO] src.modules.username_search: Found dhayanidhir.r.9 on Steam
23:14:07 [INFO] src.modules.username_search: Found dhayanidhi-r-4200b5286 on Steam
23:14:07 [INFO] src.modules.username_search: Found r.dhayanidhi.5 on Pinterest
23:14:07 [INFO] src.modules.username_search: Username search complete: r.dhayanidhi.5 → found on 6/12 platforms
23:14:07 [INFO] src.modules.username_search: Found dhayanidhi-r-4200b5286 on Medium
23:14:07 [INFO] src.modules.username_search: Found dhayanidhir.r.9 on Pinterest
23:14:07 [INFO] src.modules.username_search: Found dhayanidhir.r.9 on Instagram
23:14:07 [INFO] src.modules.username_search: Found dhayanidhir.r.9 on Mastodon
23:14:07 [ERROR] src.modules.username_search: Exception checking Reddit: 'expected_status'
23:14:07 [INFO] src.modules.username_search: Username search complete: dhayanidhi-r-4200b5286 → found on 5/12 platforms
23:14:09 [INFO] src.modules.username_search: Found dhayanidhir.r.9 on Medium
23:14:09 [INFO] src.modules.username_search: Username search complete: dhayanidhir.r.9 → found on 6/12 platforms
23:14:10 [INFO] src.modules.google_dorks: Limiting patterns from 8 to 3 to avoid rate limiting
23:14:10 [INFO] src.modules.google_dorks: Searching for username 'dhayanidhi-r-4200b5286' with 3 dork patterns
23:14:10 [INFO] src.modules.google_dorks: Pattern 'simple_search' found 10 results
23:14:10 [INFO] src.modules.google_dorks: DuckDuckGo search found 0 results for pattern 'social_platforms'
23:14:10 [WARNING] src.modules.google_dorks: Pattern 'social_platforms' failed: None
23:14:10 [INFO] src.modules.google_dorks: DuckDuckGo search found 0 results for pattern 'profile_pages'
23:14:10 [WARNING] src.modules.google_dorks: Pattern 'profile_pages' failed: None
23:14:10 [INFO] src.modules.google_dorks: Google Dorks search discovered 20 artifacts
23:14:10 [INFO] src.orchestrator: Google Dorks found 20 artifacts for username dhayanidhi-r-4200b5286
23:14:10 [INFO] src.modules.google_dorks: Limiting patterns from 8 to 3 to avoid rate limiting
23:14:10 [INFO] src.modules.google_dorks: Searching for username 'dhayanidhi-r-4200b5286' with 3 dork patterns
23:14:10 [INFO] src.modules.username_search: Found dhayanidhi-r-4200b5286 on HackerNews
23:14:10 [INFO] src.modules.username_search: Found dhayanidhi-r-4200b5286 on Instagram
23:14:10 [INFO] src.modules.username_search: Found dhayanidhi-r-4200b5286 on Medium
23:14:10 [INFO] src.modules.username_search: Found dhayanidhi-r-4200b5286 on Pinterest
23:14:10 [INFO] src.modules.username_search: Found dhayanidhi-r-4200b5286 on Steam
23:14:10 [INFO] src.modules.google_dorks: Pattern 'social_platforms' found 1 results
23:14:10 [INFO] src.modules.google_dorks: Pattern 'profile_pages' found 1 results
23:14:10 [INFO] src.modules.google_dorks: Pattern 'simple_search' found 1 results
23:14:10 [INFO] src.modules.google_dorks: Google Dorks search discovered 6 artifacts
23:14:10 [ERROR] src.modules.username_search: Exception checking Reddit: 'expected_status'
23:14:10 [ERROR] src.modules.username_search: Exception checking GitLab: 'expected_status'
23:14:10 [INFO] src.modules.username_search: Username search complete: dhayanidhi-r-4200b5286 → found on 5/12 platforms
23:14:10 [INFO] src.orchestrator: Plugin system processed 2 plugins, discovered 6 artifacts
23:14:11 [INFO] src.modules.google_dorks: Limiting patterns from 8 to 3 to avoid rate limiting
23:14:11 [INFO] src.modules.google_dorks: Searching for username 'r.dhayanidhi.5' with 3 dork patterns
23:14:11 [INFO] src.modules.google_dorks: Pattern 'simple_search' found 10 results
23:14:11 [INFO] src.modules.google_dorks: DuckDuckGo search found 0 results for pattern 'profile_pages'
23:14:11 [INFO] src.modules.google_dorks: DuckDuckGo search found 0 results for pattern 'social_platforms'
23:14:11 [WARNING] src.modules.google_dorks: Pattern 'profile_pages' failed: None
23:14:11 [WARNING] src.modules.google_dorks: Pattern 'social_platforms' failed: None
23:14:11 [INFO] src.modules.google_dorks: Google Dorks search discovered 20 artifacts
23:14:11 [INFO] src.orchestrator: Google Dorks found 20 artifacts for username r.dhayanidhi.5
23:14:11 [INFO] src.modules.google_dorks: Limiting patterns from 8 to 3 to avoid rate limiting
23:14:11 [INFO] src.modules.google_dorks: Searching for username 'r.dhayanidhi.5' with 3 dork patterns
23:14:11 [INFO] src.modules.google_dorks: Pattern 'social_platforms' found 1 results
23:14:11 [INFO] src.modules.google_dorks: Pattern 'profile_pages' found 1 results
23:14:11 [INFO] src.modules.username_search: Found r.dhayanidhi.5 on HackerNews
23:14:11 [INFO] src.modules.username_search: Found r.dhayanidhi.5 on Instagram
23:14:11 [INFO] src.modules.username_search: Found r.dhayanidhi.5 on Medium
23:14:11 [INFO] src.modules.username_search: Found r.dhayanidhi.5 on Pinterest
23:14:11 [INFO] src.modules.username_search: Found r.dhayanidhi.5 on Steam
23:14:11 [INFO] src.modules.username_search: Found r.dhayanidhi.5 on Mastodon
23:14:11 [INFO] src.modules.google_dorks: Pattern 'simple_search' found 1 results
23:14:11 [INFO] src.modules.google_dorks: Google Dorks search discovered 6 artifacts
23:14:11 [INFO] src.modules.google_dorks: Limiting patterns from 8 to 3 to avoid rate limiting
23:14:11 [INFO] src.modules.google_dorks: Searching for username 'dhayanidhir.r.9' with 3 dork patterns
23:14:11 [INFO] src.modules.google_dorks: Pattern 'simple_search' found 10 results
23:14:11 [ERROR] src.modules.username_search: Exception checking Reddit: 'expected_status'
23:14:11 [ERROR] src.modules.username_search: Exception checking GitLab: 'expected_status'
23:14:11 [INFO] src.modules.username_search: Username search complete: r.dhayanidhi.5 → found on 6/12 platforms
23:14:11 [INFO] src.orchestrator: Plugin system processed 2 plugins, discovered 6 artifacts
23:14:11 [INFO] src.modules.google_dorks: DuckDuckGo search found 0 results for pattern 'profile_pages'
23:14:11 [INFO] src.modules.google_dorks: DuckDuckGo search found 0 results for pattern 'social_platforms'
23:14:11 [WARNING] src.modules.google_dorks: Pattern 'social_platforms' failed: None
23:14:11 [WARNING] src.modules.google_dorks: Pattern 'profile_pages' failed: None
23:14:11 [INFO] src.modules.google_dorks: Google Dorks search discovered 20 artifacts
23:14:11 [INFO] src.orchestrator: Google Dorks found 20 artifacts for username dhayanidhir.r.9
23:14:11 [INFO] src.modules.google_dorks: Limiting patterns from 8 to 3 to avoid rate limiting
23:14:11 [INFO] src.modules.google_dorks: Searching for username 'dhayanidhir.r.9' with 3 dork patterns
23:14:11 [INFO] src.modules.username_search: Found dhayanidhir.r.9 on Instagram
23:14:11 [INFO] src.modules.username_search: Found dhayanidhir.r.9 on Medium
23:14:11 [INFO] src.modules.username_search: Found dhayanidhir.r.9 on HackerNews
23:14:11 [INFO] src.modules.username_search: Found dhayanidhir.r.9 on Pinterest
23:14:11 [INFO] src.modules.username_search: Found dhayanidhir.r.9 on Steam
23:14:11 [INFO] src.modules.username_search: Found dhayanidhir.r.9 on Mastodon
23:14:11 [INFO] src.modules.google_dorks: Pattern 'simple_search' found 1 results
23:14:11 [INFO] src.modules.google_dorks: Pattern 'profile_pages' found 1 results
23:14:11 [INFO] src.modules.google_dorks: Pattern 'social_platforms' found 1 results
23:14:11 [INFO] src.modules.google_dorks: Google Dorks search discovered 6 artifacts
23:14:12 [ERROR] src.modules.username_search: Exception checking Reddit: 'expected_status'
23:14:12 [ERROR] src.modules.username_search: Exception checking GitLab: 'expected_status'
23:14:12 [INFO] src.modules.username_search: Username search complete: dhayanidhir.r.9 → found on 6/12 platforms
23:14:12 [INFO] src.orchestrator: Plugin system processed 2 plugins, discovered 6 artifacts
23:14:12 [INFO] src.orchestrator: BFS processing complete. Processed 17 artifacts
23:14:12 [INFO] src.orchestrator: Processing batch of 5 artifacts concurrently
23:14:12 [INFO] src.orchestrator: Processing: username=dhayanidhi-r-830a8221a (depth=1, queue_size=119)
23:14:12 [INFO] src.orchestrator: Processing: username=dhayanidhi-r-17b862238 (depth=1, queue_size=119)
23:14:12 [INFO] src.orchestrator: Processing: username=dhayanidhi-r-5aa086296 (depth=1, queue_size=119)
23:14:12 [INFO] src.orchestrator: Processing: username=dhayanidhi-r-2a7b473b4 (depth=1, queue_size=119)
23:14:12 [INFO] src.orchestrator: Processing: username=dhayanidhi-r-766b43255 (depth=1, queue_size=119)
23:14:12 [INFO] src.modules.username_search: Found dhayanidhi-r-2a7b473b4 on HackerNews
23:14:12 [INFO] src.modules.username_search: Found dhayanidhi-r-830a8221a on HackerNews
23:14:12 [INFO] src.modules.username_search: Found dhayanidhi-r-5aa086296 on HackerNews
23:14:12 [INFO] src.modules.username_search: Found dhayanidhi-r-2a7b473b4 on Steam
23:14:12 [ERROR] src.modules.username_search: Exception checking GitLab: 'expected_status'
23:14:12 [ERROR] src.modules.username_search: Exception checking GitLab: 'expected_status'
23:14:12 [ERROR] src.modules.username_search: Exception checking GitLab: 'expected_status'
23:14:12 [ERROR] src.modules.username_search: Exception checking Reddit: 'expected_status'
23:14:12 [INFO] src.modules.username_search: Found dhayanidhi-r-830a8221a on Instagram
23:14:12 [ERROR] src.modules.username_search: Exception checking Reddit: 'expected_status'
23:14:12 [INFO] src.modules.username_search: Found dhayanidhi-r-5aa086296 on Pinterest
23:14:12 [INFO] src.modules.username_search: Found dhayanidhi-r-5aa086296 on Instagram
23:14:12 [INFO] src.modules.username_search: Found dhayanidhi-r-830a8221a on Steam
23:14:12 [INFO] src.modules.username_search: Found dhayanidhi-r-5aa086296 on Steam
23:14:12 [ERROR] src.modules.username_search: Exception checking GitLab: 'expected_status'
23:14:12 [ERROR] src.modules.username_search: Exception checking GitLab: 'expected_status'
23:14:12 [ERROR] src.modules.username_search: Exception checking Reddit: 'expected_status'
23:14:12 [INFO] src.modules.username_search: Found dhayanidhi-r-830a8221a on Medium
23:14:12 [ERROR] src.modules.username_search: Exception checking Reddit: 'expected_status'
23:14:12 [INFO] src.modules.username_search: Found dhayanidhi-r-2a7b473b4 on Instagram
23:14:12 [INFO] src.modules.username_search: Found dhayanidhi-r-830a8221a on Pinterest
23:14:12 [INFO] src.modules.username_search: Found dhayanidhi-r-2a7b473b4 on Pinterest
23:14:12 [INFO] src.modules.username_search: Username search complete: dhayanidhi-r-2a7b473b4 → found on 4/12 platforms
23:14:12 [INFO] src.modules.username_search: Found dhayanidhi-r-17b862238 on Steam
23:14:12 [INFO] src.modules.username_search: Found dhayanidhi-r-766b43255 on Steam
23:14:12 [ERROR] src.modules.username_search: Exception checking Reddit: 'expected_status'
23:14:12 [INFO] src.modules.username_search: Username search complete: dhayanidhi-r-830a8221a → found on 5/12 platforms
23:14:13 [INFO] src.modules.username_search: Found dhayanidhi-r-5aa086296 on Medium
23:14:13 [INFO] src.modules.username_search: Username search complete: dhayanidhi-r-5aa086296 → found on 5/12 platforms
23:14:13 [INFO] src.modules.username_search: Found dhayanidhi-r-766b43255 on Medium
23:14:13 [INFO] src.modules.username_search: Found dhayanidhi-r-17b862238 on HackerNews
23:14:13 [INFO] src.modules.username_search: Found dhayanidhi-r-17b862238 on Pinterest
23:14:13 [INFO] src.modules.username_search: Found dhayanidhi-r-766b43255 on HackerNews
23:14:13 [INFO] src.modules.username_search: Found dhayanidhi-r-17b862238 on Instagram
23:14:13 [INFO] src.modules.username_search: Found dhayanidhi-r-766b43255 on Instagram
23:14:13 [INFO] src.modules.username_search: Found dhayanidhi-r-766b43255 on Pinterest
23:14:13 [INFO] src.modules.username_search: Username search complete: dhayanidhi-r-766b43255 → found on 5/12 platforms
23:14:13 [INFO] src.modules.username_search: Found dhayanidhi-r-17b862238 on Medium
23:14:13 [INFO] src.modules.username_search: Username search complete: dhayanidhi-r-17b862238 → found on 5/12 platforms
23:14:14 [INFO] src.modules.google_dorks: Limiting patterns from 8 to 3 to avoid rate limiting
23:14:14 [INFO] src.modules.google_dorks: Searching for username 'dhayanidhi-r-2a7b473b4' with 3 dork patterns
23:14:14 [INFO] src.modules.google_dorks: Pattern 'simple_search' found 10 results
23:14:14 [INFO] src.modules.google_dorks: Limiting patterns from 8 to 3 to avoid rate limiting
23:14:14 [INFO] src.modules.google_dorks: Searching for username 'dhayanidhi-r-830a8221a' with 3 dork patterns
23:14:14 [INFO] src.modules.google_dorks: Pattern 'simple_search' found 10 results
23:14:14 [INFO] src.modules.google_dorks: DuckDuckGo search found 0 results for pattern 'social_platforms'
23:14:14 [WARNING] src.modules.google_dorks: Pattern 'social_platforms' failed: None
23:14:14 [INFO] src.modules.google_dorks: DuckDuckGo search found 0 results for pattern 'profile_pages'
23:14:14 [WARNING] src.modules.google_dorks: Pattern 'profile_pages' failed: None
23:14:14 [INFO] src.modules.google_dorks: Google Dorks search discovered 20 artifacts
23:14:14 [INFO] src.orchestrator: Google Dorks found 20 artifacts for username dhayanidhi-r-2a7b473b4
23:14:14 [INFO] src.modules.google_dorks: DuckDuckGo search found 0 results for pattern 'profile_pages'
23:14:14 [WARNING] src.modules.google_dorks: Pattern 'profile_pages' failed: None
23:14:14 [INFO] src.modules.google_dorks: Limiting patterns from 8 to 3 to avoid rate limiting
23:14:14 [INFO] src.modules.google_dorks: Searching for username 'dhayanidhi-r-2a7b473b4' with 3 dork patterns
23:14:14 [INFO] src.modules.username_search: Found dhayanidhi-r-2a7b473b4 on HackerNews
23:14:14 [INFO] src.modules.username_search: Found dhayanidhi-r-2a7b473b4 on Instagram
23:14:14 [INFO] src.modules.username_search: Found dhayanidhi-r-2a7b473b4 on Pinterest
23:14:14 [INFO] src.modules.username_search: Found dhayanidhi-r-2a7b473b4 on Steam
23:14:14 [INFO] src.modules.google_dorks: Limiting patterns from 8 to 3 to avoid rate limiting
23:14:14 [INFO] src.modules.google_dorks: Searching for username 'dhayanidhi-r-766b43255' with 3 dork patterns
23:14:14 [INFO] src.modules.google_dorks: Pattern 'profile_pages' found 1 results
23:14:14 [INFO] src.modules.google_dorks: Pattern 'social_platforms' found 1 results
23:14:14 [INFO] src.modules.google_dorks: Pattern 'simple_search' found 10 results
23:14:14 [INFO] src.modules.google_dorks: Pattern 'simple_search' found 1 results
23:14:14 [INFO] src.modules.google_dorks: Google Dorks search discovered 6 artifacts
23:14:14 [INFO] src.modules.google_dorks: DuckDuckGo search found 0 results for pattern 'social_platforms'
23:14:14 [WARNING] src.modules.google_dorks: Pattern 'social_platforms' failed: None
23:14:14 [INFO] src.modules.google_dorks: Google Dorks search discovered 20 artifacts
23:14:14 [INFO] src.orchestrator: Google Dorks found 20 artifacts for username dhayanidhi-r-830a8221a
23:14:14 [INFO] src.modules.google_dorks: Limiting patterns from 8 to 3 to avoid rate limiting
23:14:14 [INFO] src.modules.google_dorks: Searching for username 'dhayanidhi-r-830a8221a' with 3 dork patterns
23:14:14 [INFO] src.modules.username_search: Found dhayanidhi-r-830a8221a on Instagram
23:14:14 [INFO] src.modules.username_search: Found dhayanidhi-r-830a8221a on HackerNews
23:14:14 [INFO] src.modules.username_search: Found dhayanidhi-r-830a8221a on Medium
23:14:14 [INFO] src.modules.username_search: Found dhayanidhi-r-830a8221a on Pinterest
23:14:14 [INFO] src.modules.username_search: Found dhayanidhi-r-830a8221a on Steam
23:14:14 [INFO] src.modules.google_dorks: Pattern 'social_platforms' found 1 results
23:14:14 [INFO] src.modules.google_dorks: Pattern 'profile_pages' found 1 results
23:14:14 [INFO] src.modules.google_dorks: Pattern 'simple_search' found 1 results
23:14:14 [INFO] src.modules.google_dorks: Google Dorks search discovered 6 artifacts
23:14:15 [INFO] src.modules.google_dorks: DuckDuckGo search found 0 results for pattern 'profile_pages'
23:14:15 [INFO] src.modules.google_dorks: DuckDuckGo search found 0 results for pattern 'social_platforms'
23:14:15 [WARNING] src.modules.google_dorks: Pattern 'profile_pages' failed: None
23:14:15 [WARNING] src.modules.google_dorks: Pattern 'social_platforms' failed: None
23:14:15 [INFO] src.modules.google_dorks: Google Dorks search discovered 20 artifacts
23:14:15 [INFO] src.orchestrator: Google Dorks found 20 artifacts for username dhayanidhi-r-766b43255
23:14:15 [INFO] src.modules.google_dorks: Limiting patterns from 8 to 3 to avoid rate limiting
23:14:15 [INFO] src.modules.google_dorks: Searching for username 'dhayanidhi-r-766b43255' with 3 dork patterns
23:14:15 [INFO] src.modules.username_search: Found dhayanidhi-r-766b43255 on Medium
23:14:15 [INFO] src.modules.username_search: Found dhayanidhi-r-766b43255 on HackerNews
23:14:15 [INFO] src.modules.username_search: Found dhayanidhi-r-766b43255 on Instagram
23:14:15 [INFO] src.modules.username_search: Found dhayanidhi-r-766b43255 on Pinterest
23:14:15 [INFO] src.modules.username_search: Found dhayanidhi-r-766b43255 on Steam
23:14:15 [INFO] src.modules.google_dorks: Pattern 'simple_search' found 1 results
23:14:15 [INFO] src.modules.google_dorks: Pattern 'profile_pages' found 1 results
23:14:15 [INFO] src.modules.google_dorks: Pattern 'social_platforms' found 1 results
23:14:15 [INFO] src.modules.google_dorks: Google Dorks search discovered 6 artifacts
23:14:15 [ERROR] src.modules.username_search: Exception checking GitLab: 'expected_status'
23:14:15 [ERROR] src.modules.username_search: Exception checking Reddit: 'expected_status'
23:14:15 [INFO] src.modules.username_search: Username search complete: dhayanidhi-r-2a7b473b4 → found on 4/12 platforms
23:14:15 [INFO] src.orchestrator: Plugin system processed 2 plugins, discovered 6 artifacts
23:14:15 [ERROR] src.modules.username_search: Exception checking Reddit: 'expected_status'
23:14:15 [ERROR] src.modules.username_search: Exception checking Reddit: 'expected_status'
23:14:15 [ERROR] src.modules.username_search: Exception checking GitLab: 'expected_status'
23:14:15 [INFO] src.modules.username_search: Username search complete: dhayanidhi-r-766b43255 → found on 5/12 platforms
23:14:15 [INFO] src.orchestrator: Plugin system processed 2 plugins, discovered 6 artifacts
23:14:15 [ERROR] src.modules.username_search: Exception checking GitLab: 'expected_status'
23:14:15 [INFO] src.modules.username_search: Username search complete: dhayanidhi-r-830a8221a → found on 5/12 platforms
23:14:15 [INFO] src.orchestrator: Plugin system processed 2 plugins, discovered 6 artifacts
23:14:15 [INFO] src.modules.google_dorks: Limiting patterns from 8 to 3 to avoid rate limiting
23:14:15 [INFO] src.modules.google_dorks: Searching for username 'dhayanidhi-r-5aa086296' with 3 dork patterns
23:14:15 [INFO] src.modules.google_dorks: Pattern 'simple_search' found 10 results
23:14:15 [INFO] src.modules.google_dorks: DuckDuckGo search found 0 results for pattern 'profile_pages'
23:14:15 [WARNING] src.modules.google_dorks: Pattern 'profile_pages' failed: None
23:14:16 [INFO] src.modules.google_dorks: DuckDuckGo search found 0 results for pattern 'social_platforms'
23:14:16 [WARNING] src.modules.google_dorks: Pattern 'social_platforms' failed: None
23:14:16 [INFO] src.modules.google_dorks: Google Dorks search discovered 20 artifacts
23:14:16 [INFO] src.orchestrator: Google Dorks found 20 artifacts for username dhayanidhi-r-5aa086296
23:14:16 [INFO] src.modules.google_dorks: Limiting patterns from 8 to 3 to avoid rate limiting
23:14:16 [INFO] src.modules.google_dorks: Searching for username 'dhayanidhi-r-5aa086296' with 3 dork patterns
23:14:16 [INFO] src.modules.username_search: Found dhayanidhi-r-5aa086296 on Instagram
23:14:16 [INFO] src.modules.username_search: Found dhayanidhi-r-5aa086296 on HackerNews
23:14:16 [INFO] src.modules.username_search: Found dhayanidhi-r-5aa086296 on Medium
23:14:16 [INFO] src.modules.username_search: Found dhayanidhi-r-5aa086296 on Pinterest
23:14:16 [INFO] src.modules.username_search: Found dhayanidhi-r-5aa086296 on Steam
23:14:16 [INFO] src.modules.google_dorks: Pattern 'simple_search' found 1 results
23:14:16 [INFO] src.modules.google_dorks: Pattern 'profile_pages' found 1 results
23:14:16 [INFO] src.modules.google_dorks: Pattern 'social_platforms' found 1 results
23:14:16 [INFO] src.modules.google_dorks: Google Dorks search discovered 6 artifacts
23:14:16 [INFO] src.modules.google_dorks: Limiting patterns from 8 to 3 to avoid rate limiting
23:14:16 [INFO] src.modules.google_dorks: Searching for username 'dhayanidhi-r-17b862238' with 3 dork patterns
23:14:16 [INFO] src.modules.google_dorks: Pattern 'simple_search' found 10 results
23:14:16 [INFO] src.modules.google_dorks: DuckDuckGo search found 0 results for pattern 'social_platforms'
23:14:16 [INFO] src.modules.google_dorks: DuckDuckGo search found 0 results for pattern 'profile_pages'
23:14:16 [ERROR] src.modules.username_search: Exception checking GitLab: 'expected_status'
23:14:16 [WARNING] src.modules.google_dorks: Pattern 'social_platforms' failed: None
23:14:16 [ERROR] src.modules.username_search: Exception checking Reddit: 'expected_status'
23:14:16 [WARNING] src.modules.google_dorks: Pattern 'profile_pages' failed: None
23:14:16 [INFO] src.modules.google_dorks: Google Dorks search discovered 20 artifacts
23:14:16 [INFO] src.orchestrator: Google Dorks found 20 artifacts for username dhayanidhi-r-17b862238
23:14:16 [INFO] src.modules.username_search: Username search complete: dhayanidhi-r-5aa086296 → found on 5/12 platforms
23:14:16 [INFO] src.orchestrator: Plugin system processed 2 plugins, discovered 6 artifacts
23:14:16 [INFO] src.modules.google_dorks: Limiting patterns from 8 to 3 to avoid rate limiting
23:14:16 [INFO] src.modules.google_dorks: Searching for username 'dhayanidhi-r-17b862238' with 3 dork patterns
23:14:16 [INFO] src.modules.username_search: Found dhayanidhi-r-17b862238 on Instagram
23:14:16 [INFO] src.modules.username_search: Found dhayanidhi-r-17b862238 on Steam
23:14:16 [INFO] src.modules.username_search: Found dhayanidhi-r-17b862238 on HackerNews
23:14:16 [INFO] src.modules.username_search: Found dhayanidhi-r-17b862238 on Pinterest
23:14:16 [INFO] src.modules.username_search: Found dhayanidhi-r-17b862238 on Medium
23:14:16 [INFO] src.modules.google_dorks: Pattern 'social_platforms' found 1 results
23:14:16 [INFO] src.modules.google_dorks: Pattern 'profile_pages' found 1 results
23:14:16 [INFO] src.modules.google_dorks: Pattern 'simple_search' found 1 results
23:14:16 [INFO] src.modules.google_dorks: Google Dorks search discovered 6 artifacts
23:14:16 [ERROR] src.modules.username_search: Exception checking GitLab: 'expected_status'
23:14:16 [ERROR] src.modules.username_search: Exception checking Reddit: 'expected_status'
23:14:16 [INFO] src.modules.username_search: Username search complete: dhayanidhi-r-17b862238 → found on 5/12 platforms
23:14:16 [INFO] src.orchestrator: Plugin system processed 2 plugins, discovered 6 artifacts
23:14:16 [INFO] src.orchestrator: BFS processing complete. Processed 22 artifacts
23:14:16 [INFO] src.orchestrator: Processing batch of 5 artifacts concurrently
23:14:16 [INFO] src.orchestrator: Processing: username=websearch (depth=1, queue_size=160)
23:14:16 [INFO] src.orchestrator: Processing: domain=support.google.com (depth=1, queue_size=160)
23:14:16 [WARNING] src.orchestrator: Unknown artifact type: domain
23:14:16 [INFO] src.orchestrator: Processing: ip=192.178.211.84 (depth=2, queue_size=160)
23:14:16 [WARNING] src.orchestrator: Unknown artifact type: ip
23:14:16 [INFO] src.orchestrator: Processing: mail_server=10 alt1.gmr-smtp-in.l.google.com. (depth=2, queue_size=160)
23:14:16 [WARNING] src.orchestrator: Unknown artifact type: mail_server
23:14:16 [INFO] src.orchestrator: Processing: mail_server=5 gmr-smtp-in.l.google.com. (depth=2, queue_size=160)
23:14:16 [WARNING] src.orchestrator: Unknown artifact type: mail_server
23:14:16 [ERROR] src.orchestrator: External tools processing failed for support.google.com: 'WhoisIntegration' object has no attribute 'search_username'
23:14:16 [WARNING] src.plugins.manager: No plugins available for artifact type: mail_server
23:14:16 [INFO] src.orchestrator: Plugin system processed 0 plugins, discovered 0 artifacts
23:14:16 [WARNING] src.plugins.manager: No plugins available for artifact type: mail_server
23:14:16 [INFO] src.orchestrator: Plugin system processed 0 plugins, discovered 0 artifacts
23:14:17 [INFO] src.orchestrator: Plugin system processed 1 plugins, discovered 0 artifacts
23:14:17 [INFO] src.modules.username_search: Found websearch on HackerNews
23:14:17 [INFO] src.modules.username_search: Found websearch on GitHub
23:14:17 [ERROR] src.modules.username_search: Exception checking GitLab: 'expected_status'
23:14:17 [ERROR] src.modules.username_search: Exception checking Reddit: 'expected_status'
23:14:17 [INFO] src.orchestrator: Plugin system processed 2 plugins, discovered 6 artifacts
23:14:17 [INFO] src.modules.username_search: Found websearch on Instagram
23:14:17 [INFO] src.modules.username_search: Found websearch on Pinterest
23:14:17 [INFO] src.modules.username_search: Found websearch on Medium
23:14:17 [INFO] src.modules.username_search: Username search complete: websearch → found on 5/12 platforms
23:14:20 [INFO] src.modules.google_dorks: Limiting patterns from 8 to 3 to avoid rate limiting
23:14:20 [INFO] src.modules.google_dorks: Searching for username 'websearch' with 3 dork patterns
23:14:20 [INFO] src.modules.google_dorks: Pattern 'simple_search' found 10 results
23:14:20 [INFO] src.modules.google_dorks: DuckDuckGo search found 0 results for pattern 'profile_pages'
23:14:20 [WARNING] src.modules.google_dorks: Pattern 'profile_pages' failed: None
23:14:20 [INFO] src.modules.google_dorks: DuckDuckGo search found 0 results for pattern 'social_platforms'
23:14:20 [WARNING] src.modules.google_dorks: Pattern 'social_platforms' failed: None
23:14:20 [INFO] src.modules.google_dorks: Google Dorks search discovered 20 artifacts
23:14:20 [INFO] src.orchestrator: Google Dorks found 20 artifacts for username websearch
23:14:20 [INFO] src.modules.google_dorks: Limiting patterns from 8 to 3 to avoid rate limiting
23:14:20 [INFO] src.modules.google_dorks: Searching for username 'websearch' with 3 dork patterns
23:14:20 [INFO] src.modules.username_search: Found websearch on Medium
23:14:20 [INFO] src.modules.username_search: Found websearch on GitHub
23:14:20 [INFO] src.modules.username_search: Found websearch on Instagram
23:14:20 [INFO] src.modules.username_search: Found websearch on HackerNews
23:14:20 [INFO] src.modules.username_search: Found websearch on Pinterest
23:14:20 [INFO] src.modules.google_dorks: Pattern 'simple_search' found 1 results
23:14:20 [INFO] src.modules.google_dorks: Pattern 'profile_pages' found 1 results
23:14:20 [INFO] src.modules.google_dorks: Pattern 'social_platforms' found 1 results
23:14:20 [INFO] src.modules.google_dorks: Google Dorks search discovered 6 artifacts
23:14:20 [ERROR] src.modules.username_search: Exception checking Reddit: 'expected_status'
23:14:20 [ERROR] src.modules.username_search: Exception checking GitLab: 'expected_status'
23:14:20 [INFO] src.modules.username_search: Username search complete: websearch → found on 5/12 platforms
23:14:20 [INFO] src.orchestrator: Plugin system processed 2 plugins, discovered 6 artifacts
23:14:20 [INFO] src.orchestrator: BFS processing complete. Processed 27 artifacts
23:14:20 [INFO] src.orchestrator: Processing batch of 5 artifacts concurrently
23:14:20 [INFO] src.orchestrator: Processing: mail_server=40 alt4.gmr-smtp-in.l.google.com. (depth=2, queue_size=183)
23:14:20 [INFO] src.orchestrator: Processing: mail_server=30 alt3.gmr-smtp-in.l.google.com. (depth=2, queue_size=183)
23:14:20 [WARNING] src.orchestrator: Unknown artifact type: mail_server
23:14:20 [INFO] src.orchestrator: Processing: mail_server=20 alt2.gmr-smtp-in.l.google.com. (depth=2, queue_size=183)
23:14:20 [INFO] src.orchestrator: Processing: image=https://mastodon.social/avatars/original/missing.png (depth=2, queue_size=183)
23:14:20 [INFO] src.orchestrator: Processing: image=https://keybase.io/images/no-photo/placeholder-avatar-180-x-180@2x.png (depth=2, queue_size=183)
23:14:20 [WARNING] src.orchestrator: Unknown artifact type: mail_server
23:14:20 [WARNING] src.orchestrator: Unknown artifact type: mail_server
23:14:20 [WARNING] src.plugins.manager: No plugins available for artifact type: mail_server
23:14:20 [INFO] src.orchestrator: Plugin system processed 0 plugins, discovered 0 artifacts
23:14:20 [WARNING] src.plugins.manager: No plugins available for artifact type: mail_server
23:14:20 [INFO] src.orchestrator: Plugin system processed 0 plugins, discovered 0 artifacts
23:14:20 [WARNING] src.plugins.manager: No plugins available for artifact type: mail_server
23:14:20 [INFO] src.orchestrator: Plugin system processed 0 plugins, discovered 0 artifacts
23:14:20 [WARNING] src.plugins.manager: No plugins available for artifact type: image
23:14:20 [INFO] src.orchestrator: Plugin system processed 0 plugins, discovered 0 artifacts
23:14:20 [WARNING] src.plugins.manager: No plugins available for artifact type: image
23:14:20 [INFO] src.orchestrator: Plugin system processed 0 plugins, discovered 0 artifacts
23:14:20 [INFO] src.orchestrator: BFS processing complete. Processed 32 artifacts
23:14:20 [INFO] src.orchestrator: Processing batch of 5 artifacts concurrently
23:14:20 [INFO] src.orchestrator: Processing: platform_presence=https://www.linkedin.com/in/login?service=mail/ (depth=2, queue_size=178)
23:14:20 [INFO] src.orchestrator: Processing: platform_presence=https://mastodon.social/@login?service=mail (depth=2, queue_size=178)
23:14:20 [INFO] src.orchestrator: Processing: platform_presence=https://medium.com/@login?service=mail (depth=2, queue_size=178)
23:14:20 [INFO] src.orchestrator: Processing: platform_presence=https://news.ycombinator.com/user?id=login?service=mail (depth=2, queue_size=178)
23:14:20 [INFO] src.orchestrator: Processing: platform_presence=https://www.instagram.com/login?service=mail/ (depth=2, queue_size=178)
23:14:20 [INFO] src.plugins.builtins.profile_image_plugin: Extracting profile image from: https://news.ycombinator.com/user?id=login?service=mail
23:14:20 [INFO] src.plugins.builtins.profile_image_plugin: Extracting profile image from: https://mastodon.social/@login?service=mail
23:14:20 [INFO] src.plugins.builtins.profile_image_plugin: Extracting profile image from: https://medium.com/@login?service=mail
23:14:20 [INFO] src.plugins.builtins.profile_image_plugin: Extracting profile image from: https://www.linkedin.com/in/login?service=mail/
23:14:20 [INFO] src.plugins.builtins.profile_image_plugin: Extracting profile image from: https://www.instagram.com/login?service=mail/
23:14:21 [INFO] src.orchestrator: Plugin system processed 1 plugins, discovered 0 artifacts
23:14:21 [INFO] src.orchestrator: Plugin system processed 1 plugins, discovered 0 artifacts
23:14:21 [INFO] src.plugins.builtins.profile_image_plugin: Found profile image for https://mastodon.social/@login?service=mail: https://mastodon.social/avatars/original/missing.png
23:14:21 [INFO] src.orchestrator: Plugin system processed 1 plugins, discovered 0 artifacts
23:14:21 [INFO] src.orchestrator: Plugin system processed 1 plugins, discovered 1 artifacts
23:14:23 [INFO] src.orchestrator: Plugin system processed 1 plugins, discovered 0 artifacts
23:14:23 [INFO] src.orchestrator: BFS processing complete. Processed 37 artifacts
23:14:23 [INFO] src.orchestrator: Processing batch of 5 artifacts concurrently
23:14:23 [INFO] src.orchestrator: Processing: platform_presence=https://keybase.io/login?service=mail (depth=2, queue_size=173)
23:14:23 [INFO] src.orchestrator: Processing: username=signin (depth=2, queue_size=173)
23:14:23 [INFO] src.orchestrator: Processing: domain=mail.google.com (depth=2, queue_size=173)
23:14:23 [INFO] src.orchestrator: Processing: username=?ui=en-US&rs=US (depth=2, queue_size=173)
23:14:23 [WARNING] src.orchestrator: Unknown artifact type: domain
23:14:23 [INFO] src.orchestrator: Processing: username=InteractiveLogin?service=mail (depth=2, queue_size=173)
23:14:23 [ERROR] src.orchestrator: External tools processing failed for mail.google.com: 'WhoisIntegration' object has no attribute 'search_username'
23:14:23 [INFO] src.plugins.builtins.profile_image_plugin: Extracting profile image from: https://keybase.io/login?service=mail
23:14:23 [ERROR] src.modules.username_search: Exception checking Reddit: 'expected_status'
23:14:23 [ERROR] src.modules.username_search: Exception checking Reddit: 'expected_status'
23:14:23 [INFO] src.modules.username_search: Found signin on HackerNews
23:14:23 [INFO] src.modules.username_search: Found InteractiveLogin?service=mail on HackerNews
23:14:23 [INFO] src.modules.username_search: Found ?ui=en-US&rs=US on Keybase
23:14:23 [INFO] src.modules.username_search: Found ?ui=en-US&rs=US on HackerNews
23:14:23 [INFO] src.orchestrator: Plugin system processed 2 plugins, discovered 4 artifacts
23:14:23 [INFO] src.orchestrator: Plugin system processed 1 plugins, discovered 0 artifacts
23:14:23 [ERROR] src.modules.username_search: Exception checking GitLab: 'expected_status'
23:14:23 [ERROR] src.modules.username_search: Exception checking GitLab: 'expected_status'
23:14:23 [ERROR] src.modules.username_search: Exception checking Reddit: 'expected_status'
23:14:23 [INFO] src.modules.username_search: Found ?ui=en-US&rs=US on Steam
23:14:23 [INFO] src.modules.username_search: Found InteractiveLogin?service=mail on Steam
23:14:23 [ERROR] src.modules.username_search: Exception checking GitLab: 'expected_status'
23:14:23 [INFO] src.modules.username_search: Found InteractiveLogin?service=mail on Instagram
23:14:23 [INFO] src.modules.username_search: Found ?ui=en-US&rs=US on Instagram
23:14:23 [INFO] src.modules.username_search: Found ?ui=en-US&rs=US on Pinterest
23:14:23 [INFO] src.modules.username_search: Found signin on Instagram
23:14:23 [INFO] src.modules.username_search: Found InteractiveLogin?service=mail on Medium
23:14:23 [INFO] src.modules.username_search: Username search complete: InteractiveLogin?service=mail → found on 4/12 platforms
23:14:23 [INFO] src.modules.username_search: Username search complete: ?ui=en-US&rs=US → found on 5/12 platforms
23:14:23 [INFO] src.modules.username_search: Found signin on Steam
23:14:23 [INFO] src.modules.username_search: Found signin on Pinterest
23:14:24 [INFO] src.modules.username_search: Found signin on Medium
23:14:24 [INFO] src.modules.username_search: Username search complete: signin → found on 5/12 platforms
23:14:25 [INFO] src.modules.google_dorks: Limiting patterns from 8 to 3 to avoid rate limiting
23:14:25 [INFO] src.modules.google_dorks: Searching for username '?ui=en-US&rs=US' with 3 dork patterns
23:14:25 [INFO] src.modules.google_dorks: Pattern 'simple_search' found 10 results
23:14:25 [INFO] src.modules.google_dorks: DuckDuckGo search found 0 results for pattern 'social_platforms'
23:14:25 [INFO] src.modules.google_dorks: DuckDuckGo search found 0 results for pattern 'profile_pages'
23:14:25 [WARNING] src.modules.google_dorks: Pattern 'social_platforms' failed: None
23:14:25 [WARNING] src.modules.google_dorks: Pattern 'profile_pages' failed: None
23:14:25 [INFO] src.modules.google_dorks: Google Dorks search discovered 20 artifacts
23:14:25 [INFO] src.orchestrator: Google Dorks found 20 artifacts for username ?ui=en-US&rs=US
23:14:25 [INFO] src.modules.google_dorks: Limiting patterns from 8 to 3 to avoid rate limiting
23:14:25 [INFO] src.modules.google_dorks: Searching for username '?ui=en-US&rs=US' with 3 dork patterns
23:14:25 [INFO] src.modules.username_search: Found ?ui=en-US&rs=US on Instagram
23:14:25 [INFO] src.modules.username_search: Found ?ui=en-US&rs=US on Steam
23:14:25 [INFO] src.modules.username_search: Found ?ui=en-US&rs=US on HackerNews
23:14:25 [INFO] src.modules.username_search: Found ?ui=en-US&rs=US on Pinterest
23:14:25 [INFO] src.modules.username_search: Found ?ui=en-US&rs=US on Keybase
23:14:25 [INFO] src.modules.google_dorks: Pattern 'profile_pages' found 1 results
23:14:25 [INFO] src.modules.google_dorks: Pattern 'simple_search' found 1 results
23:14:25 [INFO] src.modules.google_dorks: Pattern 'social_platforms' found 1 results
23:14:25 [INFO] src.modules.google_dorks: Google Dorks search discovered 6 artifacts
23:14:25 [ERROR] src.modules.username_search: Exception checking Reddit: 'expected_status'
23:14:26 [ERROR] src.modules.username_search: Exception checking GitLab: 'expected_status'
23:14:26 [INFO] src.modules.username_search: Username search complete: ?ui=en-US&rs=US → found on 5/12 platforms
23:14:26 [INFO] src.orchestrator: Plugin system processed 2 plugins, discovered 6 artifacts
23:14:26 [INFO] src.modules.google_dorks: Limiting patterns from 8 to 3 to avoid rate limiting
23:14:26 [INFO] src.modules.google_dorks: Searching for username 'InteractiveLogin?service=mail' with 3 dork patterns
23:14:26 [INFO] src.modules.google_dorks: Pattern 'simple_search' found 10 results
23:14:26 [INFO] src.modules.google_dorks: DuckDuckGo search found 0 results for pattern 'profile_pages'
23:14:26 [WARNING] src.modules.google_dorks: Pattern 'profile_pages' failed: None
23:14:26 [INFO] src.modules.google_dorks: DuckDuckGo search found 0 results for pattern 'social_platforms'
23:14:26 [WARNING] src.modules.google_dorks: Pattern 'social_platforms' failed: None
23:14:26 [INFO] src.modules.google_dorks: Google Dorks search discovered 20 artifacts
23:14:26 [INFO] src.orchestrator: Google Dorks found 20 artifacts for username InteractiveLogin?service=mail
23:14:26 [INFO] src.modules.google_dorks: Limiting patterns from 8 to 3 to avoid rate limiting
23:14:26 [INFO] src.modules.google_dorks: Searching for username 'InteractiveLogin?service=mail' with 3 dork patterns
23:14:26 [INFO] src.modules.username_search: Found InteractiveLogin?service=mail on HackerNews
23:14:26 [INFO] src.modules.google_dorks: Pattern 'social_platforms' found 1 results
23:14:26 [INFO] src.modules.username_search: Found InteractiveLogin?service=mail on Instagram
23:14:26 [INFO] src.modules.username_search: Found InteractiveLogin?service=mail on Medium
23:14:26 [INFO] src.modules.google_dorks: Pattern 'profile_pages' found 1 results
23:14:26 [INFO] src.modules.username_search: Found InteractiveLogin?service=mail on Steam
23:14:26 [INFO] src.modules.google_dorks: Pattern 'simple_search' found 1 results
23:14:26 [INFO] src.modules.google_dorks: Google Dorks search discovered 6 artifacts
23:14:26 [ERROR] src.modules.username_search: Exception checking Reddit: 'expected_status'
23:14:26 [INFO] src.modules.google_dorks: Limiting patterns from 8 to 3 to avoid rate limiting
23:14:26 [INFO] src.modules.google_dorks: Searching for username 'signin' with 3 dork patterns
23:14:26 [INFO] src.modules.google_dorks: Pattern 'simple_search' found 10 results
23:14:26 [INFO] src.modules.google_dorks: DuckDuckGo search found 0 results for pattern 'social_platforms'
23:14:26 [WARNING] src.modules.google_dorks: Pattern 'social_platforms' failed: None
23:14:26 [INFO] src.modules.google_dorks: DuckDuckGo search found 0 results for pattern 'profile_pages'
23:14:26 [WARNING] src.modules.google_dorks: Pattern 'profile_pages' failed: None
23:14:26 [INFO] src.modules.google_dorks: Google Dorks search discovered 20 artifacts
23:14:26 [INFO] src.orchestrator: Google Dorks found 20 artifacts for username signin
23:14:26 [INFO] src.modules.google_dorks: Limiting patterns from 8 to 3 to avoid rate limiting
23:14:26 [INFO] src.modules.google_dorks: Searching for username 'signin' with 3 dork patterns
23:14:26 [INFO] src.modules.google_dorks: Pattern 'simple_search' found 1 results
23:14:26 [INFO] src.modules.google_dorks: Pattern 'profile_pages' found 1 results
23:14:26 [INFO] src.modules.google_dorks: Pattern 'social_platforms' found 1 results
23:14:26 [INFO] src.modules.username_search: Found signin on HackerNews
23:14:26 [INFO] src.modules.username_search: Found signin on Instagram
23:14:26 [INFO] src.modules.username_search: Found signin on Medium
23:14:26 [INFO] src.modules.username_search: Found signin on Pinterest
23:14:26 [INFO] src.modules.username_search: Found signin on Steam
23:14:26 [INFO] src.modules.google_dorks: Google Dorks search discovered 6 artifacts
23:14:26 [ERROR] src.modules.username_search: Exception checking GitLab: 'expected_status'
23:14:26 [INFO] src.modules.username_search: Username search complete: InteractiveLogin?service=mail → found on 4/12 platforms
23:14:26 [INFO] src.orchestrator: Plugin system processed 2 plugins, discovered 6 artifacts
23:14:27 [ERROR] src.modules.username_search: Exception checking GitLab: 'expected_status'
23:14:27 [ERROR] src.modules.username_search: Exception checking Reddit: 'expected_status'
23:14:27 [INFO] src.modules.username_search: Username search complete: signin → found on 5/12 platforms
23:14:27 [INFO] src.orchestrator: Plugin system processed 2 plugins, discovered 6 artifacts
23:14:27 [INFO] src.orchestrator: BFS processing complete. Processed 42 artifacts
23:14:27 [INFO] src.orchestrator: Processing batch of 5 artifacts concurrently
23:14:27 [INFO] src.orchestrator: Processing: domain=outlook.office365.com (depth=2, queue_size=168)
23:14:27 [WARNING] src.orchestrator: Unknown artifact type: domain
23:14:27 [INFO] src.orchestrator: Processing: username=mail.yahoo.com (depth=2, queue_size=168)
23:14:27 [INFO] src.orchestrator: Processing: username=id (depth=2, queue_size=168)
23:14:27 [INFO] src.orchestrator: Processing: username=?wa=wsignin1.0&wtrealm=urn%3afederation%3aMicrosoftOnline (depth=2, queue_size=168)
23:14:27 [INFO] src.orchestrator: Processing: domain=outlook.office.com (depth=2, queue_size=168)
23:14:27 [WARNING] src.orchestrator: Unknown artifact type: domain
23:14:27 [ERROR] src.orchestrator: External tools processing failed for outlook.office365.com: 'WhoisIntegration' object has no attribute 'search_username'
23:14:27 [ERROR] src.orchestrator: External tools processing failed for outlook.office.com: 'WhoisIntegration' object has no attribute 'search_username'
23:14:27 [ERROR] src.modules.username_search: Exception checking Reddit: 'expected_status'
23:14:27 [INFO] src.orchestrator: Plugin system processed 2 plugins, discovered 19 artifacts
23:14:27 [INFO] src.modules.username_search: Found mail.yahoo.com on HackerNews
23:14:27 [INFO] src.modules.username_search: Found id on HackerNews
23:14:27 [INFO] src.modules.username_search: Found id on GitHub
23:14:27 [INFO] src.modules.username_search: Found ?wa=wsignin1.0&wtrealm=urn%3afederation%3aMicrosoftOnline on HackerNews
23:14:27 [INFO] src.orchestrator: Plugin system processed 2 plugins, discovered 18 artifacts
23:14:27 [INFO] src.modules.username_search: Found ?wa=wsignin1.0&wtrealm=urn%3afederation%3aMicrosoftOnline on Steam
23:14:27 [ERROR] src.modules.username_search: Exception checking GitLab: 'expected_status'
23:14:27 [ERROR] src.modules.username_search: Exception checking GitLab: 'expected_status'
23:14:27 [ERROR] src.modules.username_search: Exception checking Reddit: 'expected_status'
23:14:27 [ERROR] src.modules.username_search: Exception checking GitLab: 'expected_status'
23:14:27 [ERROR] src.modules.username_search: Exception checking Reddit: 'expected_status'
23:14:27 [INFO] src.modules.username_search: Found ?wa=wsignin1.0&wtrealm=urn%3afederation%3aMicrosoftOnline on Keybase
23:14:27 [INFO] src.modules.username_search: Found id on Instagram
23:14:27 [INFO] src.modules.username_search: Found ?wa=wsignin1.0&wtrealm=urn%3afederation%3aMicrosoftOnline on Instagram
23:14:27 [INFO] src.modules.username_search: Found mail.yahoo.com on Instagram
23:14:27 [INFO] src.modules.username_search: Found mail.yahoo.com on Steam
23:14:27 [INFO] src.modules.username_search: Found mail.yahoo.com on Mastodon
23:14:27 [INFO] src.modules.username_search: Found ?wa=wsignin1.0&wtrealm=urn%3afederation%3aMicrosoftOnline on Pinterest
23:14:27 [INFO] src.modules.username_search: Username search complete: ?wa=wsignin1.0&wtrealm=urn%3afederation%3aMicrosoftOnline → found on 5/12 platforms
23:14:27 [INFO] src.modules.username_search: Found id on Steam
23:14:27 [INFO] src.modules.username_search: Found id on Pinterest
23:14:27 [INFO] src.modules.username_search: Found id on Mastodon
23:14:27 [INFO] src.modules.username_search: Found mail.yahoo.com on Medium
23:14:27 [INFO] src.modules.username_search: Found mail.yahoo.com on Pinterest
23:14:27 [INFO] src.modules.username_search: Username search complete: mail.yahoo.com → found on 6/12 platforms
23:14:28 [INFO] src.modules.username_search: Found id on Medium
23:14:28 [INFO] src.modules.username_search: Username search complete: id → found on 7/12 platforms
23:14:29 [INFO] src.modules.google_dorks: Limiting patterns from 8 to 3 to avoid rate limiting
23:14:29 [INFO] src.modules.google_dorks: Searching for username '?wa=wsignin1.0&wtrealm=urn%3afederation%3aMicrosoftOnline' with 3 dork patterns
23:14:29 [INFO] src.modules.google_dorks: Pattern 'simple_search' found 10 results
23:14:29 [INFO] src.modules.google_dorks: DuckDuckGo search found 0 results for pattern 'social_platforms'
23:14:29 [WARNING] src.modules.google_dorks: Pattern 'social_platforms' failed: None
23:14:29 [INFO] src.modules.google_dorks: DuckDuckGo search found 0 results for pattern 'profile_pages'
23:14:29 [WARNING] src.modules.google_dorks: Pattern 'profile_pages' failed: None
23:14:29 [INFO] src.modules.google_dorks: Google Dorks search discovered 21 artifacts
23:14:29 [INFO] src.orchestrator: Google Dorks found 21 artifacts for username ?wa=wsignin1.0&wtrealm=urn%3afederation%3aMicrosoftOnline
23:14:29 [INFO] src.modules.google_dorks: Limiting patterns from 8 to 3 to avoid rate limiting
23:14:29 [INFO] src.modules.google_dorks: Searching for username '?wa=wsignin1.0&wtrealm=urn%3afederation%3aMicrosoftOnline' with 3 dork patterns
23:14:29 [INFO] src.modules.username_search: Found ?wa=wsignin1.0&wtrealm=urn%3afederation%3aMicrosoftOnline on Instagram
23:14:29 [INFO] src.modules.username_search: Found ?wa=wsignin1.0&wtrealm=urn%3afederation%3aMicrosoftOnline on HackerNews
23:14:29 [INFO] src.modules.username_search: Found ?wa=wsignin1.0&wtrealm=urn%3afederation%3aMicrosoftOnline on Keybase
23:14:29 [INFO] src.modules.username_search: Found ?wa=wsignin1.0&wtrealm=urn%3afederation%3aMicrosoftOnline on Pinterest
23:14:29 [INFO] src.modules.username_search: Found ?wa=wsignin1.0&wtrealm=urn%3afederation%3aMicrosoftOnline on Steam
23:14:30 [ERROR] src.modules.username_search: Exception checking Reddit: 'expected_status'
23:14:30 [INFO] src.modules.google_dorks: Limiting patterns from 8 to 3 to avoid rate limiting
23:14:30 [INFO] src.modules.google_dorks: Searching for username 'mail.yahoo.com' with 3 dork patterns
23:14:30 [INFO] src.modules.google_dorks: Google search found 1 results for pattern 'simple_search'
23:14:30 [INFO] src.modules.google_dorks: Pattern 'simple_search' found 10 results
23:14:30 [INFO] src.modules.google_dorks: Pattern 'profile_pages' found 1 results
23:14:30 [INFO] src.modules.google_dorks: Pattern 'simple_search' found 1 results
23:14:30 [ERROR] src.modules.username_search: Exception checking GitLab: 'expected_status'
23:14:30 [INFO] src.modules.google_dorks: DuckDuckGo search found 0 results for pattern 'social_platforms'
23:14:30 [INFO] src.modules.username_search: Username search complete: ?wa=wsignin1.0&wtrealm=urn%3afederation%3aMicrosoftOnline → found on 5/12 platforms
23:14:30 [WARNING] src.modules.google_dorks: Pattern 'social_platforms' failed: None
23:14:30 [WARNING] src.modules.google_dorks: Limiting Google Dorks results from 11 to 10 to prevent exponential growth
23:14:30 [INFO] src.modules.google_dorks: Google Dorks search discovered 22 artifacts
23:14:30 [INFO] src.orchestrator: Google Dorks found 22 artifacts for username mail.yahoo.com
23:14:30 [INFO] src.modules.google_dorks: Limiting patterns from 8 to 3 to avoid rate limiting
23:14:30 [INFO] src.modules.google_dorks: Searching for username 'mail.yahoo.com' with 3 dork patterns
23:14:30 [INFO] src.modules.username_search: Found mail.yahoo.com on Medium
23:14:30 [INFO] src.modules.username_search: Found mail.yahoo.com on Instagram
23:14:30 [INFO] src.modules.username_search: Found mail.yahoo.com on HackerNews
23:14:30 [INFO] src.modules.username_search: Found mail.yahoo.com on Pinterest
23:14:30 [INFO] src.modules.username_search: Found mail.yahoo.com on Steam
23:14:30 [INFO] src.modules.username_search: Found mail.yahoo.com on Mastodon
23:14:30 [INFO] src.modules.google_dorks: Google search found 1 results for pattern 'simple_search'
23:14:30 [INFO] src.modules.google_dorks: Pattern 'simple_search' found 1 results
23:14:30 [ERROR] src.modules.username_search: Exception checking GitLab: 'expected_status'
23:14:31 [ERROR] src.modules.username_search: Exception checking Reddit: 'expected_status'
23:14:31 [INFO] src.modules.username_search: Username search complete: mail.yahoo.com → found on 6/12 platforms
23:14:32 [INFO] src.modules.google_dorks: Limiting patterns from 8 to 3 to avoid rate limiting
23:14:32 [INFO] src.modules.google_dorks: Searching for username 'id' with 3 dork patterns
23:14:32 [INFO] src.modules.google_dorks: Pattern 'simple_search' found 10 results
23:14:32 [INFO] src.modules.google_dorks: Pattern 'profile_pages' found 8 results
23:14:32 [INFO] src.modules.google_dorks: Google search found 1 results for pattern 'social_platforms'
23:14:32 [INFO] src.modules.google_dorks: Pattern 'social_platforms' found 1 results
23:14:32 [INFO] src.modules.google_dorks: DuckDuckGo search found 0 results for pattern 'social_platforms'
23:14:32 [WARNING] src.modules.google_dorks: Pattern 'social_platforms' failed: None
23:14:32 [WARNING] src.modules.google_dorks: Limiting Google Dorks results from 18 to 10 to prevent exponential growth
23:14:32 [INFO] src.modules.google_dorks: Google Dorks search discovered 36 artifacts
23:14:32 [INFO] src.orchestrator: Google Dorks found 36 artifacts for username id
23:14:32 [INFO] src.modules.google_dorks: Limiting patterns from 8 to 3 to avoid rate limiting
23:14:32 [INFO] src.modules.google_dorks: Searching for username 'id' with 3 dork patterns
23:14:32 [INFO] src.modules.username_search: Found id on HackerNews
23:14:32 [INFO] src.modules.username_search: Found id on Instagram
23:14:32 [INFO] src.modules.username_search: Found id on GitHub
23:14:32 [INFO] src.modules.username_search: Found id on Medium
23:14:32 [INFO] src.modules.username_search: Found id on Pinterest
23:14:32 [INFO] src.modules.username_search: Found id on Steam
23:14:32 [INFO] src.modules.username_search: Found id on Mastodon
23:14:32 [INFO] src.modules.google_dorks: Google search found 1 results for pattern 'social_platforms'
23:14:32 [INFO] src.modules.google_dorks: Pattern 'social_platforms' found 1 results
23:14:32 [INFO] src.modules.google_dorks: Google search found 1 results for pattern 'simple_search'
23:14:32 [INFO] src.modules.google_dorks: Pattern 'simple_search' found 1 results
23:14:32 [ERROR] src.modules.username_search: Exception checking Reddit: 'expected_status'
23:14:32 [ERROR] src.modules.username_search: Exception checking GitLab: 'expected_status'
23:14:32 [INFO] src.modules.username_search: Username search complete: id → found on 7/12 platforms
23:14:34 [WARNING] src.modules.google_dorks: Google rate limited (429) for query: intitle:"profile" "?wa=wsignin1.0&wtrealm=urn%3afederation%3aMicrosoftOnline" OR intitle:"user" "?wa=wsignin1.0&wtrealm=urn%3afederation%3aMicrosoftOnline"
23:14:34 [WARNING] src.modules.google_dorks: Pattern 'profile_pages' failed: Rate limited by Google (429)
23:14:34 [INFO] src.modules.google_dorks: Google Dorks search discovered 4 artifacts
23:14:34 [INFO] src.orchestrator: Plugin system processed 2 plugins, discovered 4 artifacts
23:14:35 [WARNING] src.modules.google_dorks: Google rate limited (429) for query: site:twitter.com "id" OR site:linkedin.com "id" OR site:github.com "id" OR site:instagram.com "id"
23:14:35 [WARNING] src.modules.google_dorks: Pattern 'social_platforms' failed: Rate limited by Google (429)
23:14:35 [WARNING] src.modules.google_dorks: Google rate limited (429) for query: intitle:"profile" "mail.yahoo.com" OR intitle:"user" "mail.yahoo.com"
23:14:35 [WARNING] src.modules.google_dorks: Pattern 'profile_pages' failed: Rate limited by Google (429)
23:14:35 [INFO] src.modules.google_dorks: Google Dorks search discovered 4 artifacts
23:14:35 [INFO] src.orchestrator: Plugin system processed 2 plugins, discovered 4 artifacts
23:14:37 [WARNING] src.modules.google_dorks: Google rate limited (429) for query: intitle:"profile" "id" OR intitle:"user" "id"
23:14:37 [WARNING] src.modules.google_dorks: Pattern 'profile_pages' failed: Rate limited by Google (429)
23:14:37 [INFO] src.modules.google_dorks: Google Dorks search discovered 2 artifacts
23:14:37 [INFO] src.orchestrator: Plugin system processed 2 plugins, discovered 2 artifacts
23:14:37 [INFO] src.orchestrator: BFS processing complete. Processed 47 artifacts
23:14:37 [INFO] src.orchestrator: Processing batch of 5 artifacts concurrently
23:14:37 [INFO] src.orchestrator: Processing: domain=mail.yahoo.com (depth=2, queue_size=163)
23:14:37 [WARNING] src.orchestrator: Unknown artifact type: domain
23:14:37 [INFO] src.orchestrator: Processing: username=login.yahoo.com (depth=2, queue_size=163)
23:14:37 [INFO] src.orchestrator: Processing: domain=login.yahoo.com (depth=2, queue_size=163)
23:14:37 [INFO] src.orchestrator: Processing: domain=microsoft.com (depth=2, queue_size=163)
23:14:37 [WARNING] src.orchestrator: Unknown artifact type: domain
23:14:37 [WARNING] src.orchestrator: Unknown artifact type: domain
23:14:37 [INFO] src.orchestrator: Processing: username=log-in (depth=2, queue_size=163)
23:14:37 [ERROR] src.orchestrator: External tools processing failed for microsoft.com: 'WhoisIntegration' object has no attribute 'search_username'
23:14:37 [ERROR] src.orchestrator: External tools processing failed for mail.yahoo.com: 'WhoisIntegration' object has no attribute 'search_username'
23:14:37 [ERROR] src.orchestrator: External tools processing failed for login.yahoo.com: 'WhoisIntegration' object has no attribute 'search_username'
23:14:37 [INFO] src.modules.username_search: Found log-in on GitHub
23:14:37 [INFO] src.orchestrator: Plugin system processed 2 plugins, discovered 7 artifacts
23:14:37 [ERROR] src.modules.username_search: Exception checking GitLab: 'expected_status'
23:14:37 [ERROR] src.modules.username_search: Exception checking GitLab: 'expected_status'
23:14:37 [ERROR] src.modules.username_search: Exception checking Reddit: 'expected_status'
23:14:37 [ERROR] src.modules.username_search: Exception checking Reddit: 'expected_status'
23:14:37 [INFO] src.orchestrator: Plugin system processed 2 plugins, discovered 6 artifacts
23:14:37 [INFO] src.modules.username_search: Found login.yahoo.com on HackerNews
23:14:37 [INFO] src.modules.username_search: Found log-in on HackerNews
23:14:37 [INFO] src.modules.username_search: Found login.yahoo.com on Steam
23:14:37 [INFO] src.modules.username_search: Found login.yahoo.com on Instagram
23:14:37 [INFO] src.modules.username_search: Found log-in on Steam
23:14:38 [INFO] src.modules.username_search: Found login.yahoo.com on Mastodon
23:14:38 [INFO] src.modules.username_search: Found log-in on Instagram
23:14:38 [INFO] src.modules.username_search: Found log-in on Pinterest
23:14:38 [INFO] src.modules.username_search: Found login.yahoo.com on Pinterest
23:14:38 [INFO] src.orchestrator: Plugin system processed 2 plugins, discovered 7 artifacts
23:14:38 [INFO] src.modules.username_search: Found login.yahoo.com on Medium
23:14:38 [INFO] src.modules.username_search: Found log-in on Medium
23:14:38 [INFO] src.modules.username_search: Username search complete: log-in → found on 6/12 platforms
23:14:41 [INFO] src.modules.google_dorks: Limiting patterns from 8 to 3 to avoid rate limiting
23:14:41 [INFO] src.modules.google_dorks: Searching for username 'log-in' with 3 dork patterns
23:14:41 [INFO] src.modules.google_dorks: Pattern 'profile_pages' found 10 results
23:14:41 [INFO] src.modules.google_dorks: Pattern 'simple_search' found 10 results
23:14:41 [INFO] src.modules.google_dorks: DuckDuckGo search found 0 results for pattern 'social_platforms'
23:14:41 [WARNING] src.modules.google_dorks: Pattern 'social_platforms' failed: None
23:14:41 [WARNING] src.modules.google_dorks: Limiting Google Dorks results from 20 to 10 to prevent exponential growth
23:14:41 [INFO] src.modules.google_dorks: Google Dorks search discovered 40 artifacts
23:14:41 [INFO] src.orchestrator: Google Dorks found 40 artifacts for username log-in
23:14:41 [INFO] src.modules.google_dorks: Limiting patterns from 8 to 3 to avoid rate limiting
23:14:41 [INFO] src.modules.google_dorks: Searching for username 'log-in' with 3 dork patterns
23:14:41 [INFO] src.modules.username_search: Found log-in on Instagram
23:14:41 [INFO] src.modules.username_search: Found log-in on GitHub
23:14:41 [INFO] src.modules.username_search: Found log-in on HackerNews
23:14:41 [INFO] src.modules.username_search: Found log-in on Medium
23:14:41 [INFO] src.modules.username_search: Found log-in on Pinterest
23:14:41 [INFO] src.modules.username_search: Found log-in on Steam
23:14:41 [ERROR] src.modules.username_search: Exception checking Reddit: 'expected_status'
23:14:41 [ERROR] src.modules.username_search: Exception checking GitLab: 'expected_status'
23:14:41 [INFO] src.modules.username_search: Username search complete: log-in → found on 6/12 platforms
23:14:42 [INFO] src.modules.username_search: Username search complete: login.yahoo.com → found on 6/12 platforms
23:14:42 [WARNING] src.modules.google_dorks: Google rate limited (429) for query: log-in
23:14:42 [WARNING] src.modules.google_dorks: Pattern 'simple_search' failed: Rate limited by Google (429)
23:14:43 [WARNING] src.modules.google_dorks: Google rate limited (429) for query: site:twitter.com "log-in" OR site:linkedin.com "log-in" OR site:github.com "log-in" OR site:instagram.com "log-in"
23:14:43 [WARNING] src.modules.google_dorks: Pattern 'social_platforms' failed: Rate limited by Google (429)
23:14:44 [INFO] src.modules.google_dorks: Limiting patterns from 8 to 3 to avoid rate limiting
23:14:44 [INFO] src.modules.google_dorks: Searching for username 'login.yahoo.com' with 3 dork patterns
23:14:44 [INFO] src.modules.google_dorks: Pattern 'simple_search' found 10 results
23:14:44 [INFO] src.modules.google_dorks: DuckDuckGo search found 0 results for pattern 'social_platforms'
23:14:44 [WARNING] src.modules.google_dorks: Pattern 'social_platforms' failed: None
23:14:45 [INFO] src.modules.google_dorks: DuckDuckGo search found 0 results for pattern 'profile_pages'
23:14:45 [WARNING] src.modules.google_dorks: Pattern 'profile_pages' failed: None
23:14:45 [INFO] src.modules.google_dorks: Google Dorks search discovered 20 artifacts
23:14:45 [INFO] src.orchestrator: Google Dorks found 20 artifacts for username login.yahoo.com
23:14:45 [INFO] src.modules.google_dorks: Limiting patterns from 8 to 3 to avoid rate limiting
23:14:45 [INFO] src.modules.google_dorks: Searching for username 'login.yahoo.com' with 3 dork patterns
23:14:45 [INFO] src.modules.username_search: Found login.yahoo.com on Pinterest
23:14:45 [INFO] src.modules.username_search: Found login.yahoo.com on Medium
23:14:45 [INFO] src.modules.username_search: Found login.yahoo.com on Instagram
23:14:45 [INFO] src.modules.username_search: Found login.yahoo.com on HackerNews
23:14:45 [INFO] src.modules.username_search: Found login.yahoo.com on Steam
23:14:45 [INFO] src.modules.username_search: Found login.yahoo.com on Mastodon
23:14:45 [ERROR] src.modules.username_search: Exception checking Reddit: 'expected_status'
23:14:45 [ERROR] src.modules.username_search: Exception checking GitLab: 'expected_status'
23:14:45 [INFO] src.modules.username_search: Username search complete: login.yahoo.com → found on 6/12 platforms
23:14:45 [WARNING] src.modules.google_dorks: Google rate limited (429) for query: login.yahoo.com
23:14:45 [WARNING] src.modules.google_dorks: Pattern 'simple_search' failed: Rate limited by Google (429)
23:14:45 [WARNING] src.modules.google_dorks: Google rate limited (429) for query: intitle:"profile" "log-in" OR intitle:"user" "log-in"
23:14:45 [WARNING] src.modules.google_dorks: Pattern 'profile_pages' failed: Rate limited by Google (429)
23:14:45 [INFO] src.modules.google_dorks: Google Dorks search discovered 0 artifacts
23:14:45 [INFO] src.orchestrator: Plugin system processed 2 plugins, discovered 0 artifacts
23:14:47 [WARNING] src.modules.google_dorks: Google rate limited (429) for query: site:twitter.com "login.yahoo.com" OR site:linkedin.com "login.yahoo.com" OR site:github.com "login.yahoo.com" OR site:instagram.com "login.yahoo.com"
23:14:47 [WARNING] src.modules.google_dorks: Pattern 'social_platforms' failed: Rate limited by Google (429)
23:14:49 [WARNING] src.modules.google_dorks: Google rate limited (429) for query: intitle:"profile" "login.yahoo.com" OR intitle:"user" "login.yahoo.com"
23:14:49 [WARNING] src.modules.google_dorks: Pattern 'profile_pages' failed: Rate limited by Google (429)
23:14:49 [INFO] src.modules.google_dorks: Google Dorks search discovered 0 artifacts
23:14:49 [INFO] src.orchestrator: Plugin system processed 2 plugins, discovered 0 artifacts
23:14:49 [INFO] src.orchestrator: BFS processing complete. Processed 52 artifacts
23:14:49 [INFO] src.orchestrator: Processing batch of 5 artifacts concurrently
23:14:49 [INFO] src.orchestrator: Processing: username=login.html?authRedirect=true (depth=2, queue_size=158)
23:14:49 [INFO] src.orchestrator: Processing: platform_presence=https://news.ycombinator.com/user?id=Login (depth=2, queue_size=158)
23:14:49 [INFO] src.orchestrator: Processing: platform_presence=https://www.instagram.com/Login/ (depth=2, queue_size=158)
23:14:49 [INFO] src.orchestrator: Processing: domain=mail.services.live.com (depth=2, queue_size=158)
23:14:49 [WARNING] src.orchestrator: Unknown artifact type: domain
23:14:49 [INFO] src.orchestrator: Processing: username=mail (depth=2, queue_size=158)
23:14:49 [ERROR] src.orchestrator: External tools processing failed for mail.services.live.com: 'WhoisIntegration' object has no attribute 'search_username'
23:14:49 [INFO] src.plugins.builtins.profile_image_plugin: Extracting profile image from: https://news.ycombinator.com/user?id=Login
23:14:49 [ERROR] src.modules.username_search: Exception checking Reddit: 'expected_status'
23:14:49 [INFO] src.plugins.builtins.profile_image_plugin: Extracting profile image from: https://www.instagram.com/Login/
23:14:49 [INFO] src.modules.username_search: Found login.html?authRedirect=true on HackerNews
23:14:49 [INFO] src.modules.username_search: Found mail on HackerNews
23:14:49 [INFO] src.modules.username_search: Found mail on Keybase
23:14:49 [INFO] src.modules.username_search: Found mail on GitHub
23:14:49 [INFO] src.modules.username_search: Found login.html?authRedirect=true on Steam
23:14:49 [INFO] src.orchestrator: Plugin system processed 1 plugins, discovered 0 artifacts
23:14:49 [ERROR] src.modules.username_search: Exception checking GitLab: 'expected_status'
23:14:50 [ERROR] src.modules.username_search: Exception checking Reddit: 'expected_status'
23:14:50 [ERROR] src.modules.username_search: Exception checking GitLab: 'expected_status'
23:14:50 [INFO] src.orchestrator: Plugin system processed 2 plugins, discovered 17 artifacts
23:14:50 [INFO] src.modules.username_search: Found login.html?authRedirect=true on Instagram
23:14:50 [INFO] src.modules.username_search: Found mail on Instagram
23:14:50 [INFO] src.modules.username_search: Found login.html?authRedirect=true on Pinterest
23:14:50 [INFO] src.modules.username_search: Found mail on Mastodon
23:14:50 [INFO] src.orchestrator: Plugin system processed 1 plugins, discovered 0 artifacts
23:14:50 [INFO] src.modules.username_search: Found login.html?authRedirect=true on Mastodon
23:14:50 [INFO] src.modules.username_search: Found mail on Pinterest
23:14:50 [INFO] src.modules.username_search: Found mail on Medium
23:14:50 [INFO] src.modules.username_search: Username search complete: mail → found on 7/12 platforms
23:14:51 [INFO] src.modules.username_search: Found login.html?authRedirect=true on Medium
23:14:51 [INFO] src.modules.username_search: Username search complete: login.html?authRedirect=true → found on 6/12 platforms
23:14:53 [INFO] src.modules.google_dorks: Limiting patterns from 8 to 3 to avoid rate limiting
23:14:53 [INFO] src.modules.google_dorks: Searching for username 'mail' with 3 dork patterns
23:14:53 [INFO] src.modules.google_dorks: Pattern 'profile_pages' found 4 results
23:14:53 [INFO] src.modules.google_dorks: Pattern 'simple_search' found 10 results
23:14:53 [INFO] src.modules.google_dorks: Limiting patterns from 8 to 3 to avoid rate limiting
23:14:53 [INFO] src.modules.google_dorks: Searching for username 'login.html?authRedirect=true' with 3 dork patterns
23:14:53 [INFO] src.modules.google_dorks: Pattern 'simple_search' found 10 results
23:14:53 [INFO] src.modules.google_dorks: DuckDuckGo search found 0 results for pattern 'social_platforms'
23:14:53 [WARNING] src.modules.google_dorks: Pattern 'social_platforms' failed: None
23:14:53 [WARNING] src.modules.google_dorks: Limiting Google Dorks results from 14 to 10 to prevent exponential growth
23:14:53 [INFO] src.modules.google_dorks: Google Dorks search discovered 28 artifacts
23:14:53 [INFO] src.orchestrator: Google Dorks found 28 artifacts for username mail
23:14:53 [INFO] src.modules.google_dorks: Limiting patterns from 8 to 3 to avoid rate limiting
23:14:53 [INFO] src.modules.google_dorks: Searching for username 'mail' with 3 dork patterns
23:14:53 [INFO] src.modules.username_search: Found mail on Keybase
23:14:53 [INFO] src.modules.username_search: Found mail on GitHub
23:14:53 [INFO] src.modules.username_search: Found mail on HackerNews
23:14:53 [INFO] src.modules.username_search: Found mail on Medium
23:14:53 [INFO] src.modules.username_search: Found mail on Instagram
23:14:53 [INFO] src.modules.username_search: Found mail on Pinterest
23:14:53 [INFO] src.modules.username_search: Found mail on Mastodon
23:14:53 [INFO] src.modules.google_dorks: DuckDuckGo search found 0 results for pattern 'profile_pages'
23:14:53 [WARNING] src.modules.google_dorks: Pattern 'profile_pages' failed: None
23:14:53 [INFO] src.modules.google_dorks: DuckDuckGo search found 0 results for pattern 'social_platforms'
23:14:53 [WARNING] src.modules.google_dorks: Pattern 'social_platforms' failed: None
23:14:53 [INFO] src.modules.google_dorks: Google Dorks search discovered 20 artifacts
23:14:53 [INFO] src.orchestrator: Google Dorks found 20 artifacts for username login.html?authRedirect=true
23:14:53 [INFO] src.modules.google_dorks: Limiting patterns from 8 to 3 to avoid rate limiting
23:14:53 [INFO] src.modules.google_dorks: Searching for username 'login.html?authRedirect=true' with 3 dork patterns
23:14:53 [INFO] src.modules.username_search: Found login.html?authRedirect=true on HackerNews
23:14:53 [INFO] src.modules.username_search: Found login.html?authRedirect=true on Steam
23:14:53 [INFO] src.modules.username_search: Found login.html?authRedirect=true on Mastodon
23:14:53 [INFO] src.modules.username_search: Found login.html?authRedirect=true on Instagram
23:14:53 [INFO] src.modules.username_search: Found login.html?authRedirect=true on Pinterest
23:14:53 [INFO] src.modules.username_search: Found login.html?authRedirect=true on Medium
23:14:53 [ERROR] src.modules.username_search: Exception checking Reddit: 'expected_status'
23:14:53 [ERROR] src.modules.username_search: Exception checking Reddit: 'expected_status'
23:14:54 [ERROR] src.modules.username_search: Exception checking GitLab: 'expected_status'
23:14:54 [INFO] src.modules.username_search: Username search complete: mail → found on 7/12 platforms
23:14:54 [INFO] src.modules.google_dorks: Google search found 1 results for pattern 'simple_search'
23:14:54 [INFO] src.modules.google_dorks: Pattern 'simple_search' found 1 results
23:14:54 [INFO] src.modules.google_dorks: Google search found 1 results for pattern 'simple_search'
23:14:54 [INFO] src.modules.google_dorks: Pattern 'simple_search' found 1 results
23:14:54 [ERROR] src.modules.username_search: Exception checking GitLab: 'expected_status'
23:14:54 [INFO] src.modules.username_search: Username search complete: login.html?authRedirect=true → found on 6/12 platforms
23:14:56 [INFO] src.modules.google_dorks: Google search found 1 results for pattern 'profile_pages'
23:14:56 [INFO] src.modules.google_dorks: Pattern 'profile_pages' found 1 results
23:14:56 [INFO] src.modules.google_dorks: Google search found 1 results for pattern 'social_platforms'
23:14:56 [INFO] src.modules.google_dorks: Pattern 'social_platforms' found 1 results
23:14:58 [WARNING] src.modules.google_dorks: Google rate limited (429) for query: site:twitter.com "login.html?authRedirect=true" OR site:linkedin.com "login.html?authRedirect=true" OR site:github.com "login.html?authRedirect=true" OR site:instagram.com "login.html?authRedirect=true"
23:14:58 [WARNING] src.modules.google_dorks: Google rate limited (429) for query: intitle:"profile" "mail" OR intitle:"user" "mail"
23:14:58 [WARNING] src.modules.google_dorks: Pattern 'social_platforms' failed: Rate limited by Google (429)
23:14:58 [WARNING] src.modules.google_dorks: Pattern 'profile_pages' failed: Rate limited by Google (429)
23:14:58 [INFO] src.modules.google_dorks: Google Dorks search discovered 4 artifacts
23:14:58 [INFO] src.modules.google_dorks: Google Dorks search discovered 4 artifacts
23:14:58 [INFO] src.orchestrator: Plugin system processed 2 plugins, discovered 4 artifacts
23:14:58 [INFO] src.orchestrator: Plugin system processed 2 plugins, discovered 4 artifacts
23:14:58 [INFO] src.orchestrator: BFS processing complete. Processed 57 artifacts
23:14:58 [INFO] src.orchestrator: Processing batch of 5 artifacts concurrently
23:14:58 [INFO] src.orchestrator: Processing: platform_presence=https://www.pinterest.com/Login/ (depth=2, queue_size=153)
23:14:58 [INFO] src.orchestrator: Processing: platform_presence=https://medium.com/@Login (depth=2, queue_size=153)
23:14:58 [INFO] src.orchestrator: Processing: platform_presence=https://keybase.io/Login (depth=2, queue_size=153)
23:14:58 [INFO] src.orchestrator: Processing: platform_presence=https://mastodon.social/@Login (depth=2, queue_size=153)
23:14:58 [INFO] src.orchestrator: Processing: username=www.office.com (depth=2, queue_size=153)
23:14:58 [INFO] src.plugins.builtins.profile_image_plugin: Extracting profile image from: https://medium.com/@Login
23:14:58 [INFO] src.plugins.builtins.profile_image_plugin: Extracting profile image from: https://keybase.io/Login
23:14:58 [INFO] src.plugins.builtins.profile_image_plugin: Extracting profile image from: https://www.pinterest.com/Login/
23:14:58 [INFO] src.plugins.builtins.profile_image_plugin: Extracting profile image from: https://mastodon.social/@Login
23:14:59 [INFO] src.orchestrator: Plugin system processed 1 plugins, discovered 0 artifacts
23:14:59 [ERROR] src.modules.username_search: Exception checking GitLab: 'expected_status'
23:14:59 [ERROR] src.modules.username_search: Exception checking Reddit: 'expected_status'
23:14:59 [INFO] src.modules.username_search: Found www.office.com on HackerNews
23:14:59 [INFO] src.modules.username_search: Found www.office.com on Steam
23:14:59 [INFO] src.modules.username_search: Found www.office.com on Mastodon
23:14:59 [INFO] src.plugins.builtins.profile_image_plugin: Found profile image for https://mastodon.social/@Login: https://mastodon.social/avatars/original/missing.png
23:14:59 [INFO] src.orchestrator: Plugin system processed 1 plugins, discovered 1 artifacts
23:14:59 [INFO] src.modules.username_search: Found www.office.com on Pinterest
23:14:59 [INFO] src.modules.username_search: Found www.office.com on Instagram
23:14:59 [INFO] src.modules.username_search: Found www.office.com on Medium
23:14:59 [INFO] src.modules.username_search: Username search complete: www.office.com → found on 6/12 platforms
23:14:59 [INFO] src.orchestrator: Plugin system processed 1 plugins, discovered 0 artifacts
23:14:59 [INFO] src.orchestrator: Plugin system processed 1 plugins, discovered 0 artifacts
23:15:02 [INFO] src.modules.google_dorks: Limiting patterns from 8 to 3 to avoid rate limiting
23:15:02 [INFO] src.modules.google_dorks: Searching for username 'www.office.com' with 3 dork patterns
23:15:02 [INFO] src.modules.google_dorks: DuckDuckGo search found 0 results for pattern 'profile_pages'
23:15:02 [WARNING] src.modules.google_dorks: Pattern 'profile_pages' failed: None
23:15:02 [INFO] src.modules.google_dorks: DuckDuckGo search found 0 results for pattern 'simple_search'
23:15:02 [WARNING] src.modules.google_dorks: Pattern 'simple_search' failed: None
23:15:02 [INFO] src.modules.google_dorks: DuckDuckGo search found 0 results for pattern 'social_platforms'
23:15:02 [WARNING] src.modules.google_dorks: Pattern 'social_platforms' failed: None
23:15:02 [INFO] src.modules.google_dorks: Google Dorks search discovered 0 artifacts
23:15:02 [INFO] src.modules.google_dorks: Limiting patterns from 8 to 3 to avoid rate limiting
23:15:02 [INFO] src.modules.google_dorks: Searching for username 'www.office.com' with 3 dork patterns
23:15:02 [INFO] src.modules.username_search: Found www.office.com on HackerNews
23:15:02 [INFO] src.modules.username_search: Found www.office.com on Pinterest
23:15:02 [INFO] src.modules.username_search: Found www.office.com on Medium
23:15:02 [INFO] src.modules.username_search: Found www.office.com on Instagram
23:15:02 [INFO] src.modules.username_search: Found www.office.com on Steam
23:15:02 [INFO] src.modules.username_search: Found www.office.com on Mastodon
23:15:02 [ERROR] src.modules.username_search: Exception checking Reddit: 'expected_status'
23:15:02 [ERROR] src.modules.username_search: Exception checking GitLab: 'expected_status'
23:15:02 [INFO] src.modules.username_search: Username search complete: www.office.com → found on 6/12 platforms
23:15:03 [WARNING] src.modules.google_dorks: Google rate limited (429) for query: www.office.com
23:15:03 [WARNING] src.modules.google_dorks: Pattern 'simple_search' failed: Rate limited by Google (429)
23:15:05 [WARNING] src.modules.google_dorks: Google rate limited (429) for query: site:twitter.com "www.office.com" OR site:linkedin.com "www.office.com" OR site:github.com "www.office.com" OR site:instagram.com "www.office.com"
23:15:05 [WARNING] src.modules.google_dorks: Pattern 'social_platforms' failed: Rate limited by Google (429)
23:15:07 [WARNING] src.modules.google_dorks: Google rate limited (429) for query: intitle:"profile" "www.office.com" OR intitle:"user" "www.office.com"
23:15:07 [WARNING] src.modules.google_dorks: Pattern 'profile_pages' failed: Rate limited by Google (429)
23:15:07 [INFO] src.modules.google_dorks: Google Dorks search discovered 0 artifacts
23:15:07 [INFO] src.orchestrator: Plugin system processed 2 plugins, discovered 0 artifacts
23:15:07 [INFO] src.orchestrator: BFS processing complete. Processed 62 artifacts
23:15:07 [INFO] src.orchestrator: Processing batch of 5 artifacts concurrently
23:15:07 [INFO] src.orchestrator: Processing: username=inbox (depth=2, queue_size=148)
23:15:07 [INFO] src.orchestrator: Processing: domain=office.com (depth=2, queue_size=148)
23:15:07 [WARNING] src.orchestrator: Unknown artifact type: domain
23:15:07 [INFO] src.orchestrator: Processing: username=login.php (depth=2, queue_size=148)
23:15:07 [INFO] src.orchestrator: Processing: username=login.salesforce.com (depth=2, queue_size=148)
23:15:07 [INFO] src.orchestrator: Processing: domain=login.salesforce.com (depth=2, queue_size=148)
23:15:07 [WARNING] src.orchestrator: Unknown artifact type: domain
23:15:07 [ERROR] src.orchestrator: External tools processing failed for office.com: 'WhoisIntegration' object has no attribute 'search_username'
23:15:07 [ERROR] src.orchestrator: External tools processing failed for login.salesforce.com: 'WhoisIntegration' object has no attribute 'search_username'
23:15:07 [INFO] src.orchestrator: Plugin system processed 2 plugins, discovered 5 artifacts
23:15:07 [INFO] src.modules.username_search: Found inbox on GitHub
23:15:07 [INFO] src.modules.username_search: Found inbox on Keybase
23:15:07 [ERROR] src.modules.username_search: Exception checking GitLab: 'expected_status'
23:15:07 [ERROR] src.modules.username_search: Exception checking Reddit: 'expected_status'
23:15:07 [INFO] src.modules.username_search: Found login.php on Steam
23:15:07 [ERROR] src.modules.username_search: Exception checking GitLab: 'expected_status'
23:15:07 [ERROR] src.modules.username_search: Exception checking Reddit: 'expected_status'
23:15:07 [ERROR] src.modules.username_search: Exception checking GitLab: 'expected_status'
23:15:07 [INFO] src.modules.username_search: Found inbox on Instagram
23:15:07 [INFO] src.modules.username_search: Found login.salesforce.com on HackerNews
23:15:07 [INFO] src.modules.username_search: Found login.php on HackerNews
23:15:07 [INFO] src.modules.username_search: Found inbox on HackerNews
23:15:07 [INFO] src.modules.username_search: Found login.php on Instagram
23:15:07 [INFO] src.modules.username_search: Found login.salesforce.com on Instagram
23:15:07 [INFO] src.modules.username_search: Found login.salesforce.com on Steam
23:15:07 [INFO] src.modules.username_search: Found login.salesforce.com on Mastodon
23:15:07 [INFO] src.modules.username_search: Found inbox on Mastodon
23:15:07 [INFO] src.modules.username_search: Found login.salesforce.com on Medium
23:15:07 [ERROR] src.modules.username_search: Exception checking Reddit: 'expected_status'
23:15:07 [INFO] src.modules.username_search: Found login.php on Pinterest
23:15:08 [INFO] src.modules.username_search: Found login.salesforce.com on Pinterest
23:15:08 [INFO] src.modules.username_search: Username search complete: login.salesforce.com → found on 6/12 platforms
23:15:08 [INFO] src.modules.username_search: Found inbox on Medium
23:15:08 [INFO] src.modules.username_search: Username search complete: inbox → found on 6/12 platforms
23:15:09 [INFO] src.orchestrator: Plugin system processed 2 plugins, discovered 10 artifacts
23:15:10 [INFO] src.modules.google_dorks: Limiting patterns from 8 to 3 to avoid rate limiting
23:15:10 [INFO] src.modules.google_dorks: Searching for username 'login.salesforce.com' with 3 dork patterns
23:15:10 [INFO] src.modules.google_dorks: Pattern 'profile_pages' found 1 results
23:15:10 [INFO] src.modules.google_dorks: DuckDuckGo search found 0 results for pattern 'simple_search'
23:15:10 [WARNING] src.modules.google_dorks: Pattern 'simple_search' failed: None
23:15:10 [INFO] src.modules.google_dorks: DuckDuckGo search found 0 results for pattern 'social_platforms'
23:15:10 [WARNING] src.modules.google_dorks: Pattern 'social_platforms' failed: None
23:15:10 [INFO] src.modules.google_dorks: Google Dorks search discovered 2 artifacts
23:15:10 [INFO] src.orchestrator: Google Dorks found 2 artifacts for username login.salesforce.com
23:15:10 [INFO] src.modules.google_dorks: Limiting patterns from 8 to 3 to avoid rate limiting
23:15:10 [INFO] src.modules.google_dorks: Searching for username 'inbox' with 3 dork patterns
23:15:10 [INFO] src.modules.google_dorks: Pattern 'simple_search' found 10 results
23:15:10 [INFO] src.modules.google_dorks: Limiting patterns from 8 to 3 to avoid rate limiting
23:15:10 [INFO] src.modules.google_dorks: Searching for username 'login.salesforce.com' with 3 dork patterns
23:15:10 [INFO] src.modules.username_search: Found login.salesforce.com on Instagram
23:15:10 [INFO] src.modules.username_search: Found login.salesforce.com on HackerNews
23:15:10 [INFO] src.modules.username_search: Found login.salesforce.com on Medium
23:15:10 [INFO] src.modules.username_search: Found login.salesforce.com on Pinterest
23:15:10 [INFO] src.modules.username_search: Found login.salesforce.com on Steam
23:15:10 [INFO] src.modules.username_search: Found login.salesforce.com on Mastodon
23:15:10 [INFO] src.modules.google_dorks: DuckDuckGo search found 0 results for pattern 'profile_pages'
23:15:10 [WARNING] src.modules.google_dorks: Pattern 'profile_pages' failed: None
23:15:10 [INFO] src.modules.google_dorks: DuckDuckGo search found 0 results for pattern 'social_platforms'
23:15:10 [WARNING] src.modules.google_dorks: Pattern 'social_platforms' failed: None
23:15:10 [INFO] src.modules.google_dorks: Google Dorks search discovered 20 artifacts
23:15:10 [INFO] src.orchestrator: Google Dorks found 20 artifacts for username inbox
23:15:10 [INFO] src.modules.google_dorks: Limiting patterns from 8 to 3 to avoid rate limiting
23:15:10 [INFO] src.modules.google_dorks: Searching for username 'inbox' with 3 dork patterns
23:15:10 [INFO] src.modules.username_search: Found inbox on Mastodon
23:15:10 [INFO] src.modules.username_search: Found inbox on GitHub
23:15:10 [INFO] src.modules.username_search: Found inbox on Keybase
23:15:10 [INFO] src.modules.username_search: Found inbox on Medium
23:15:10 [INFO] src.modules.username_search: Found inbox on HackerNews
23:15:10 [INFO] src.modules.username_search: Found inbox on Instagram
23:15:11 [ERROR] src.modules.username_search: Exception checking GitLab: 'expected_status'
23:15:11 [ERROR] src.modules.username_search: Exception checking Reddit: 'expected_status'
23:15:11 [ERROR] src.modules.username_search: Exception checking GitLab: 'expected_status'
23:15:11 [INFO] src.modules.username_search: Username search complete: inbox → found on 6/12 platforms
23:15:11 [ERROR] src.modules.username_search: Exception checking Reddit: 'expected_status'
23:15:11 [INFO] src.modules.username_search: Username search complete: login.salesforce.com → found on 6/12 platforms
23:15:11 [WARNING] src.modules.google_dorks: Google rate limited (429) for query: inbox
23:15:11 [WARNING] src.modules.google_dorks: Google rate limited (429) for query: login.salesforce.com
23:15:11 [WARNING] src.modules.google_dorks: Pattern 'simple_search' failed: Rate limited by Google (429)
23:15:11 [WARNING] src.modules.google_dorks: Pattern 'simple_search' failed: Rate limited by Google (429)
23:15:13 [WARNING] src.modules.google_dorks: Google rate limited (429) for query: site:twitter.com "login.salesforce.com" OR site:linkedin.com "login.salesforce.com" OR site:github.com "login.salesforce.com" OR site:instagram.com "login.salesforce.com"
23:15:13 [WARNING] src.modules.google_dorks: Pattern 'social_platforms' failed: Rate limited by Google (429)
23:15:13 [WARNING] src.modules.google_dorks: Google rate limited (429) for query: site:twitter.com "inbox" OR site:linkedin.com "inbox" OR site:github.com "inbox" OR site:instagram.com "inbox"
23:15:13 [WARNING] src.modules.google_dorks: Pattern 'social_platforms' failed: Rate limited by Google (429)
23:15:15 [WARNING] src.modules.google_dorks: Google rate limited (429) for query: intitle:"profile" "inbox" OR intitle:"user" "inbox"
23:15:15 [WARNING] src.modules.google_dorks: Pattern 'profile_pages' failed: Rate limited by Google (429)
23:15:15 [INFO] src.modules.google_dorks: Google Dorks search discovered 0 artifacts
23:15:15 [INFO] src.orchestrator: Plugin system processed 2 plugins, discovered 0 artifacts
23:15:15 [WARNING] src.modules.google_dorks: Google rate limited (429) for query: intitle:"profile" "login.salesforce.com" OR intitle:"user" "login.salesforce.com"
23:15:15 [WARNING] src.modules.google_dorks: Pattern 'profile_pages' failed: Rate limited by Google (429)
23:15:15 [INFO] src.modules.google_dorks: Google Dorks search discovered 0 artifacts
23:15:15 [INFO] src.orchestrator: Plugin system processed 2 plugins, discovered 0 artifacts
23:15:17 [WARNING] urllib3.connectionpool: Retrying (Retry(total=0, connect=None, read=None, redirect=None, status=None)) after connection broken by 'ReadTimeoutError("HTTPSConnectionPool(host='mastodon.social', port=443): Read timed out. (read timeout=10)")': /@login.php
23:15:27 [INFO] src.modules.username_search: Username search complete: login.php → found on 4/12 platforms
23:15:29 [INFO] src.modules.google_dorks: Limiting patterns from 8 to 3 to avoid rate limiting
23:15:29 [INFO] src.modules.google_dorks: Searching for username 'login.php' with 3 dork patterns
23:15:29 [INFO] src.modules.google_dorks: DuckDuckGo search found 0 results for pattern 'profile_pages'
23:15:29 [INFO] src.modules.google_dorks: DuckDuckGo search found 0 results for pattern 'social_platforms'
23:15:29 [INFO] src.modules.google_dorks: DuckDuckGo search found 0 results for pattern 'simple_search'
23:15:29 [WARNING] src.modules.google_dorks: Pattern 'profile_pages' failed: None
23:15:29 [WARNING] src.modules.google_dorks: Pattern 'social_platforms' failed: None
23:15:29 [WARNING] src.modules.google_dorks: Pattern 'simple_search' failed: None
23:15:29 [INFO] src.modules.google_dorks: Google Dorks search discovered 0 artifacts
23:15:29 [INFO] src.modules.google_dorks: Limiting patterns from 8 to 3 to avoid rate limiting
23:15:29 [INFO] src.modules.google_dorks: Searching for username 'login.php' with 3 dork patterns
23:15:29 [INFO] src.modules.username_search: Found login.php on Instagram
23:15:29 [INFO] src.modules.username_search: Found login.php on HackerNews
23:15:29 [INFO] src.modules.username_search: Found login.php on Pinterest
23:15:29 [INFO] src.modules.username_search: Found login.php on Steam
23:15:30 [ERROR] src.modules.username_search: Exception checking GitLab: 'expected_status'
23:15:30 [WARNING] src.modules.google_dorks: Google rate limited (429) for query: login.php
23:15:30 [WARNING] src.modules.google_dorks: Pattern 'simple_search' failed: Rate limited by Google (429)
23:15:30 [ERROR] src.modules.username_search: Exception checking Reddit: 'expected_status'
23:15:30 [INFO] src.modules.username_search: Username search complete: login.php → found on 4/12 platforms
23:15:32 [WARNING] src.modules.google_dorks: Google rate limited (429) for query: site:twitter.com "login.php" OR site:linkedin.com "login.php" OR site:github.com "login.php" OR site:instagram.com "login.php"
23:15:32 [WARNING] src.modules.google_dorks: Pattern 'social_platforms' failed: Rate limited by Google (429)
23:15:34 [WARNING] src.modules.google_dorks: Google rate limited (429) for query: intitle:"profile" "login.php" OR intitle:"user" "login.php"
23:15:34 [WARNING] src.modules.google_dorks: Pattern 'profile_pages' failed: Rate limited by Google (429)
23:15:34 [INFO] src.modules.google_dorks: Google Dorks search discovered 0 artifacts
23:15:34 [INFO] src.orchestrator: Plugin system processed 2 plugins, discovered 0 artifacts
23:15:34 [INFO] src.orchestrator: BFS processing complete. Processed 67 artifacts
23:15:34 [INFO] src.orchestrator: Processing batch of 5 artifacts concurrently
23:15:34 [INFO] src.orchestrator: Processing: domain=myaccount.microsoft.com (depth=2, queue_size=143)
23:15:34 [INFO] src.orchestrator: Processing: username=secure.login.gov (depth=2, queue_size=143)
23:15:34 [WARNING] src.orchestrator: Unknown artifact type: domain
23:15:34 [INFO] src.orchestrator: Processing: username=login (depth=2, queue_size=143)
23:15:34 [INFO] src.orchestrator: Processing: domain=secure.login.gov (depth=2, queue_size=143)
23:15:34 [INFO] src.orchestrator: Processing: username=en (depth=2, queue_size=143)
23:15:34 [WARNING] src.orchestrator: Unknown artifact type: domain
23:15:34 [ERROR] src.orchestrator: External tools processing failed for myaccount.microsoft.com: 'WhoisIntegration' object has no attribute 'search_username'
23:15:34 [ERROR] src.orchestrator: External tools processing failed for secure.login.gov: 'WhoisIntegration' object has no attribute 'search_username'
23:15:34 [INFO] src.modules.username_search: Found login on Keybase
23:15:34 [INFO] src.modules.username_search: Found en on GitHub
23:15:34 [ERROR] src.modules.username_search: Exception checking GitLab: 'expected_status'
23:15:34 [ERROR] src.modules.username_search: Exception checking Reddit: 'expected_status'
23:15:34 [ERROR] src.modules.username_search: Exception checking Reddit: 'expected_status'
23:15:34 [ERROR] src.modules.username_search: Exception checking GitLab: 'expected_status'
23:15:34 [ERROR] src.modules.username_search: Exception checking GitLab: 'expected_status'
23:15:34 [ERROR] src.modules.username_search: Exception checking Reddit: 'expected_status'
23:15:34 [INFO] src.modules.username_search: Found en on Keybase
23:15:34 [INFO] src.modules.username_search: Found secure.login.gov on HackerNews
23:15:34 [INFO] src.modules.username_search: Found login on HackerNews
23:15:34 [INFO] src.modules.username_search: Found en on HackerNews
23:15:34 [INFO] src.modules.username_search: Found en on Instagram
23:15:34 [INFO] src.modules.username_search: Found secure.login.gov on Instagram
23:15:34 [INFO] src.modules.username_search: Found secure.login.gov on Steam
23:15:34 [INFO] src.modules.username_search: Found login on Instagram
23:15:34 [INFO] src.orchestrator: Plugin system processed 2 plugins, discovered 11 artifacts
23:15:34 [INFO] src.modules.username_search: Found login on Steam
23:15:34 [INFO] src.modules.username_search: Found login on Mastodon
23:15:34 [INFO] src.modules.username_search: Found secure.login.gov on Mastodon
23:15:34 [INFO] src.modules.username_search: Found en on Mastodon
23:15:35 [INFO] src.modules.username_search: Found en on Steam
23:15:35 [INFO] src.modules.username_search: Found login on Medium
23:15:35 [INFO] src.modules.username_search: Found secure.login.gov on Pinterest
23:15:35 [INFO] src.modules.username_search: Found login on Pinterest
23:15:35 [INFO] src.modules.username_search: Username search complete: login → found on 7/12 platforms
23:15:35 [INFO] src.modules.username_search: Found secure.login.gov on Medium
23:15:35 [INFO] src.modules.username_search: Username search complete: secure.login.gov → found on 6/12 platforms
23:15:35 [INFO] src.modules.username_search: Found en on Pinterest
23:15:35 [INFO] src.modules.username_search: Username search complete: en → found on 7/12 platforms
23:15:36 [INFO] src.orchestrator: Plugin system processed 2 plugins, discovered 11 artifacts
23:15:37 [INFO] src.modules.google_dorks: Limiting patterns from 8 to 3 to avoid rate limiting
23:15:37 [INFO] src.modules.google_dorks: Searching for username 'en' with 3 dork patterns
23:15:37 [INFO] src.modules.google_dorks: Pattern 'simple_search' found 10 results
23:15:37 [INFO] src.modules.google_dorks: DuckDuckGo search found 0 results for pattern 'profile_pages'
23:15:37 [WARNING] src.modules.google_dorks: Pattern 'profile_pages' failed: None
23:15:37 [INFO] src.modules.google_dorks: DuckDuckGo search found 0 results for pattern 'social_platforms'
23:15:37 [WARNING] src.modules.google_dorks: Pattern 'social_platforms' failed: None
23:15:37 [INFO] src.modules.google_dorks: Google Dorks search discovered 20 artifacts
23:15:37 [INFO] src.orchestrator: Google Dorks found 20 artifacts for username en
23:15:37 [INFO] src.modules.google_dorks: Limiting patterns from 8 to 3 to avoid rate limiting
23:15:37 [INFO] src.modules.google_dorks: Searching for username 'en' with 3 dork patterns
23:15:37 [INFO] src.modules.username_search: Found en on Keybase
23:15:37 [INFO] src.modules.username_search: Found en on GitHub
23:15:37 [INFO] src.modules.username_search: Found en on Instagram
23:15:37 [INFO] src.modules.username_search: Found en on HackerNews
23:15:37 [INFO] src.modules.username_search: Found en on Pinterest
23:15:37 [INFO] src.modules.username_search: Found en on Steam
23:15:37 [INFO] src.modules.username_search: Found en on Mastodon
23:15:37 [ERROR] src.modules.username_search: Exception checking Reddit: 'expected_status'
23:15:37 [ERROR] src.modules.username_search: Exception checking GitLab: 'expected_status'
23:15:38 [INFO] src.modules.username_search: Username search complete: en → found on 7/12 platforms
23:15:38 [INFO] src.modules.google_dorks: Limiting patterns from 8 to 3 to avoid rate limiting
23:15:38 [INFO] src.modules.google_dorks: Searching for username 'login' with 3 dork patterns
23:15:38 [INFO] src.modules.google_dorks: DuckDuckGo search found 0 results for pattern 'profile_pages'
23:15:38 [WARNING] src.modules.google_dorks: Pattern 'profile_pages' failed: None
23:15:38 [INFO] src.modules.google_dorks: DuckDuckGo search found 0 results for pattern 'simple_search'
23:15:38 [INFO] src.modules.google_dorks: DuckDuckGo search found 0 results for pattern 'social_platforms'
23:15:38 [WARNING] src.modules.google_dorks: Pattern 'simple_search' failed: None
23:15:38 [WARNING] src.modules.google_dorks: Pattern 'social_platforms' failed: None
23:15:38 [INFO] src.modules.google_dorks: Google Dorks search discovered 0 artifacts
23:15:38 [INFO] src.modules.google_dorks: Limiting patterns from 8 to 3 to avoid rate limiting
23:15:38 [INFO] src.modules.google_dorks: Searching for username 'secure.login.gov' with 3 dork patterns
23:15:38 [INFO] src.modules.google_dorks: Pattern 'profile_pages' found 1 results
23:15:38 [INFO] src.modules.google_dorks: Pattern 'simple_search' found 10 results
23:15:38 [INFO] src.modules.google_dorks: Limiting patterns from 8 to 3 to avoid rate limiting
23:15:38 [INFO] src.modules.google_dorks: Searching for username 'login' with 3 dork patterns
23:15:38 [INFO] src.modules.username_search: Found login on Keybase
23:15:38 [INFO] src.modules.username_search: Found login on HackerNews
23:15:38 [INFO] src.modules.username_search: Found login on Medium
23:15:38 [INFO] src.modules.username_search: Found login on Instagram
23:15:38 [INFO] src.modules.username_search: Found login on Pinterest
23:15:38 [INFO] src.modules.username_search: Found login on Steam
23:15:38 [INFO] src.modules.username_search: Found login on Mastodon
23:15:38 [INFO] src.modules.google_dorks: DuckDuckGo search found 0 results for pattern 'social_platforms'
23:15:38 [WARNING] src.modules.google_dorks: Pattern 'social_platforms' failed: None
23:15:38 [WARNING] src.modules.google_dorks: Limiting Google Dorks results from 11 to 10 to prevent exponential growth
23:15:38 [INFO] src.modules.google_dorks: Google Dorks search discovered 22 artifacts
23:15:38 [INFO] src.orchestrator: Google Dorks found 22 artifacts for username secure.login.gov
23:15:38 [INFO] src.modules.google_dorks: Limiting patterns from 8 to 3 to avoid rate limiting
23:15:38 [INFO] src.modules.google_dorks: Searching for username 'secure.login.gov' with 3 dork patterns
23:15:38 [INFO] src.modules.username_search: Found secure.login.gov on Medium
23:15:38 [INFO] src.modules.username_search: Found secure.login.gov on Instagram
23:15:38 [INFO] src.modules.username_search: Found secure.login.gov on HackerNews
23:15:38 [INFO] src.modules.username_search: Found secure.login.gov on Pinterest
23:15:38 [INFO] src.modules.username_search: Found secure.login.gov on Steam
23:15:38 [INFO] src.modules.username_search: Found secure.login.gov on Mastodon
23:15:38 [WARNING] src.modules.google_dorks: Google rate limited (429) for query: en
23:15:38 [WARNING] src.modules.google_dorks: Pattern 'simple_search' failed: Rate limited by Google (429)
23:15:38 [ERROR] src.modules.username_search: Exception checking GitLab: 'expected_status'
23:15:38 [WARNING] src.modules.google_dorks: Google rate limited (429) for query: login
23:15:38 [WARNING] src.modules.google_dorks: Pattern 'simple_search' failed: Rate limited by Google (429)
23:15:38 [ERROR] src.modules.username_search: Exception checking Reddit: 'expected_status'
23:15:38 [ERROR] src.modules.username_search: Exception checking GitLab: 'expected_status'
23:15:38 [INFO] src.modules.username_search: Username search complete: secure.login.gov → found on 6/12 platforms
23:15:39 [ERROR] src.modules.username_search: Exception checking Reddit: 'expected_status'
23:15:39 [INFO] src.modules.username_search: Username search complete: login → found on 7/12 platforms
23:15:39 [WARNING] src.modules.google_dorks: Google rate limited (429) for query: site:twitter.com "secure.login.gov" OR site:linkedin.com "secure.login.gov" OR site:github.com "secure.login.gov" OR site:instagram.com "secure.login.gov"
23:15:39 [WARNING] src.modules.google_dorks: Pattern 'social_platforms' failed: Rate limited by Google (429)
23:15:40 [WARNING] src.modules.google_dorks: Google rate limited (429) for query: site:twitter.com "en" OR site:linkedin.com "en" OR site:github.com "en" OR site:instagram.com "en"
23:15:40 [WARNING] src.modules.google_dorks: Pattern 'social_platforms' failed: Rate limited by Google (429)
23:15:40 [WARNING] src.modules.google_dorks: Google rate limited (429) for query: site:twitter.com "login" OR site:linkedin.com "login" OR site:github.com "login" OR site:instagram.com "login"
23:15:40 [WARNING] src.modules.google_dorks: Pattern 'social_platforms' failed: Rate limited by Google (429)
23:15:41 [WARNING] src.modules.google_dorks: Google rate limited (429) for query: secure.login.gov
23:15:41 [WARNING] src.modules.google_dorks: Pattern 'simple_search' failed: Rate limited by Google (429)
23:15:42 [WARNING] src.modules.google_dorks: Google rate limited (429) for query: intitle:"profile" "en" OR intitle:"user" "en"
23:15:42 [WARNING] src.modules.google_dorks: Pattern 'profile_pages' failed: Rate limited by Google (429)
23:15:42 [INFO] src.modules.google_dorks: Google Dorks search discovered 0 artifacts
23:15:42 [INFO] src.orchestrator: Plugin system processed 2 plugins, discovered 0 artifacts
23:15:42 [WARNING] src.modules.google_dorks: Google rate limited (429) for query: intitle:"profile" "login" OR intitle:"user" "login"
23:15:42 [WARNING] src.modules.google_dorks: Pattern 'profile_pages' failed: Rate limited by Google (429)
23:15:42 [INFO] src.modules.google_dorks: Google Dorks search discovered 0 artifacts
23:15:42 [INFO] src.orchestrator: Plugin system processed 2 plugins, discovered 0 artifacts
23:15:43 [WARNING] src.modules.google_dorks: Google rate limited (429) for query: intitle:"profile" "secure.login.gov" OR intitle:"user" "secure.login.gov"
23:15:43 [WARNING] src.modules.google_dorks: Pattern 'profile_pages' failed: Rate limited by Google (429)
23:15:43 [INFO] src.modules.google_dorks: Google Dorks search discovered 0 artifacts
23:15:43 [INFO] src.orchestrator: Plugin system processed 2 plugins, discovered 0 artifacts
23:15:43 [INFO] src.orchestrator: BFS processing complete. Processed 72 artifacts
23:15:43 [INFO] src.orchestrator: Processing batch of 5 artifacts concurrently
23:15:43 [INFO] src.orchestrator: Processing: domain=my.jfrog.com (depth=2, queue_size=138)
23:15:43 [WARNING] src.orchestrator: Unknown artifact type: domain
23:15:43 [INFO] src.orchestrator: Processing: username=login?request_type=LogonHandler&Face=en_US (depth=2, queue_size=138)
23:15:43 [INFO] src.orchestrator: Processing: domain=linkedin.com (depth=2, queue_size=138)
23:15:43 [INFO] src.orchestrator: Processing: domain=vibe.emindful.com (depth=2, queue_size=138)
23:15:43 [INFO] src.orchestrator: Processing: domain=americanexpress.com (depth=2, queue_size=138)
23:15:43 [WARNING] src.orchestrator: Unknown artifact type: domain
23:15:43 [WARNING] src.orchestrator: Unknown artifact type: domain
23:15:43 [WARNING] src.orchestrator: Unknown artifact type: domain
23:15:43 [ERROR] src.orchestrator: External tools processing failed for my.jfrog.com: 'WhoisIntegration' object has no attribute 'search_username'
23:15:43 [ERROR] src.orchestrator: External tools processing failed for linkedin.com: 'WhoisIntegration' object has no attribute 'search_username'
23:15:43 [ERROR] src.orchestrator: External tools processing failed for vibe.emindful.com: 'WhoisIntegration' object has no attribute 'search_username'
23:15:43 [ERROR] src.orchestrator: External tools processing failed for americanexpress.com: 'WhoisIntegration' object has no attribute 'search_username'
23:15:43 [ERROR] src.modules.username_search: Exception checking Reddit: 'expected_status'
23:15:43 [INFO] src.modules.username_search: Found login?request_type=LogonHandler&Face=en_US on Keybase
23:15:43 [ERROR] src.modules.username_search: Exception checking GitLab: 'expected_status'
23:15:43 [INFO] src.modules.username_search: Found login?request_type=LogonHandler&Face=en_US on Steam
23:15:43 [INFO] src.orchestrator: Plugin system processed 2 plugins, discovered 13 artifacts
23:15:43 [INFO] src.modules.username_search: Found login?request_type=LogonHandler&Face=en_US on HackerNews
23:15:43 [INFO] src.modules.username_search: Found login?request_type=LogonHandler&Face=en_US on Instagram
23:15:43 [INFO] src.modules.username_search: Found login?request_type=LogonHandler&Face=en_US on Medium
23:15:43 [INFO] src.modules.username_search: Found login?request_type=LogonHandler&Face=en_US on Mastodon
23:15:43 [INFO] src.modules.username_search: Username search complete: login?request_type=LogonHandler&Face=en_US → found on 6/12 platforms
23:15:44 [INFO] src.orchestrator: Plugin system processed 2 plugins, discovered 9 artifacts
23:15:44 [INFO] src.orchestrator: Plugin system processed 2 plugins, discovered 9 artifacts
23:15:45 [INFO] src.orchestrator: Plugin system processed 2 plugins, discovered 5 artifacts
23:15:46 [INFO] src.modules.google_dorks: Limiting patterns from 8 to 3 to avoid rate limiting
23:15:46 [INFO] src.modules.google_dorks: Searching for username 'login?request_type=LogonHandler&Face=en_US' with 3 dork patterns
23:15:46 [INFO] src.modules.google_dorks: DuckDuckGo search found 0 results for pattern 'simple_search'
23:15:46 [INFO] src.modules.google_dorks: DuckDuckGo search found 0 results for pattern 'social_platforms'
23:15:46 [INFO] src.modules.google_dorks: DuckDuckGo search found 0 results for pattern 'profile_pages'
23:15:46 [WARNING] src.modules.google_dorks: Pattern 'simple_search' failed: None
23:15:46 [WARNING] src.modules.google_dorks: Pattern 'profile_pages' failed: None
23:15:46 [WARNING] src.modules.google_dorks: Pattern 'social_platforms' failed: None
23:15:46 [INFO] src.modules.google_dorks: Google Dorks search discovered 0 artifacts
23:15:46 [INFO] src.modules.google_dorks: Limiting patterns from 8 to 3 to avoid rate limiting
23:15:46 [INFO] src.modules.google_dorks: Searching for username 'login?request_type=LogonHandler&Face=en_US' with 3 dork patterns
23:15:46 [INFO] src.modules.username_search: Found login?request_type=LogonHandler&Face=en_US on Keybase
23:15:46 [INFO] src.modules.username_search: Found login?request_type=LogonHandler&Face=en_US on Medium
23:15:46 [INFO] src.modules.username_search: Found login?request_type=LogonHandler&Face=en_US on Instagram
23:15:46 [INFO] src.modules.username_search: Found login?request_type=LogonHandler&Face=en_US on HackerNews
23:15:46 [INFO] src.modules.username_search: Found login?request_type=LogonHandler&Face=en_US on Steam
23:15:46 [INFO] src.modules.username_search: Found login?request_type=LogonHandler&Face=en_US on Mastodon
23:15:47 [ERROR] src.modules.username_search: Exception checking Reddit: 'expected_status'
23:15:47 [ERROR] src.modules.username_search: Exception checking GitLab: 'expected_status'
23:15:47 [INFO] src.modules.username_search: Username search complete: login?request_type=LogonHandler&Face=en_US → found on 6/12 platforms
23:15:47 [WARNING] src.modules.google_dorks: Google rate limited (429) for query: login?request_type=LogonHandler&Face=en_US
23:15:47 [WARNING] src.modules.google_dorks: Pattern 'simple_search' failed: Rate limited by Google (429)
23:15:49 [WARNING] src.modules.google_dorks: Google rate limited (429) for query: site:twitter.com "login?request_type=LogonHandler&Face=en_US" OR site:linkedin.com "login?request_type=LogonHandler&Face=en_US" OR site:github.com "login?request_type=LogonHandler&Face=en_US" OR site:instagram.com "login?request_type=LogonHandler&Face=en_US"
23:15:49 [WARNING] src.modules.google_dorks: Pattern 'social_platforms' failed: Rate limited by Google (429)
23:15:51 [WARNING] src.modules.google_dorks: Google rate limited (429) for query: intitle:"profile" "login?request_type=LogonHandler&Face=en_US" OR intitle:"user" "login?request_type=LogonHandler&Face=en_US"
23:15:51 [WARNING] src.modules.google_dorks: Pattern 'profile_pages' failed: Rate limited by Google (429)
23:15:51 [INFO] src.modules.google_dorks: Google Dorks search discovered 0 artifacts
23:15:51 [INFO] src.orchestrator: Plugin system processed 2 plugins, discovered 0 artifacts
23:15:51 [INFO] src.orchestrator: BFS processing complete. Processed 77 artifacts
23:15:51 [INFO] src.orchestrator: Processing batch of 5 artifacts concurrently
23:15:51 [INFO] src.orchestrator: Processing: ip=cctld.linkedin.com. (depth=2, queue_size=133)
23:15:51 [WARNING] src.orchestrator: Unknown artifact type: ip
23:15:51 [INFO] src.orchestrator: Processing: ip=150.171.110.83 (depth=2, queue_size=133)
23:15:51 [INFO] src.orchestrator: Processing: ip=mr-z01.tm-azurefd.net. (depth=2, queue_size=133)
23:15:51 [INFO] src.orchestrator: Processing: ip=cctld.es.lnkdns.net. (depth=2, queue_size=133)
23:15:51 [WARNING] src.orchestrator: Unknown artifact type: ip
23:15:51 [INFO] src.orchestrator: Processing: ip=cctld-d8ene4cje6dfh5g8.z01.azurefd.net. (depth=2, queue_size=133)
23:15:51 [WARNING] src.orchestrator: Unknown artifact type: ip
23:15:51 [WARNING] src.orchestrator: Unknown artifact type: ip
23:15:51 [WARNING] src.orchestrator: Unknown artifact type: ip
23:15:51 [INFO] src.orchestrator: Plugin system processed 1 plugins, discovered 0 artifacts
23:15:51 [INFO] src.orchestrator: Plugin system processed 1 plugins, discovered 0 artifacts
23:15:51 [INFO] src.orchestrator: Plugin system processed 1 plugins, discovered 0 artifacts
23:15:51 [INFO] src.orchestrator: Plugin system processed 1 plugins, discovered 0 artifacts
23:15:51 [INFO] src.orchestrator: Plugin system processed 1 plugins, discovered 0 artifacts
23:15:51 [INFO] src.orchestrator: BFS processing complete. Processed 82 artifacts
23:15:51 [INFO] src.orchestrator: Processing batch of 5 artifacts concurrently
23:15:51 [INFO] src.orchestrator: Processing: nameserver=cctld.linkedin.com. (depth=2, queue_size=128)
23:15:51 [WARNING] src.orchestrator: Unknown artifact type: nameserver
23:15:51 [INFO] src.orchestrator: Processing: mail_server=cctld.linkedin.com. (depth=2, queue_size=128)
23:15:51 [INFO] src.orchestrator: Processing: mail_server=cctld.es.lnkdns.net. (depth=2, queue_size=128)
23:15:51 [WARNING] src.orchestrator: Unknown artifact type: mail_server
23:15:51 [INFO] src.orchestrator: Processing: mail_server=www.linkedin.com.cdn.cloudflare.net. (depth=2, queue_size=128)
23:15:51 [WARNING] src.orchestrator: Unknown artifact type: mail_server
23:15:51 [INFO] src.orchestrator: Processing: nameserver=cctld.es.lnkdns.net. (depth=2, queue_size=128)
23:15:51 [WARNING] src.orchestrator: Unknown artifact type: mail_server
23:15:51 [WARNING] src.orchestrator: Unknown artifact type: nameserver
23:15:51 [WARNING] src.plugins.manager: No plugins available for artifact type: mail_server
23:15:51 [INFO] src.orchestrator: Plugin system processed 0 plugins, discovered 0 artifacts
23:15:51 [WARNING] src.plugins.manager: No plugins available for artifact type: mail_server
23:15:51 [INFO] src.orchestrator: Plugin system processed 0 plugins, discovered 0 artifacts
23:15:51 [WARNING] src.plugins.manager: No plugins available for artifact type: mail_server
23:15:51 [INFO] src.orchestrator: Plugin system processed 0 plugins, discovered 0 artifacts
23:15:51 [WARNING] src.plugins.manager: No plugins available for artifact type: nameserver
23:15:51 [INFO] src.orchestrator: Plugin system processed 0 plugins, discovered 0 artifacts
23:15:51 [WARNING] src.plugins.manager: No plugins available for artifact type: nameserver
23:15:51 [INFO] src.orchestrator: Plugin system processed 0 plugins, discovered 0 artifacts
23:15:51 [INFO] src.orchestrator: BFS processing complete. Processed 87 artifacts
23:15:51 [INFO] src.orchestrator: Processing batch of 5 artifacts concurrently
23:15:51 [INFO] src.orchestrator: Processing: ip=57.144.48.1 (depth=2, queue_size=123)
23:15:51 [INFO] src.orchestrator: Processing: nameserver=d.ns.facebook.com. (depth=2, queue_size=123)
23:15:51 [WARNING] src.orchestrator: Unknown artifact type: ip
23:15:51 [WARNING] src.orchestrator: Unknown artifact type: nameserver
23:15:51 [INFO] src.orchestrator: Processing: nameserver=c.ns.facebook.com. (depth=2, queue_size=123)
23:15:51 [INFO] src.orchestrator: Processing: nameserver=www.linkedin.com.cdn.cloudflare.net. (depth=2, queue_size=123)
23:15:51 [INFO] src.orchestrator: Processing: mail_server=10 smtpin.vvv.facebook.com. (depth=2, queue_size=123)
23:15:51 [WARNING] src.orchestrator: Unknown artifact type: nameserver
23:15:51 [WARNING] src.orchestrator: Unknown artifact type: nameserver
23:15:51 [WARNING] src.orchestrator: Unknown artifact type: mail_server
23:15:52 [WARNING] src.plugins.manager: No plugins available for artifact type: nameserver
23:15:52 [INFO] src.orchestrator: Plugin system processed 0 plugins, discovered 0 artifacts
23:15:52 [WARNING] src.plugins.manager: No plugins available for artifact type: nameserver
23:15:52 [INFO] src.orchestrator: Plugin system processed 0 plugins, discovered 0 artifacts
23:15:52 [WARNING] src.plugins.manager: No plugins available for artifact type: mail_server
23:15:52 [INFO] src.orchestrator: Plugin system processed 0 plugins, discovered 0 artifacts
23:15:52 [WARNING] src.plugins.manager: No plugins available for artifact type: nameserver
23:15:52 [INFO] src.orchestrator: Plugin system processed 0 plugins, discovered 0 artifacts
23:15:52 [INFO] src.orchestrator: Plugin system processed 1 plugins, discovered 0 artifacts
23:15:52 [INFO] src.orchestrator: BFS processing complete. Processed 92 artifacts
23:15:52 [INFO] src.orchestrator: Processing batch of 5 artifacts concurrently
23:15:52 [INFO] src.orchestrator: Processing: platform_presence=https://news.ycombinator.com/user?id=dhayanidhi-r-4200b5286 (depth=2, queue_size=118)
23:15:52 [INFO] src.orchestrator: Processing: nameserver=a.ns.facebook.com. (depth=2, queue_size=118)
23:15:52 [WARNING] src.orchestrator: Unknown artifact type: nameserver
23:15:52 [INFO] src.orchestrator: Processing: nameserver=b.ns.facebook.com. (depth=2, queue_size=118)
23:15:52 [WARNING] src.orchestrator: Unknown artifact type: nameserver
23:15:52 [INFO] src.orchestrator: Processing: platform_presence=https://www.pinterest.com/dhayanidhi-r-4200b5286/ (depth=2, queue_size=118)
23:15:52 [INFO] src.orchestrator: Processing: platform_presence=https://www.instagram.com/dhayanidhi-r-4200b5286/ (depth=2, queue_size=118)
23:15:52 [INFO] src.plugins.builtins.profile_image_plugin: Extracting profile image from: https://www.pinterest.com/dhayanidhi-r-4200b5286/
23:15:52 [WARNING] src.plugins.manager: No plugins available for artifact type: nameserver
23:15:52 [INFO] src.plugins.builtins.profile_image_plugin: Extracting profile image from: https://www.instagram.com/dhayanidhi-r-4200b5286/
23:15:52 [INFO] src.orchestrator: Plugin system processed 0 plugins, discovered 0 artifacts
23:15:52 [WARNING] src.plugins.manager: No plugins available for artifact type: nameserver
23:15:52 [INFO] src.orchestrator: Plugin system processed 0 plugins, discovered 0 artifacts
23:15:52 [INFO] src.plugins.builtins.profile_image_plugin: Extracting profile image from: https://news.ycombinator.com/user?id=dhayanidhi-r-4200b5286
23:15:52 [INFO] src.orchestrator: Plugin system processed 1 plugins, discovered 0 artifacts
23:15:53 [INFO] src.orchestrator: Plugin system processed 1 plugins, discovered 0 artifacts
23:15:53 [INFO] src.orchestrator: Plugin system processed 1 plugins, discovered 0 artifacts
23:15:53 [INFO] src.orchestrator: BFS processing complete. Processed 97 artifacts
23:15:53 [INFO] src.orchestrator: Processing batch of 5 artifacts concurrently
23:15:53 [INFO] src.orchestrator: Processing: domain=github.com (depth=2, queue_size=113)
23:15:53 [WARNING] src.orchestrator: Unknown artifact type: domain
23:15:53 [INFO] src.orchestrator: Processing: username=Dhayanidhi1 (depth=2, queue_size=113)
23:15:53 [INFO] src.orchestrator: Processing: platform_presence=https://medium.com/@dhayanidhi-r-4200b5286 (depth=2, queue_size=113)
23:15:53 [INFO] src.orchestrator: Processing: username=dhayanidhi-r-4200b5286_infrastructuredesign-rccstructures-roaddesign-activity-7241113881283059712-n5CR (depth=2, queue_size=113)
23:15:53 [INFO] src.orchestrator: Processing: platform_presence=https://steamcommunity.com/id/dhayanidhi-r-4200b5286 (depth=2, queue_size=113)
23:15:53 [ERROR] src.orchestrator: External tools processing failed for github.com: 'WhoisIntegration' object has no attribute 'search_username'
23:15:53 [INFO] src.plugins.builtins.profile_image_plugin: Extracting profile image from: https://steamcommunity.com/id/dhayanidhi-r-4200b5286
23:15:53 [INFO] src.plugins.builtins.profile_image_plugin: Extracting profile image from: https://medium.com/@dhayanidhi-r-4200b5286
23:15:53 [INFO] src.modules.username_search: Found Dhayanidhi1 on HackerNews
23:15:53 [INFO] src.modules.username_search: Found dhayanidhi-r-4200b5286_infrastructuredesign-rccstructures-roaddesign-activity-7241113881283059712-n5CR on HackerNews
23:15:53 [INFO] src.modules.username_search: Found Dhayanidhi1 on GitHub
23:15:53 [ERROR] src.modules.username_search: Exception checking GitLab: 'expected_status'
23:15:53 [INFO] src.orchestrator: Plugin system processed 1 plugins, discovered 0 artifacts
23:15:53 [ERROR] src.modules.username_search: Exception checking GitLab: 'expected_status'
23:15:53 [ERROR] src.modules.username_search: Exception checking Reddit: 'expected_status'
23:15:53 [ERROR] src.modules.username_search: Exception checking Reddit: 'expected_status'
23:15:53 [INFO] src.modules.username_search: Found Dhayanidhi1 on Medium
23:15:53 [INFO] src.modules.username_search: Found dhayanidhi-r-4200b5286_infrastructuredesign-rccstructures-roaddesign-activity-7241113881283059712-n5CR on Pinterest
23:15:53 [INFO] src.modules.username_search: Found Dhayanidhi1 on Steam
23:15:53 [INFO] src.modules.username_search: Found Dhayanidhi1 on Instagram
23:15:53 [INFO] src.modules.username_search: Found dhayanidhi-r-4200b5286_infrastructuredesign-rccstructures-roaddesign-activity-7241113881283059712-n5CR on Instagram
23:15:53 [INFO] src.modules.username_search: Found dhayanidhi-r-4200b5286_infrastructuredesign-rccstructures-roaddesign-activity-7241113881283059712-n5CR on Steam
23:15:53 [INFO] src.modules.username_search: Found dhayanidhi-r-4200b5286_infrastructuredesign-rccstructures-roaddesign-activity-7241113881283059712-n5CR on Medium
23:15:53 [INFO] src.modules.username_search: Username search complete: dhayanidhi-r-4200b5286_infrastructuredesign-rccstructures-roaddesign-activity-7241113881283059712-n5CR → found on 5/12 platforms
23:15:53 [INFO] src.modules.username_search: Found Dhayanidhi1 on Pinterest
23:15:53 [INFO] src.modules.username_search: Username search complete: Dhayanidhi1 → found on 6/12 platforms
23:15:54 [INFO] src.orchestrator: Plugin system processed 2 plugins, discovered 10 artifacts
23:15:54 [INFO] src.orchestrator: Plugin system processed 1 plugins, discovered 0 artifacts
23:15:56 [INFO] src.modules.google_dorks: Limiting patterns from 8 to 3 to avoid rate limiting
23:15:56 [INFO] src.modules.google_dorks: Searching for username 'dhayanidhi-r-4200b5286_infrastructuredesign-rccstructures-roaddesign-activity-7241113881283059712-n5CR' with 3 dork patterns
23:15:56 [INFO] src.modules.google_dorks: Limiting patterns from 8 to 3 to avoid rate limiting
23:15:56 [INFO] src.modules.google_dorks: Searching for username 'Dhayanidhi1' with 3 dork patterns
23:15:56 [INFO] src.modules.google_dorks: DuckDuckGo search found 0 results for pattern 'simple_search'
23:15:56 [INFO] src.modules.google_dorks: DuckDuckGo search found 0 results for pattern 'profile_pages'
23:15:56 [INFO] src.modules.google_dorks: DuckDuckGo search found 0 results for pattern 'social_platforms'
23:15:56 [WARNING] src.modules.google_dorks: Pattern 'simple_search' failed: None
23:15:56 [INFO] src.modules.google_dorks: DuckDuckGo search found 0 results for pattern 'profile_pages'
23:15:56 [INFO] src.modules.google_dorks: DuckDuckGo search found 0 results for pattern 'social_platforms'
23:15:56 [WARNING] src.modules.google_dorks: Pattern 'profile_pages' failed: None
23:15:56 [WARNING] src.modules.google_dorks: Pattern 'social_platforms' failed: None
23:15:56 [WARNING] src.modules.google_dorks: Pattern 'profile_pages' failed: None
23:15:56 [INFO] src.modules.google_dorks: Google Dorks search discovered 0 artifacts
23:15:56 [WARNING] src.modules.google_dorks: Pattern 'social_platforms' failed: None
23:15:56 [INFO] src.modules.google_dorks: DuckDuckGo search found 0 results for pattern 'simple_search'
23:15:56 [WARNING] src.modules.google_dorks: Pattern 'simple_search' failed: None
23:15:56 [INFO] src.modules.google_dorks: Google Dorks search discovered 0 artifacts
23:15:56 [INFO] src.modules.google_dorks: Limiting patterns from 8 to 3 to avoid rate limiting
23:15:56 [INFO] src.modules.google_dorks: Searching for username 'dhayanidhi-r-4200b5286_infrastructuredesign-rccstructures-roaddesign-activity-7241113881283059712-n5CR' with 3 dork patterns
23:15:56 [INFO] src.modules.username_search: Found dhayanidhi-r-4200b5286_infrastructuredesign-rccstructures-roaddesign-activity-7241113881283059712-n5CR on Instagram
23:15:56 [INFO] src.modules.username_search: Found dhayanidhi-r-4200b5286_infrastructuredesign-rccstructures-roaddesign-activity-7241113881283059712-n5CR on HackerNews
23:15:56 [INFO] src.modules.username_search: Found dhayanidhi-r-4200b5286_infrastructuredesign-rccstructures-roaddesign-activity-7241113881283059712-n5CR on Medium
23:15:56 [INFO] src.modules.username_search: Found dhayanidhi-r-4200b5286_infrastructuredesign-rccstructures-roaddesign-activity-7241113881283059712-n5CR on Pinterest
23:15:56 [INFO] src.modules.username_search: Found dhayanidhi-r-4200b5286_infrastructuredesign-rccstructures-roaddesign-activity-7241113881283059712-n5CR on Steam
23:15:56 [INFO] src.modules.google_dorks: Limiting patterns from 8 to 3 to avoid rate limiting
23:15:56 [INFO] src.modules.google_dorks: Searching for username 'Dhayanidhi1' with 3 dork patterns
23:15:56 [INFO] src.modules.username_search: Found Dhayanidhi1 on HackerNews
23:15:56 [INFO] src.modules.username_search: Found Dhayanidhi1 on GitHub
23:15:56 [INFO] src.modules.username_search: Found Dhayanidhi1 on Instagram
23:15:56 [INFO] src.modules.username_search: Found Dhayanidhi1 on Medium
23:15:56 [INFO] src.modules.username_search: Found Dhayanidhi1 on Pinterest
23:15:56 [INFO] src.modules.username_search: Found Dhayanidhi1 on Steam
23:15:56 [INFO] src.modules.google_dorks: Pattern 'profile_pages' found 1 results
23:15:57 [ERROR] src.modules.username_search: Exception checking Reddit: 'expected_status'
23:15:57 [ERROR] src.modules.username_search: Exception checking Reddit: 'expected_status'
23:15:57 [ERROR] src.modules.username_search: Exception checking GitLab: 'expected_status'
23:15:57 [ERROR] src.modules.username_search: Exception checking GitLab: 'expected_status'
23:15:57 [INFO] src.modules.username_search: Username search complete: Dhayanidhi1 → found on 6/12 platforms
23:15:57 [INFO] src.modules.username_search: Username search complete: dhayanidhi-r-4200b5286_infrastructuredesign-rccstructures-roaddesign-activity-7241113881283059712-n5CR → found on 5/12 platforms
23:15:57 [WARNING] src.modules.google_dorks: Google rate limited (429) for query: dhayanidhi-r-4200b5286_infrastructuredesign-rccstructures-roaddesign-activity-7241113881283059712-n5CR
23:15:57 [WARNING] src.modules.google_dorks: Google rate limited (429) for query: Dhayanidhi1
23:15:57 [WARNING] src.modules.google_dorks: Pattern 'simple_search' failed: Rate limited by Google (429)
23:15:57 [WARNING] src.modules.google_dorks: Pattern 'simple_search' failed: Rate limited by Google (429)
23:15:59 [WARNING] src.modules.google_dorks: Google rate limited (429) for query: intitle:"profile" "dhayanidhi-r-4200b5286_infrastructuredesign-rccstructures-roaddesign-activity-7241113881283059712-n5CR" OR intitle:"user" "dhayanidhi-r-4200b5286_infrastructuredesign-rccstructures-roaddesign-activity-7241113881283059712-n5CR"
23:15:59 [WARNING] src.modules.google_dorks: Pattern 'profile_pages' failed: Rate limited by Google (429)
23:15:59 [WARNING] src.modules.google_dorks: Google rate limited (429) for query: site:twitter.com "Dhayanidhi1" OR site:linkedin.com "Dhayanidhi1" OR site:github.com "Dhayanidhi1" OR site:instagram.com "Dhayanidhi1"
23:15:59 [WARNING] src.modules.google_dorks: Pattern 'social_platforms' failed: Rate limited by Google (429)
23:15:59 [INFO] src.modules.google_dorks: Google Dorks search discovered 2 artifacts
23:15:59 [INFO] src.orchestrator: Plugin system processed 2 plugins, discovered 2 artifacts
23:16:02 [WARNING] src.modules.google_dorks: Google rate limited (429) for query: site:twitter.com "dhayanidhi-r-4200b5286_infrastructuredesign-rccstructures-roaddesign-activity-7241113881283059712-n5CR" OR site:linkedin.com "dhayanidhi-r-4200b5286_infrastructuredesign-rccstructures-roaddesign-activity-7241113881283059712-n5CR" OR site:github.com "dhayanidhi-r-4200b5286_infrastructuredesign-rccstructures-roaddesign-activity-7241113881283059712-n5CR" OR site:instagram.com "dhayanidhi-r-4200b5286_infrastructuredesign-rccstructures-roaddesign-activity-7241113881283059712-n5CR"
23:16:02 [WARNING] src.modules.google_dorks: Pattern 'social_platforms' failed: Rate limited by Google (429)
23:16:02 [INFO] src.modules.google_dorks: Google Dorks search discovered 0 artifacts
23:16:02 [INFO] src.orchestrator: Plugin system processed 2 plugins, discovered 0 artifacts
23:16:02 [INFO] src.orchestrator: BFS processing complete. Processed 102 artifacts
23:16:02 [INFO] src.orchestrator: Processing batch of 5 artifacts concurrently
23:16:02 [INFO] src.orchestrator: Processing: username=dhayanidhi-r-4200b5286_ciscocybersecurity-cybersecurityessentials-activity-7116709768798294016-3Ucl (depth=2, queue_size=108)
23:16:02 [INFO] src.orchestrator: Processing: domain=gist.github.com (depth=2, queue_size=108)
23:16:02 [WARNING] src.orchestrator: Unknown artifact type: domain
23:16:02 [INFO] src.orchestrator: Processing: username=dayanidhi-r-625064100 (depth=2, queue_size=108)
23:16:02 [INFO] src.orchestrator: Processing: username=dhayanidhi-r-4200b5286_introduction-to-data-science-activity-7318287706730418176-fxrd (depth=2, queue_size=108)
23:16:02 [INFO] src.orchestrator: Processing: username=CreativeDaya (depth=2, queue_size=108)
23:16:02 [ERROR] src.orchestrator: External tools processing failed for gist.github.com: 'WhoisIntegration' object has no attribute 'search_username'
23:16:02 [ERROR] src.modules.username_search: Exception checking GitLab: 'expected_status'
23:16:02 [ERROR] src.modules.username_search: Exception checking GitLab: 'expected_status'
23:16:02 [ERROR] src.modules.username_search: Exception checking Reddit: 'expected_status'
23:16:02 [ERROR] src.modules.username_search: Exception checking GitLab: 'expected_status'
23:16:02 [ERROR] src.modules.username_search: Exception checking GitLab: 'expected_status'
23:16:02 [ERROR] src.modules.username_search: Exception checking Reddit: 'expected_status'
23:16:02 [ERROR] src.modules.username_search: Exception checking Reddit: 'expected_status'
23:16:02 [INFO] src.modules.username_search: Found dhayanidhi-r-4200b5286_introduction-to-data-science-activity-7318287706730418176-fxrd on HackerNews
23:16:02 [INFO] src.modules.username_search: Found dhayanidhi-r-4200b5286_ciscocybersecurity-cybersecurityessentials-activity-7116709768798294016-3Ucl on HackerNews
23:16:02 [ERROR] src.modules.username_search: Exception checking Reddit: 'expected_status'
23:16:02 [INFO] src.modules.username_search: Found dayanidhi-r-625064100 on HackerNews
23:16:02 [INFO] src.modules.username_search: Found dhayanidhi-r-4200b5286_ciscocybersecurity-cybersecurityessentials-activity-7116709768798294016-3Ucl on Instagram
23:16:02 [INFO] src.modules.username_search: Found dayanidhi-r-625064100 on Steam
23:16:02 [INFO] src.modules.username_search: Found dhayanidhi-r-4200b5286_introduction-to-data-science-activity-7318287706730418176-fxrd on Steam
23:16:02 [INFO] src.modules.username_search: Found dayanidhi-r-625064100 on Instagram
23:16:02 [INFO] src.modules.username_search: Found dhayanidhi-r-4200b5286_ciscocybersecurity-cybersecurityessentials-activity-7116709768798294016-3Ucl on Steam
23:16:02 [INFO] src.modules.username_search: Found CreativeDaya on Medium
23:16:02 [INFO] src.modules.username_search: Found dhayanidhi-r-4200b5286_introduction-to-data-science-activity-7318287706730418176-fxrd on Instagram
23:16:02 [INFO] src.modules.username_search: Found dhayanidhi-r-4200b5286_introduction-to-data-science-activity-7318287706730418176-fxrd on Pinterest
23:16:02 [INFO] src.orchestrator: Plugin system processed 2 plugins, discovered 13 artifacts
23:16:02 [INFO] src.modules.username_search: Found dhayanidhi-r-4200b5286_introduction-to-data-science-activity-7318287706730418176-fxrd on Medium
23:16:02 [INFO] src.modules.username_search: Found dayanidhi-r-625064100 on Pinterest
23:16:02 [INFO] src.modules.username_search: Username search complete: dhayanidhi-r-4200b5286_introduction-to-data-science-activity-7318287706730418176-fxrd → found on 5/12 platforms
23:16:02 [INFO] src.modules.username_search: Found CreativeDaya on Steam
23:16:02 [INFO] src.modules.username_search: Found dayanidhi-r-625064100 on Medium
23:16:02 [INFO] src.modules.username_search: Username search complete: dayanidhi-r-625064100 → found on 5/12 platforms
23:16:02 [INFO] src.modules.username_search: Found dhayanidhi-r-4200b5286_ciscocybersecurity-cybersecurityessentials-activity-7116709768798294016-3Ucl on Medium
23:16:02 [INFO] src.modules.username_search: Found CreativeDaya on Instagram
23:16:03 [INFO] src.modules.username_search: Found dhayanidhi-r-4200b5286_ciscocybersecurity-cybersecurityessentials-activity-7116709768798294016-3Ucl on Pinterest
23:16:03 [INFO] src.modules.username_search: Username search complete: dhayanidhi-r-4200b5286_ciscocybersecurity-cybersecurityessentials-activity-7116709768798294016-3Ucl → found on 5/12 platforms
23:16:03 [INFO] src.modules.username_search: Found CreativeDaya on HackerNews
23:16:03 [INFO] src.modules.username_search: Found CreativeDaya on Pinterest
23:16:03 [INFO] src.modules.username_search: Username search complete: CreativeDaya → found on 5/12 platforms
23:16:04 [INFO] src.modules.google_dorks: Limiting patterns from 8 to 3 to avoid rate limiting
23:16:04 [INFO] src.modules.google_dorks: Searching for username 'dhayanidhi-r-4200b5286_introduction-to-data-science-activity-7318287706730418176-fxrd' with 3 dork patterns
23:16:04 [INFO] src.modules.google_dorks: Pattern 'simple_search' found 10 results
23:16:04 [INFO] src.modules.google_dorks: DuckDuckGo search found 0 results for pattern 'profile_pages'
23:16:04 [WARNING] src.modules.google_dorks: Pattern 'profile_pages' failed: None
23:16:04 [INFO] src.modules.google_dorks: DuckDuckGo search found 0 results for pattern 'social_platforms'
23:16:04 [WARNING] src.modules.google_dorks: Pattern 'social_platforms' failed: None
23:16:04 [INFO] src.modules.google_dorks: Google Dorks search discovered 20 artifacts
23:16:04 [INFO] src.orchestrator: Google Dorks found 20 artifacts for username dhayanidhi-r-4200b5286_introduction-to-data-science-activity-7318287706730418176-fxrd
23:16:05 [INFO] src.modules.google_dorks: Limiting patterns from 8 to 3 to avoid rate limiting
23:16:05 [INFO] src.modules.google_dorks: Searching for username 'dhayanidhi-r-4200b5286_introduction-to-data-science-activity-7318287706730418176-fxrd' with 3 dork patterns
23:16:05 [INFO] src.modules.username_search: Found dhayanidhi-r-4200b5286_introduction-to-data-science-activity-7318287706730418176-fxrd on Instagram
23:16:05 [INFO] src.modules.username_search: Found dhayanidhi-r-4200b5286_introduction-to-data-science-activity-7318287706730418176-fxrd on Steam
23:16:05 [INFO] src.modules.username_search: Found dhayanidhi-r-4200b5286_introduction-to-data-science-activity-7318287706730418176-fxrd on HackerNews
23:16:05 [INFO] src.modules.username_search: Found dhayanidhi-r-4200b5286_introduction-to-data-science-activity-7318287706730418176-fxrd on Pinterest
23:16:05 [INFO] src.modules.username_search: Found dhayanidhi-r-4200b5286_introduction-to-data-science-activity-7318287706730418176-fxrd on Medium
23:16:05 [INFO] src.modules.google_dorks: Limiting patterns from 8 to 3 to avoid rate limiting
23:16:05 [INFO] src.modules.google_dorks: Searching for username 'dayanidhi-r-625064100' with 3 dork patterns
23:16:05 [INFO] src.modules.google_dorks: Pattern 'simple_search' found 10 results
23:16:05 [ERROR] src.modules.username_search: Exception checking Reddit: 'expected_status'
23:16:05 [ERROR] src.modules.username_search: Exception checking GitLab: 'expected_status'
23:16:05 [INFO] src.modules.username_search: Username search complete: dhayanidhi-r-4200b5286_introduction-to-data-science-activity-7318287706730418176-fxrd → found on 5/12 platforms
23:16:05 [INFO] src.modules.google_dorks: Limiting patterns from 8 to 3 to avoid rate limiting
23:16:05 [INFO] src.modules.google_dorks: Searching for username 'dhayanidhi-r-4200b5286_ciscocybersecurity-cybersecurityessentials-activity-7116709768798294016-3Ucl' with 3 dork patterns
23:16:05 [INFO] src.modules.google_dorks: Pattern 'simple_search' found 10 results
23:16:05 [INFO] src.modules.google_dorks: DuckDuckGo search found 0 results for pattern 'social_platforms'
23:16:05 [INFO] src.modules.google_dorks: DuckDuckGo search found 0 results for pattern 'profile_pages'
23:16:05 [WARNING] src.modules.google_dorks: Pattern 'social_platforms' failed: None
23:16:05 [WARNING] src.modules.google_dorks: Pattern 'profile_pages' failed: None
23:16:05 [INFO] src.modules.google_dorks: Google Dorks search discovered 20 artifacts
23:16:05 [INFO] src.orchestrator: Google Dorks found 20 artifacts for username dayanidhi-r-625064100
23:16:05 [INFO] src.modules.google_dorks: Limiting patterns from 8 to 3 to avoid rate limiting
23:16:05 [INFO] src.modules.google_dorks: Searching for username 'dayanidhi-r-625064100' with 3 dork patterns
23:16:05 [INFO] src.modules.username_search: Found dayanidhi-r-625064100 on HackerNews
23:16:05 [INFO] src.modules.username_search: Found dayanidhi-r-625064100 on Instagram
23:16:05 [INFO] src.modules.username_search: Found dayanidhi-r-625064100 on Pinterest
23:16:05 [INFO] src.modules.username_search: Found dayanidhi-r-625064100 on Medium
23:16:05 [INFO] src.modules.username_search: Found dayanidhi-r-625064100 on Steam
23:16:05 [INFO] src.modules.google_dorks: Limiting patterns from 8 to 3 to avoid rate limiting
23:16:05 [INFO] src.modules.google_dorks: Searching for username 'CreativeDaya' with 3 dork patterns
23:16:05 [INFO] src.modules.google_dorks: DuckDuckGo search found 0 results for pattern 'social_platforms'
23:16:05 [WARNING] src.modules.google_dorks: Pattern 'social_platforms' failed: None
23:16:05 [INFO] src.modules.google_dorks: Pattern 'simple_search' found 10 results
23:16:05 [INFO] src.modules.google_dorks: DuckDuckGo search found 0 results for pattern 'profile_pages'
23:16:05 [WARNING] src.modules.google_dorks: Pattern 'profile_pages' failed: None
23:16:05 [INFO] src.modules.google_dorks: Google Dorks search discovered 20 artifacts
23:16:05 [INFO] src.orchestrator: Google Dorks found 20 artifacts for username dhayanidhi-r-4200b5286_ciscocybersecurity-cybersecurityessentials-activity-7116709768798294016-3Ucl
23:16:05 [WARNING] src.modules.google_dorks: Google rate limited (429) for query: dhayanidhi-r-4200b5286_introduction-to-data-science-activity-7318287706730418176-fxrd
23:16:05 [WARNING] src.modules.google_dorks: Pattern 'simple_search' failed: Rate limited by Google (429)
23:16:05 [INFO] src.modules.google_dorks: Limiting patterns from 8 to 3 to avoid rate limiting
23:16:05 [INFO] src.modules.google_dorks: Searching for username 'dhayanidhi-r-4200b5286_ciscocybersecurity-cybersecurityessentials-activity-7116709768798294016-3Ucl' with 3 dork patterns
23:16:05 [INFO] src.modules.username_search: Found dhayanidhi-r-4200b5286_ciscocybersecurity-cybersecurityessentials-activity-7116709768798294016-3Ucl on Steam
23:16:05 [INFO] src.modules.username_search: Found dhayanidhi-r-4200b5286_ciscocybersecurity-cybersecurityessentials-activity-7116709768798294016-3Ucl on HackerNews
23:16:05 [INFO] src.modules.username_search: Found dhayanidhi-r-4200b5286_ciscocybersecurity-cybersecurityessentials-activity-7116709768798294016-3Ucl on Pinterest
23:16:05 [INFO] src.modules.username_search: Found dhayanidhi-r-4200b5286_ciscocybersecurity-cybersecurityessentials-activity-7116709768798294016-3Ucl on Instagram
23:16:05 [INFO] src.modules.username_search: Found dhayanidhi-r-4200b5286_ciscocybersecurity-cybersecurityessentials-activity-7116709768798294016-3Ucl on Medium
23:16:05 [INFO] src.modules.google_dorks: Pattern 'profile_pages' found 1 results
23:16:05 [INFO] src.modules.google_dorks: DuckDuckGo search found 0 results for pattern 'profile_pages'
23:16:05 [WARNING] src.modules.google_dorks: Pattern 'profile_pages' failed: None
23:16:05 [INFO] src.modules.google_dorks: DuckDuckGo search found 0 results for pattern 'social_platforms'
23:16:05 [WARNING] src.modules.google_dorks: Pattern 'social_platforms' failed: None
23:16:05 [INFO] src.modules.google_dorks: Google Dorks search discovered 20 artifacts
23:16:05 [INFO] src.orchestrator: Google Dorks found 20 artifacts for username CreativeDaya
23:16:05 [INFO] src.modules.google_dorks: Limiting patterns from 8 to 3 to avoid rate limiting
23:16:05 [INFO] src.modules.google_dorks: Searching for username 'CreativeDaya' with 3 dork patterns
23:16:05 [INFO] src.modules.username_search: Found CreativeDaya on Instagram
23:16:05 [INFO] src.modules.username_search: Found CreativeDaya on HackerNews
23:16:05 [INFO] src.modules.username_search: Found CreativeDaya on Medium
23:16:05 [INFO] src.modules.username_search: Found CreativeDaya on Pinterest
23:16:05 [INFO] src.modules.username_search: Found CreativeDaya on Steam
23:16:05 [ERROR] src.modules.username_search: Exception checking Reddit: 'expected_status'
23:16:05 [ERROR] src.modules.username_search: Exception checking GitLab: 'expected_status'
23:16:05 [INFO] src.modules.username_search: Username search complete: dayanidhi-r-625064100 → found on 5/12 platforms
23:16:05 [ERROR] src.modules.username_search: Exception checking Reddit: 'expected_status'
23:16:05 [ERROR] src.modules.username_search: Exception checking GitLab: 'expected_status'
23:16:05 [INFO] src.modules.username_search: Username search complete: dhayanidhi-r-4200b5286_ciscocybersecurity-cybersecurityessentials-activity-7116709768798294016-3Ucl → found on 5/12 platforms
23:16:06 [WARNING] src.modules.google_dorks: Google rate limited (429) for query: dayanidhi-r-625064100
23:16:06 [WARNING] src.modules.google_dorks: Pattern 'simple_search' failed: Rate limited by Google (429)
23:16:06 [ERROR] src.modules.username_search: Exception checking Reddit: 'expected_status'
23:16:06 [ERROR] src.modules.username_search: Exception checking GitLab: 'expected_status'
23:16:06 [INFO] src.modules.username_search: Username search complete: CreativeDaya → found on 5/12 platforms
23:16:06 [WARNING] src.modules.google_dorks: Google rate limited (429) for query: dhayanidhi-r-4200b5286_ciscocybersecurity-cybersecurityessentials-activity-7116709768798294016-3Ucl
23:16:06 [WARNING] src.modules.google_dorks: Pattern 'simple_search' failed: Rate limited by Google (429)
23:16:06 [WARNING] src.modules.google_dorks: Google rate limited (429) for query: CreativeDaya
23:16:06 [WARNING] src.modules.google_dorks: Pattern 'simple_search' failed: Rate limited by Google (429)
23:16:08 [WARNING] src.modules.google_dorks: Google rate limited (429) for query: site:twitter.com "dhayanidhi-r-4200b5286_introduction-to-data-science-activity-7318287706730418176-fxrd" OR site:linkedin.com "dhayanidhi-r-4200b5286_introduction-to-data-science-activity-7318287706730418176-fxrd" OR site:github.com "dhayanidhi-r-4200b5286_introduction-to-data-science-activity-7318287706730418176-fxrd" OR site:instagram.com "dhayanidhi-r-4200b5286_introduction-to-data-science-activity-7318287706730418176-fxrd"
23:16:08 [WARNING] src.modules.google_dorks: Pattern 'social_platforms' failed: Rate limited by Google (429)
23:16:08 [WARNING] src.modules.google_dorks: Google rate limited (429) for query: site:twitter.com "dayanidhi-r-625064100" OR site:linkedin.com "dayanidhi-r-625064100" OR site:github.com "dayanidhi-r-625064100" OR site:instagram.com "dayanidhi-r-625064100"
23:16:08 [WARNING] src.modules.google_dorks: Pattern 'social_platforms' failed: Rate limited by Google (429)
23:16:08 [WARNING] src.modules.google_dorks: Google rate limited (429) for query: site:twitter.com "CreativeDaya" OR site:linkedin.com "CreativeDaya" OR site:github.com "CreativeDaya" OR site:instagram.com "CreativeDaya"
23:16:08 [WARNING] src.modules.google_dorks: Google rate limited (429) for query: site:twitter.com "dhayanidhi-r-4200b5286_ciscocybersecurity-cybersecurityessentials-activity-7116709768798294016-3Ucl" OR site:linkedin.com "dhayanidhi-r-4200b5286_ciscocybersecurity-cybersecurityessentials-activity-7116709768798294016-3Ucl" OR site:github.com "dhayanidhi-r-4200b5286_ciscocybersecurity-cybersecurityessentials-activity-7116709768798294016-3Ucl" OR site:instagram.com "dhayanidhi-r-4200b5286_ciscocybersecurity-cybersecurityessentials-activity-7116709768798294016-3Ucl"
23:16:08 [WARNING] src.modules.google_dorks: Pattern 'social_platforms' failed: Rate limited by Google (429)
23:16:08 [WARNING] src.modules.google_dorks: Pattern 'social_platforms' failed: Rate limited by Google (429)
23:16:08 [INFO] src.modules.google_dorks: Google Dorks search discovered 2 artifacts
23:16:08 [INFO] src.orchestrator: Plugin system processed 2 plugins, discovered 2 artifacts
23:16:10 [WARNING] src.modules.google_dorks: Google rate limited (429) for query: intitle:"profile" "dhayanidhi-r-4200b5286_introduction-to-data-science-activity-7318287706730418176-fxrd" OR intitle:"user" "dhayanidhi-r-4200b5286_introduction-to-data-science-activity-7318287706730418176-fxrd"
23:16:10 [WARNING] src.modules.google_dorks: Pattern 'profile_pages' failed: Rate limited by Google (429)
23:16:10 [INFO] src.modules.google_dorks: Google Dorks search discovered 0 artifacts
23:16:10 [INFO] src.orchestrator: Plugin system processed 2 plugins, discovered 0 artifacts
23:16:10 [WARNING] src.modules.google_dorks: Google rate limited (429) for query: intitle:"profile" "CreativeDaya" OR intitle:"user" "CreativeDaya"
23:16:10 [WARNING] src.modules.google_dorks: Pattern 'profile_pages' failed: Rate limited by Google (429)
23:16:10 [WARNING] src.modules.google_dorks: Google rate limited (429) for query: intitle:"profile" "dayanidhi-r-625064100" OR intitle:"user" "dayanidhi-r-625064100"
23:16:10 [INFO] src.modules.google_dorks: Google Dorks search discovered 0 artifacts
23:16:10 [WARNING] src.modules.google_dorks: Pattern 'profile_pages' failed: Rate limited by Google (429)
23:16:10 [INFO] src.modules.google_dorks: Google Dorks search discovered 0 artifacts
23:16:10 [INFO] src.orchestrator: Plugin system processed 2 plugins, discovered 0 artifacts
23:16:10 [INFO] src.orchestrator: Plugin system processed 2 plugins, discovered 0 artifacts
23:16:10 [INFO] src.orchestrator: BFS processing complete. Processed 107 artifacts
23:16:10 [INFO] src.orchestrator: Processing batch of 5 artifacts concurrently
23:16:10 [INFO] src.orchestrator: Processing: username=dhayanidhi-r-4200b5286_ieee-idciot2025-revauniversity-activity-7294341898352107520-5hqB (depth=2, queue_size=103)
23:16:10 [INFO] src.orchestrator: Processing: username=37089729121 (depth=2, queue_size=103)
23:16:10 [INFO] src.orchestrator: Processing: domain=ieeexplore.ieee.org (depth=2, queue_size=103)
23:16:10 [INFO] src.orchestrator: Processing: domain=behance.net (depth=2, queue_size=103)
23:16:10 [WARNING] src.orchestrator: Unknown artifact type: domain
23:16:10 [WARNING] src.orchestrator: Unknown artifact type: domain
23:16:10 [INFO] src.orchestrator: Processing: platform_presence=https://news.ycombinator.com/user?id=r.dhayanidhi.5 (depth=2, queue_size=103)
23:16:10 [ERROR] src.orchestrator: External tools processing failed for behance.net: 'WhoisIntegration' object has no attribute 'search_username'
23:16:10 [ERROR] src.orchestrator: External tools processing failed for ieeexplore.ieee.org: 'WhoisIntegration' object has no attribute 'search_username'
23:16:10 [INFO] src.plugins.builtins.profile_image_plugin: Extracting profile image from: https://news.ycombinator.com/user?id=r.dhayanidhi.5
23:16:10 [INFO] src.modules.username_search: Found dhayanidhi-r-4200b5286_ieee-idciot2025-revauniversity-activity-7294341898352107520-5hqB on HackerNews
23:16:10 [INFO] src.modules.username_search: Found 37089729121 on HackerNews
23:16:11 [INFO] src.orchestrator: Plugin system processed 2 plugins, discovered 13 artifacts
23:16:11 [INFO] src.orchestrator: Plugin system processed 1 plugins, discovered 0 artifacts
23:16:11 [ERROR] src.modules.username_search: Exception checking GitLab: 'expected_status'
23:16:11 [ERROR] src.modules.username_search: Exception checking Reddit: 'expected_status'
23:16:11 [ERROR] src.modules.username_search: Exception checking GitLab: 'expected_status'
23:16:11 [ERROR] src.modules.username_search: Exception checking Reddit: 'expected_status'
23:16:11 [INFO] src.modules.username_search: Found 37089729121 on Instagram
23:16:11 [INFO] src.modules.username_search: Found dhayanidhi-r-4200b5286_ieee-idciot2025-revauniversity-activity-7294341898352107520-5hqB on Steam
23:16:11 [INFO] src.modules.username_search: Found 37089729121 on Steam
23:16:11 [INFO] src.modules.username_search: Found dhayanidhi-r-4200b5286_ieee-idciot2025-revauniversity-activity-7294341898352107520-5hqB on Instagram
23:16:11 [INFO] src.modules.username_search: Found dhayanidhi-r-4200b5286_ieee-idciot2025-revauniversity-activity-7294341898352107520-5hqB on Pinterest
23:16:11 [INFO] src.modules.username_search: Found 37089729121 on Medium
23:16:11 [INFO] src.modules.username_search: Found 37089729121 on Pinterest
23:16:11 [INFO] src.modules.username_search: Username search complete: 37089729121 → found on 5/12 platforms
23:16:12 [INFO] src.orchestrator: Plugin system processed 2 plugins, discovered 11 artifacts
23:16:12 [INFO] src.modules.username_search: Found dhayanidhi-r-4200b5286_ieee-idciot2025-revauniversity-activity-7294341898352107520-5hqB on Medium
23:16:12 [INFO] src.modules.username_search: Username search complete: dhayanidhi-r-4200b5286_ieee-idciot2025-revauniversity-activity-7294341898352107520-5hqB → found on 5/12 platforms
23:16:14 [INFO] src.modules.google_dorks: Limiting patterns from 8 to 3 to avoid rate limiting
23:16:14 [INFO] src.modules.google_dorks: Searching for username '37089729121' with 3 dork patterns
23:16:14 [INFO] src.modules.google_dorks: Pattern 'simple_search' found 10 results
23:16:14 [INFO] src.modules.google_dorks: DuckDuckGo search found 0 results for pattern 'social_platforms'
23:16:14 [WARNING] src.modules.google_dorks: Pattern 'social_platforms' failed: None
23:16:14 [INFO] src.modules.google_dorks: DuckDuckGo search found 0 results for pattern 'profile_pages'
23:16:14 [WARNING] src.modules.google_dorks: Pattern 'profile_pages' failed: None
23:16:14 [INFO] src.modules.google_dorks: Google Dorks search discovered 20 artifacts
23:16:14 [INFO] src.orchestrator: Google Dorks found 20 artifacts for username 37089729121
23:16:14 [INFO] src.modules.google_dorks: Limiting patterns from 8 to 3 to avoid rate limiting
23:16:14 [INFO] src.modules.google_dorks: Searching for username '37089729121' with 3 dork patterns
23:16:14 [INFO] src.modules.username_search: Found 37089729121 on Instagram
23:16:14 [INFO] src.modules.username_search: Found 37089729121 on HackerNews
23:16:14 [INFO] src.modules.username_search: Found 37089729121 on Medium
23:16:14 [INFO] src.modules.username_search: Found 37089729121 on Pinterest
23:16:14 [INFO] src.modules.username_search: Found 37089729121 on Steam
23:16:14 [INFO] src.modules.google_dorks: Limiting patterns from 8 to 3 to avoid rate limiting
23:16:14 [INFO] src.modules.google_dorks: Searching for username 'dhayanidhi-r-4200b5286_ieee-idciot2025-revauniversity-activity-7294341898352107520-5hqB' with 3 dork patterns
23:16:14 [INFO] src.modules.google_dorks: Pattern 'simple_search' found 10 results
23:16:14 [ERROR] src.modules.username_search: Exception checking Reddit: 'expected_status'
23:16:14 [ERROR] src.modules.username_search: Exception checking GitLab: 'expected_status'
23:16:14 [INFO] src.modules.username_search: Username search complete: 37089729121 → found on 5/12 platforms
23:16:14 [INFO] src.modules.google_dorks: DuckDuckGo search found 0 results for pattern 'profile_pages'
23:16:14 [WARNING] src.modules.google_dorks: Pattern 'profile_pages' failed: None
23:16:14 [INFO] src.modules.google_dorks: DuckDuckGo search found 0 results for pattern 'social_platforms'
23:16:14 [WARNING] src.modules.google_dorks: Pattern 'social_platforms' failed: None
23:16:14 [INFO] src.modules.google_dorks: Google Dorks search discovered 21 artifacts
23:16:14 [INFO] src.orchestrator: Google Dorks found 21 artifacts for username dhayanidhi-r-4200b5286_ieee-idciot2025-revauniversity-activity-7294341898352107520-5hqB
23:16:14 [INFO] src.modules.google_dorks: Limiting patterns from 8 to 3 to avoid rate limiting
23:16:14 [INFO] src.modules.google_dorks: Searching for username 'dhayanidhi-r-4200b5286_ieee-idciot2025-revauniversity-activity-7294341898352107520-5hqB' with 3 dork patterns
23:16:14 [INFO] src.modules.username_search: Found dhayanidhi-r-4200b5286_ieee-idciot2025-revauniversity-activity-7294341898352107520-5hqB on Instagram
23:16:14 [INFO] src.modules.username_search: Found dhayanidhi-r-4200b5286_ieee-idciot2025-revauniversity-activity-7294341898352107520-5hqB on Medium
23:16:14 [INFO] src.modules.username_search: Found dhayanidhi-r-4200b5286_ieee-idciot2025-revauniversity-activity-7294341898352107520-5hqB on HackerNews
23:16:14 [INFO] src.modules.username_search: Found dhayanidhi-r-4200b5286_ieee-idciot2025-revauniversity-activity-7294341898352107520-5hqB on Pinterest
23:16:14 [INFO] src.modules.username_search: Found dhayanidhi-r-4200b5286_ieee-idciot2025-revauniversity-activity-7294341898352107520-5hqB on Steam
23:16:15 [ERROR] src.modules.username_search: Exception checking GitLab: 'expected_status'
23:16:15 [WARNING] src.modules.google_dorks: Google rate limited (429) for query: 37089729121
23:16:15 [WARNING] src.modules.google_dorks: Pattern 'simple_search' failed: Rate limited by Google (429)
23:16:15 [WARNING] src.modules.google_dorks: Google rate limited (429) for query: dhayanidhi-r-4200b5286_ieee-idciot2025-revauniversity-activity-7294341898352107520-5hqB
23:16:15 [WARNING] src.modules.google_dorks: Pattern 'simple_search' failed: Rate limited by Google (429)
23:16:15 [ERROR] src.modules.username_search: Exception checking Reddit: 'expected_status'
23:16:15 [INFO] src.modules.username_search: Username search complete: dhayanidhi-r-4200b5286_ieee-idciot2025-revauniversity-activity-7294341898352107520-5hqB → found on 5/12 platforms
23:16:16 [WARNING] src.modules.google_dorks: Google rate limited (429) for query: site:twitter.com "37089729121" OR site:linkedin.com "37089729121" OR site:github.com "37089729121" OR site:instagram.com "37089729121"
23:16:16 [WARNING] src.modules.google_dorks: Pattern 'social_platforms' failed: Rate limited by Google (429)
23:16:17 [WARNING] src.modules.google_dorks: Google rate limited (429) for query: site:twitter.com "dhayanidhi-r-4200b5286_ieee-idciot2025-revauniversity-activity-7294341898352107520-5hqB" OR site:linkedin.com "dhayanidhi-r-4200b5286_ieee-idciot2025-revauniversity-activity-7294341898352107520-5hqB" OR site:github.com "dhayanidhi-r-4200b5286_ieee-idciot2025-revauniversity-activity-7294341898352107520-5hqB" OR site:instagram.com "dhayanidhi-r-4200b5286_ieee-idciot2025-revauniversity-activity-7294341898352107520-5hqB"
23:16:17 [WARNING] src.modules.google_dorks: Pattern 'social_platforms' failed: Rate limited by Google (429)
23:16:18 [WARNING] src.modules.google_dorks: Google rate limited (429) for query: intitle:"profile" "37089729121" OR intitle:"user" "37089729121"
23:16:18 [WARNING] src.modules.google_dorks: Pattern 'profile_pages' failed: Rate limited by Google (429)
23:16:18 [INFO] src.modules.google_dorks: Google Dorks search discovered 0 artifacts
23:16:18 [INFO] src.orchestrator: Plugin system processed 2 plugins, discovered 0 artifacts
23:16:19 [WARNING] src.modules.google_dorks: Google rate limited (429) for query: intitle:"profile" "dhayanidhi-r-4200b5286_ieee-idciot2025-revauniversity-activity-7294341898352107520-5hqB" OR intitle:"user" "dhayanidhi-r-4200b5286_ieee-idciot2025-revauniversity-activity-7294341898352107520-5hqB"
23:16:19 [WARNING] src.modules.google_dorks: Pattern 'profile_pages' failed: Rate limited by Google (429)
23:16:19 [INFO] src.modules.google_dorks: Google Dorks search discovered 0 artifacts
23:16:19 [INFO] src.orchestrator: Plugin system processed 2 plugins, discovered 0 artifacts
23:16:19 [INFO] src.orchestrator: BFS processing complete. Processed 112 artifacts
23:16:19 [INFO] src.orchestrator: Processing batch of 5 artifacts concurrently
23:16:19 [INFO] src.orchestrator: Processing: platform_presence=https://www.instagram.com/r.dhayanidhi.5/ (depth=2, queue_size=98)
23:16:19 [INFO] src.orchestrator: Processing: platform_presence=https://medium.com/@r.dhayanidhi.5 (depth=2, queue_size=98)
23:16:19 [INFO] src.orchestrator: Processing: platform_presence=https://steamcommunity.com/id/r.dhayanidhi.5 (depth=2, queue_size=98)
23:16:19 [INFO] src.orchestrator: Processing: platform_presence=https://mastodon.social/@r.dhayanidhi.5 (depth=2, queue_size=98)
23:16:19 [INFO] src.orchestrator: Processing: platform_presence=https://www.pinterest.com/r.dhayanidhi.5/ (depth=2, queue_size=98)
23:16:19 [INFO] src.plugins.builtins.profile_image_plugin: Extracting profile image from: https://medium.com/@r.dhayanidhi.5
23:16:19 [INFO] src.plugins.builtins.profile_image_plugin: Extracting profile image from: https://www.instagram.com/r.dhayanidhi.5/
23:16:19 [INFO] src.plugins.builtins.profile_image_plugin: Extracting profile image from: https://steamcommunity.com/id/r.dhayanidhi.5
23:16:19 [INFO] src.plugins.builtins.profile_image_plugin: Extracting profile image from: https://mastodon.social/@r.dhayanidhi.5
23:16:19 [INFO] src.plugins.builtins.profile_image_plugin: Extracting profile image from: https://www.pinterest.com/r.dhayanidhi.5/
23:16:19 [INFO] src.orchestrator: Plugin system processed 1 plugins, discovered 0 artifacts
23:16:19 [INFO] src.plugins.builtins.profile_image_plugin: Found profile image for https://mastodon.social/@r.dhayanidhi.5: https://files.mastodon.social/site_uploads/files/000/000/001/@1x/57c12f441d083cde.png
23:16:19 [INFO] src.orchestrator: Plugin system processed 1 plugins, discovered 1 artifacts
23:16:20 [INFO] src.orchestrator: Plugin system processed 1 plugins, discovered 0 artifacts
23:16:20 [INFO] src.orchestrator: Plugin system processed 1 plugins, discovered 0 artifacts
23:16:20 [INFO] src.orchestrator: Plugin system processed 1 plugins, discovered 0 artifacts
23:16:20 [INFO] src.orchestrator: BFS processing complete. Processed 117 artifacts
23:16:20 [INFO] src.orchestrator: Processing batch of 5 artifacts concurrently
23:16:20 [INFO] src.orchestrator: Processing: username=UCiW6GtOVGtr40m18tXT5J8Q (depth=2, queue_size=93)
23:16:20 [INFO] src.orchestrator: Processing: username=_._dhayanidhi_._ (depth=2, queue_size=93)
23:16:20 [INFO] src.orchestrator: Processing: domain=instagram.com (depth=2, queue_size=93)
23:16:20 [WARNING] src.orchestrator: Unknown artifact type: domain
23:16:20 [INFO] src.orchestrator: Processing: username=rdhayanidhi (depth=2, queue_size=93)
23:16:20 [INFO] src.orchestrator: Processing: domain=youtube.com (depth=2, queue_size=93)
23:16:20 [WARNING] src.orchestrator: Unknown artifact type: domain
23:16:20 [ERROR] src.orchestrator: External tools processing failed for instagram.com: 'WhoisIntegration' object has no attribute 'search_username'
23:16:20 [ERROR] src.orchestrator: External tools processing failed for youtube.com: 'WhoisIntegration' object has no attribute 'search_username'
23:16:20 [INFO] src.orchestrator: Plugin system processed 2 plugins, discovered 6 artifacts
23:16:20 [ERROR] src.modules.username_search: Exception checking Reddit: 'expected_status'
23:16:20 [INFO] src.orchestrator: Plugin system processed 2 plugins, discovered 7 artifacts
23:16:20 [ERROR] src.modules.username_search: Exception checking GitLab: 'expected_status'
23:16:20 [ERROR] src.modules.username_search: Exception checking GitLab: 'expected_status'
23:16:20 [ERROR] src.modules.username_search: Exception checking GitLab: 'expected_status'
23:16:20 [ERROR] src.modules.username_search: Exception checking Reddit: 'expected_status'
23:16:20 [ERROR] src.modules.username_search: Exception checking Reddit: 'expected_status'
23:16:20 [INFO] src.modules.username_search: Found _._dhayanidhi_._ on HackerNews
23:16:20 [INFO] src.modules.username_search: Found UCiW6GtOVGtr40m18tXT5J8Q on HackerNews
23:16:20 [INFO] src.modules.username_search: Found rdhayanidhi on HackerNews
23:16:20 [INFO] src.modules.username_search: Found UCiW6GtOVGtr40m18tXT5J8Q on Instagram
23:16:20 [INFO] src.modules.username_search: Found UCiW6GtOVGtr40m18tXT5J8Q on Steam
23:16:20 [INFO] src.modules.username_search: Found _._dhayanidhi_._ on Steam
23:16:20 [INFO] src.modules.username_search: Found _._dhayanidhi_._ on Instagram
23:16:20 [INFO] src.modules.username_search: Found UCiW6GtOVGtr40m18tXT5J8Q on Medium
23:16:20 [INFO] src.modules.username_search: Found rdhayanidhi on Steam
23:16:20 [INFO] src.modules.username_search: Found rdhayanidhi on Medium
23:16:20 [INFO] src.modules.username_search: Found _._dhayanidhi_._ on Mastodon
23:16:21 [INFO] src.modules.username_search: Found rdhayanidhi on Instagram
23:16:21 [INFO] src.modules.username_search: Found rdhayanidhi on GitHub
23:16:21 [INFO] src.modules.username_search: Found rdhayanidhi on Pinterest
23:16:21 [INFO] src.modules.username_search: Username search complete: rdhayanidhi → found on 6/12 platforms
23:16:21 [INFO] src.modules.username_search: Found _._dhayanidhi_._ on Medium
23:16:21 [INFO] src.modules.username_search: Found _._dhayanidhi_._ on Pinterest
23:16:21 [INFO] src.modules.username_search: Username search complete: _._dhayanidhi_._ → found on 6/12 platforms
23:16:21 [INFO] src.modules.username_search: Found UCiW6GtOVGtr40m18tXT5J8Q on Pinterest
23:16:21 [INFO] src.modules.username_search: Username search complete: UCiW6GtOVGtr40m18tXT5J8Q → found on 5/12 platforms
23:16:23 [INFO] src.modules.google_dorks: Limiting patterns from 8 to 3 to avoid rate limiting
23:16:23 [INFO] src.modules.google_dorks: Searching for username 'UCiW6GtOVGtr40m18tXT5J8Q' with 3 dork patterns
23:16:23 [INFO] src.modules.google_dorks: Pattern 'simple_search' found 10 results
23:16:23 [INFO] src.modules.google_dorks: Limiting patterns from 8 to 3 to avoid rate limiting
23:16:23 [INFO] src.modules.google_dorks: Searching for username '_._dhayanidhi_._' with 3 dork patterns
23:16:23 [INFO] src.modules.google_dorks: Pattern 'simple_search' found 10 results
23:16:23 [INFO] src.modules.google_dorks: Limiting patterns from 8 to 3 to avoid rate limiting
23:16:23 [INFO] src.modules.google_dorks: Searching for username 'rdhayanidhi' with 3 dork patterns
23:16:23 [INFO] src.modules.google_dorks: Pattern 'simple_search' found 10 results
23:16:23 [ERROR] src.modules.google_dorks: DuckDuckGo search failed: ('Connection aborted.', RemoteDisconnected('Remote end closed connection without response'))
23:16:23 [INFO] src.modules.google_dorks: Falling back to Google web scraping
23:16:23 [INFO] src.modules.google_dorks: DuckDuckGo search found 0 results for pattern 'profile_pages'
23:16:23 [WARNING] src.modules.google_dorks: Pattern 'profile_pages' failed: None
23:16:23 [ERROR] src.modules.google_dorks: DuckDuckGo search failed: ('Connection aborted.', RemoteDisconnected('Remote end closed connection without response'))
23:16:23 [INFO] src.modules.google_dorks: Falling back to Google web scraping
23:16:23 [ERROR] src.modules.google_dorks: DuckDuckGo search failed: ('Connection aborted.', RemoteDisconnected('Remote end closed connection without response'))
23:16:23 [INFO] src.modules.google_dorks: Falling back to Google web scraping
23:16:24 [WARNING] src.modules.google_dorks: Google rate limited (429) for query: site:twitter.com "_._dhayanidhi_._" OR site:linkedin.com "_._dhayanidhi_._" OR site:github.com "_._dhayanidhi_._" OR site:instagram.com "_._dhayanidhi_._"
23:16:24 [WARNING] src.modules.google_dorks: Pattern 'social_platforms' failed: Rate limited by Google (429)
23:16:24 [WARNING] src.modules.google_dorks: Google rate limited (429) for query: site:twitter.com "UCiW6GtOVGtr40m18tXT5J8Q" OR site:linkedin.com "UCiW6GtOVGtr40m18tXT5J8Q" OR site:github.com "UCiW6GtOVGtr40m18tXT5J8Q" OR site:instagram.com "UCiW6GtOVGtr40m18tXT5J8Q"
23:16:24 [WARNING] src.modules.google_dorks: Pattern 'social_platforms' failed: Rate limited by Google (429)
23:16:24 [INFO] src.modules.google_dorks: Google Dorks search discovered 20 artifacts
23:16:24 [INFO] src.orchestrator: Google Dorks found 20 artifacts for username UCiW6GtOVGtr40m18tXT5J8Q
23:16:25 [INFO] src.modules.google_dorks: Limiting patterns from 8 to 3 to avoid rate limiting
23:16:25 [INFO] src.modules.google_dorks: Searching for username 'UCiW6GtOVGtr40m18tXT5J8Q' with 3 dork patterns
23:16:25 [INFO] src.modules.username_search: Found UCiW6GtOVGtr40m18tXT5J8Q on HackerNews
23:16:25 [INFO] src.modules.username_search: Found UCiW6GtOVGtr40m18tXT5J8Q on Medium
23:16:25 [INFO] src.modules.username_search: Found UCiW6GtOVGtr40m18tXT5J8Q on Instagram
23:16:25 [INFO] src.modules.username_search: Found UCiW6GtOVGtr40m18tXT5J8Q on Pinterest
23:16:25 [INFO] src.modules.username_search: Found UCiW6GtOVGtr40m18tXT5J8Q on Steam
23:16:25 [ERROR] src.modules.username_search: Exception checking Reddit: 'expected_status'
23:16:25 [ERROR] src.modules.username_search: Exception checking GitLab: 'expected_status'
23:16:25 [INFO] src.modules.username_search: Username search complete: UCiW6GtOVGtr40m18tXT5J8Q → found on 5/12 platforms
23:16:25 [WARNING] src.modules.google_dorks: Google rate limited (429) for query: site:twitter.com "UCiW6GtOVGtr40m18tXT5J8Q" OR site:linkedin.com "UCiW6GtOVGtr40m18tXT5J8Q" OR site:github.com "UCiW6GtOVGtr40m18tXT5J8Q" OR site:instagram.com "UCiW6GtOVGtr40m18tXT5J8Q"
23:16:25 [WARNING] src.modules.google_dorks: Pattern 'social_platforms' failed: Rate limited by Google (429)
23:16:26 [WARNING] src.modules.google_dorks: Google rate limited (429) for query: intitle:"profile" "_._dhayanidhi_._" OR intitle:"user" "_._dhayanidhi_._"
23:16:26 [WARNING] src.modules.google_dorks: Pattern 'profile_pages' failed: Rate limited by Google (429)
23:16:26 [INFO] src.modules.google_dorks: Google Dorks search discovered 20 artifacts
23:16:26 [INFO] src.orchestrator: Google Dorks found 20 artifacts for username _._dhayanidhi_._
23:16:26 [INFO] src.modules.google_dorks: Limiting patterns from 8 to 3 to avoid rate limiting
23:16:26 [INFO] src.modules.google_dorks: Searching for username '_._dhayanidhi_._' with 3 dork patterns
23:16:26 [INFO] src.modules.username_search: Found _._dhayanidhi_._ on HackerNews
23:16:26 [INFO] src.modules.username_search: Found _._dhayanidhi_._ on Instagram
23:16:26 [INFO] src.modules.username_search: Found _._dhayanidhi_._ on Medium
23:16:26 [INFO] src.modules.username_search: Found _._dhayanidhi_._ on Pinterest
23:16:26 [INFO] src.modules.username_search: Found _._dhayanidhi_._ on Steam
23:16:26 [INFO] src.modules.username_search: Found _._dhayanidhi_._ on Mastodon
23:16:27 [ERROR] src.modules.username_search: Exception checking Reddit: 'expected_status'
23:16:27 [ERROR] src.modules.username_search: Exception checking GitLab: 'expected_status'
23:16:27 [INFO] src.modules.username_search: Username search complete: _._dhayanidhi_._ → found on 6/12 platforms
23:16:27 [WARNING] src.modules.google_dorks: Google rate limited (429) for query: site:twitter.com "_._dhayanidhi_._" OR site:linkedin.com "_._dhayanidhi_._" OR site:github.com "_._dhayanidhi_._" OR site:instagram.com "_._dhayanidhi_._"
23:16:27 [WARNING] src.modules.google_dorks: Pattern 'social_platforms' failed: Rate limited by Google (429)
23:16:27 [WARNING] src.modules.google_dorks: Google rate limited (429) for query: UCiW6GtOVGtr40m18tXT5J8Q
23:16:27 [WARNING] src.modules.google_dorks: Pattern 'simple_search' failed: Rate limited by Google (429)
23:16:30 [WARNING] src.modules.google_dorks: Google rate limited (429) for query: intitle:"profile" "UCiW6GtOVGtr40m18tXT5J8Q" OR intitle:"user" "UCiW6GtOVGtr40m18tXT5J8Q"
23:16:30 [WARNING] src.modules.google_dorks: Google rate limited (429) for query: _._dhayanidhi_._
23:16:30 [WARNING] src.modules.google_dorks: Pattern 'profile_pages' failed: Rate limited by Google (429)
23:16:30 [WARNING] src.modules.google_dorks: Pattern 'simple_search' failed: Rate limited by Google (429)
23:16:30 [INFO] src.modules.google_dorks: Google Dorks search discovered 0 artifacts
23:16:30 [INFO] src.orchestrator: Plugin system processed 2 plugins, discovered 0 artifacts
23:16:31 [WARNING] src.modules.google_dorks: Google rate limited (429) for query: intitle:"profile" "_._dhayanidhi_._" OR intitle:"user" "_._dhayanidhi_._"
23:16:31 [WARNING] src.modules.google_dorks: Pattern 'profile_pages' failed: Rate limited by Google (429)
23:16:31 [INFO] src.modules.google_dorks: Google Dorks search discovered 0 artifacts
23:16:31 [INFO] src.orchestrator: Plugin system processed 2 plugins, discovered 0 artifacts
23:16:59 [ERROR] src.modules.google_dorks: DuckDuckGo search failed: HTTPSConnectionPool(host='html.duckduckgo.com', port=443): Read timed out. (read timeout=None)
23:16:59 [INFO] src.modules.google_dorks: Falling back to Google web scraping
23:17:00 [WARNING] src.modules.google_dorks: Google rate limited (429) for query: intitle:"profile" "rdhayanidhi" OR intitle:"user" "rdhayanidhi"
23:17:00 [WARNING] src.modules.google_dorks: Pattern 'profile_pages' failed: Rate limited by Google (429)
23:17:06 [ERROR] src.modules.google_dorks: DuckDuckGo search failed: HTTPSConnectionPool(host='html.duckduckgo.com', port=443): Read timed out. (read timeout=None)
23:17:06 [INFO] src.modules.google_dorks: Falling back to Google web scraping
23:17:06 [WARNING] src.modules.google_dorks: Google rate limited (429) for query: site:twitter.com "rdhayanidhi" OR site:linkedin.com "rdhayanidhi" OR site:github.com "rdhayanidhi" OR site:instagram.com "rdhayanidhi"
23:17:06 [WARNING] src.modules.google_dorks: Pattern 'social_platforms' failed: Rate limited by Google (429)
23:17:06 [INFO] src.modules.google_dorks: Google Dorks search discovered 20 artifacts
23:17:06 [INFO] src.orchestrator: Google Dorks found 20 artifacts for username rdhayanidhi
23:17:06 [INFO] src.modules.google_dorks: Limiting patterns from 8 to 3 to avoid rate limiting
23:17:06 [INFO] src.modules.google_dorks: Searching for username 'rdhayanidhi' with 3 dork patterns
23:17:06 [INFO] src.modules.username_search: Found rdhayanidhi on HackerNews
23:17:06 [INFO] src.modules.username_search: Found rdhayanidhi on Instagram
23:17:06 [INFO] src.modules.username_search: Found rdhayanidhi on Medium
23:17:06 [INFO] src.modules.username_search: Found rdhayanidhi on GitHub
23:17:06 [INFO] src.modules.username_search: Found rdhayanidhi on Pinterest
23:17:06 [INFO] src.modules.username_search: Found rdhayanidhi on Steam
23:17:07 [ERROR] src.modules.username_search: Exception checking GitLab: 'expected_status'
23:17:07 [ERROR] src.modules.username_search: Exception checking Reddit: 'expected_status'
23:17:07 [INFO] src.modules.username_search: Username search complete: rdhayanidhi → found on 6/12 platforms
23:17:07 [WARNING] src.modules.google_dorks: Google rate limited (429) for query: rdhayanidhi
23:17:07 [WARNING] src.modules.google_dorks: Pattern 'simple_search' failed: Rate limited by Google (429)
23:17:09 [WARNING] src.modules.google_dorks: Google rate limited (429) for query: site:twitter.com "rdhayanidhi" OR site:linkedin.com "rdhayanidhi" OR site:github.com "rdhayanidhi" OR site:instagram.com "rdhayanidhi"
23:17:09 [WARNING] src.modules.google_dorks: Pattern 'social_platforms' failed: Rate limited by Google (429)
23:17:12 [WARNING] src.modules.google_dorks: Google rate limited (429) for query: intitle:"profile" "rdhayanidhi" OR intitle:"user" "rdhayanidhi"
23:17:12 [WARNING] src.modules.google_dorks: Pattern 'profile_pages' failed: Rate limited by Google (429)
23:17:12 [INFO] src.modules.google_dorks: Google Dorks search discovered 0 artifacts
23:17:12 [INFO] src.orchestrator: Plugin system processed 2 plugins, discovered 0 artifacts
23:17:12 [INFO] src.orchestrator: BFS processing complete. Processed 122 artifacts
23:17:12 [INFO] src.orchestrator: Processing batch of 5 artifacts concurrently
23:17:12 [INFO] src.orchestrator: Processing: domain=filmibeat.com (depth=2, queue_size=88)
23:17:12 [INFO] src.orchestrator: Processing: domain=imdb.com (depth=2, queue_size=88)
23:17:12 [WARNING] src.orchestrator: Unknown artifact type: domain
23:17:12 [INFO] src.orchestrator: Processing: username=biography.html (depth=2, queue_size=88)
23:17:12 [WARNING] src.orchestrator: Unknown artifact type: domain
23:17:12 [INFO] src.orchestrator: Processing: username=bio (depth=2, queue_size=88)
23:17:12 [INFO] src.orchestrator: Processing: username=R (depth=2, queue_size=88)
23:17:12 [ERROR] src.orchestrator: External tools processing failed for imdb.com: 'WhoisIntegration' object has no attribute 'search_username'
23:17:12 [ERROR] src.orchestrator: External tools processing failed for filmibeat.com: 'WhoisIntegration' object has no attribute 'search_username'
23:17:12 [INFO] src.orchestrator: Plugin system processed 2 plugins, discovered 5 artifacts
23:17:12 [INFO] src.orchestrator: Plugin system processed 2 plugins, discovered 12 artifacts
23:17:12 [ERROR] src.modules.username_search: Exception checking Reddit: 'expected_status'
23:17:12 [ERROR] src.modules.username_search: Exception checking GitLab: 'expected_status'
23:17:12 [ERROR] src.modules.username_search: Exception checking GitLab: 'expected_status'
23:17:12 [INFO] src.modules.username_search: Found R on GitHub
23:17:12 [INFO] src.modules.username_search: Found bio on GitHub
23:17:12 [INFO] src.modules.username_search: Found bio on HackerNews
23:17:12 [INFO] src.modules.username_search: Found R on HackerNews
23:17:12 [INFO] src.modules.username_search: Found biography.html on HackerNews
23:17:12 [INFO] src.modules.username_search: Found biography.html on Steam
23:17:12 [INFO] src.modules.username_search: Found bio on Instagram
23:17:12 [INFO] src.modules.username_search: Found biography.html on Instagram
23:17:12 [INFO] src.modules.username_search: Found bio on Keybase
23:17:12 [INFO] src.modules.username_search: Found biography.html on Mastodon
23:17:12 [INFO] src.modules.username_search: Found R on Pinterest
23:17:12 [INFO] src.modules.username_search: Found R on Steam
23:17:12 [INFO] src.modules.username_search: Found R on Mastodon
23:17:12 [ERROR] src.modules.username_search: Exception checking GitLab: 'expected_status'
23:17:12 [INFO] src.modules.username_search: Found biography.html on Medium
23:17:12 [INFO] src.modules.username_search: Found R on Instagram
23:17:12 [INFO] src.modules.username_search: Found biography.html on Pinterest
23:17:12 [INFO] src.modules.username_search: Username search complete: biography.html → found on 6/12 platforms
23:17:13 [ERROR] src.modules.username_search: Exception checking Reddit: 'expected_status'
23:17:13 [INFO] src.modules.username_search: Found R on Medium
23:17:13 [ERROR] src.modules.username_search: Exception checking Reddit: 'expected_status'
23:17:13 [INFO] src.modules.username_search: Username search complete: R → found on 7/12 platforms
23:17:13 [INFO] src.modules.username_search: Found bio on Mastodon
23:17:13 [INFO] src.modules.username_search: Found bio on Medium
23:17:15 [INFO] src.modules.username_search: Found bio on Pinterest
23:17:15 [INFO] src.modules.username_search: Username search complete: bio → found on 7/12 platforms
23:17:15 [INFO] src.modules.google_dorks: Limiting patterns from 8 to 3 to avoid rate limiting
23:17:15 [INFO] src.modules.google_dorks: Searching for username 'biography.html' with 3 dork patterns
23:17:15 [INFO] src.modules.google_dorks: Pattern 'simple_search' found 8 results
23:17:16 [INFO] src.modules.google_dorks: Limiting patterns from 8 to 3 to avoid rate limiting
23:17:16 [INFO] src.modules.google_dorks: Searching for username 'R' with 3 dork patterns
23:17:16 [INFO] src.modules.google_dorks: Pattern 'simple_search' found 10 results
23:17:16 [INFO] src.modules.google_dorks: Pattern 'profile_pages' found 8 results
23:17:18 [INFO] src.modules.google_dorks: Limiting patterns from 8 to 3 to avoid rate limiting
23:17:18 [INFO] src.modules.google_dorks: Searching for username 'bio' with 3 dork patterns
23:18:30 [ERROR] src.modules.google_dorks: DuckDuckGo search failed: HTTPSConnectionPool(host='html.duckduckgo.com', port=443): Max retries exceeded with url: /html/ (Caused by ConnectTimeoutError(<HTTPSConnection(host='html.duckduckgo.com', port=443) at 0x113b11db0>, 'Connection to html.duckduckgo.com timed out. (connect timeout=None)'))
23:18:30 [ERROR] src.modules.google_dorks: DuckDuckGo search failed: HTTPSConnectionPool(host='html.duckduckgo.com', port=443): Max retries exceeded with url: /html/ (Caused by ConnectTimeoutError(<HTTPSConnection(host='html.duckduckgo.com', port=443) at 0x113b13340>, 'Connection to html.duckduckgo.com timed out. (connect timeout=None)'))
23:18:30 [INFO] src.modules.google_dorks: Falling back to Google web scraping
23:18:30 [INFO] src.modules.google_dorks: Falling back to Google web scraping
23:18:31 [ERROR] src.modules.google_dorks: DuckDuckGo search failed: HTTPSConnectionPool(host='html.duckduckgo.com', port=443): Max retries exceeded with url: /html/ (Caused by ConnectTimeoutError(<HTTPSConnection(host='html.duckduckgo.com', port=443) at 0x113af4a90>, 'Connection to html.duckduckgo.com timed out. (connect timeout=None)'))
23:18:31 [INFO] src.modules.google_dorks: Falling back to Google web scraping
23:18:31 [WARNING] src.modules.google_dorks: Google rate limited (429) for query: intitle:"profile" "biography.html" OR intitle:"user" "biography.html"
23:18:31 [WARNING] src.modules.google_dorks: Pattern 'profile_pages' failed: Rate limited by Google (429)
23:18:31 [WARNING] src.modules.google_dorks: Google rate limited (429) for query: site:twitter.com "R" OR site:linkedin.com "R" OR site:github.com "R" OR site:instagram.com "R"
23:18:31 [WARNING] src.modules.google_dorks: Pattern 'social_platforms' failed: Rate limited by Google (429)
23:18:31 [WARNING] src.modules.google_dorks: Limiting Google Dorks results from 18 to 10 to prevent exponential growth
23:18:31 [INFO] src.modules.google_dorks: Google Dorks search discovered 36 artifacts
23:18:31 [INFO] src.orchestrator: Google Dorks found 36 artifacts for username R
23:18:31 [INFO] src.modules.google_dorks: Limiting patterns from 8 to 3 to avoid rate limiting
23:18:31 [INFO] src.modules.google_dorks: Searching for username 'R' with 3 dork patterns
23:18:31 [INFO] src.modules.username_search: Found R on Pinterest
23:18:31 [INFO] src.modules.username_search: Found R on Steam
23:18:31 [INFO] src.modules.username_search: Found R on HackerNews
23:18:31 [INFO] src.modules.username_search: Found R on Medium
23:18:31 [INFO] src.modules.username_search: Found R on GitHub
23:18:31 [INFO] src.modules.username_search: Found R on Mastodon
23:18:31 [INFO] src.modules.username_search: Found R on Instagram
23:18:32 [ERROR] src.modules.username_search: Exception checking GitLab: 'expected_status'
23:18:32 [ERROR] src.modules.username_search: Exception checking Reddit: 'expected_status'
23:18:32 [INFO] src.modules.username_search: Username search complete: R → found on 7/12 platforms
23:18:32 [WARNING] src.modules.google_dorks: Google rate limited (429) for query: R
23:18:32 [WARNING] src.modules.google_dorks: Pattern 'simple_search' failed: Rate limited by Google (429)
23:18:33 [ERROR] src.modules.google_dorks: DuckDuckGo search failed: HTTPSConnectionPool(host='html.duckduckgo.com', port=443): Max retries exceeded with url: /html/ (Caused by ConnectTimeoutError(<HTTPSConnection(host='html.duckduckgo.com', port=443) at 0x1137c6d10>, 'Connection to html.duckduckgo.com timed out. (connect timeout=None)'))
23:18:33 [INFO] src.modules.google_dorks: Falling back to Google web scraping
23:18:33 [ERROR] src.modules.google_dorks: DuckDuckGo search failed: HTTPSConnectionPool(host='html.duckduckgo.com', port=443): Max retries exceeded with url: /html/ (Caused by ConnectTimeoutError(<HTTPSConnection(host='html.duckduckgo.com', port=443) at 0x1137c57b0>, 'Connection to html.duckduckgo.com timed out. (connect timeout=None)'))
23:18:33 [ERROR] src.modules.google_dorks: DuckDuckGo search failed: HTTPSConnectionPool(host='html.duckduckgo.com', port=443): Max retries exceeded with url: /html/ (Caused by ConnectTimeoutError(<HTTPSConnection(host='html.duckduckgo.com', port=443) at 0x1137c5c60>, 'Connection to html.duckduckgo.com timed out. (connect timeout=None)'))
23:18:33 [INFO] src.modules.google_dorks: Falling back to Google web scraping
23:18:33 [INFO] src.modules.google_dorks: Falling back to Google web scraping
23:18:33 [WARNING] src.modules.google_dorks: Google rate limited (429) for query: site:twitter.com "biography.html" OR site:linkedin.com "biography.html" OR site:github.com "biography.html" OR site:instagram.com "biography.html"
23:18:33 [WARNING] src.modules.google_dorks: Pattern 'social_platforms' failed: Rate limited by Google (429)
23:18:33 [INFO] src.modules.google_dorks: Google Dorks search discovered 16 artifacts
23:18:33 [INFO] src.orchestrator: Google Dorks found 16 artifacts for username biography.html
23:18:33 [INFO] src.modules.google_dorks: Limiting patterns from 8 to 3 to avoid rate limiting
23:18:33 [INFO] src.modules.google_dorks: Searching for username 'biography.html' with 3 dork patterns
23:18:33 [INFO] src.modules.username_search: Found biography.html on Instagram
23:18:33 [INFO] src.modules.username_search: Found biography.html on Medium
23:18:33 [INFO] src.modules.username_search: Found biography.html on HackerNews
23:18:33 [INFO] src.modules.username_search: Found biography.html on Pinterest
23:18:33 [INFO] src.modules.username_search: Found biography.html on Steam
23:18:33 [INFO] src.modules.username_search: Found biography.html on Mastodon
23:18:34 [WARNING] src.modules.google_dorks: Google rate limited (429) for query: bio
23:18:34 [WARNING] src.modules.google_dorks: Pattern 'simple_search' failed: Rate limited by Google (429)
23:18:34 [ERROR] src.modules.username_search: Exception checking Reddit: 'expected_status'
23:18:34 [ERROR] src.modules.username_search: Exception checking GitLab: 'expected_status'
23:18:34 [INFO] src.modules.username_search: Username search complete: biography.html → found on 6/12 platforms
23:18:34 [WARNING] src.modules.google_dorks: Google rate limited (429) for query: site:twitter.com "R" OR site:linkedin.com "R" OR site:github.com "R" OR site:instagram.com "R"
23:18:34 [WARNING] src.modules.google_dorks: Pattern 'social_platforms' failed: Rate limited by Google (429)
23:18:34 [WARNING] src.modules.google_dorks: Google rate limited (429) for query: biography.html
23:18:34 [WARNING] src.modules.google_dorks: Pattern 'simple_search' failed: Rate limited by Google (429)
23:18:36 [INFO] src.modules.google_dorks: Google search found 1 results for pattern 'profile_pages'
23:18:36 [INFO] src.modules.google_dorks: Pattern 'profile_pages' found 1 results
23:18:36 [INFO] src.modules.google_dorks: Google Dorks search discovered 2 artifacts
23:18:36 [INFO] src.orchestrator: Plugin system processed 2 plugins, discovered 2 artifacts
23:18:36 [WARNING] src.modules.google_dorks: Google rate limited (429) for query: site:twitter.com "bio" OR site:linkedin.com "bio" OR site:github.com "bio" OR site:instagram.com "bio"
23:18:36 [WARNING] src.modules.google_dorks: Google rate limited (429) for query: site:twitter.com "biography.html" OR site:linkedin.com "biography.html" OR site:github.com "biography.html" OR site:instagram.com "biography.html"
23:18:36 [WARNING] src.modules.google_dorks: Pattern 'social_platforms' failed: Rate limited by Google (429)
23:18:36 [WARNING] src.modules.google_dorks: Pattern 'social_platforms' failed: Rate limited by Google (429)
23:18:38 [WARNING] src.modules.google_dorks: Google rate limited (429) for query: intitle:"profile" "biography.html" OR intitle:"user" "biography.html"
23:18:38 [WARNING] src.modules.google_dorks: Pattern 'profile_pages' failed: Rate limited by Google (429)
23:18:38 [INFO] src.modules.google_dorks: Google Dorks search discovered 0 artifacts
23:18:38 [INFO] src.orchestrator: Plugin system processed 2 plugins, discovered 0 artifacts
23:18:38 [WARNING] src.modules.google_dorks: Google rate limited (429) for query: intitle:"profile" "bio" OR intitle:"user" "bio"
23:18:38 [WARNING] src.modules.google_dorks: Pattern 'profile_pages' failed: Rate limited by Google (429)
23:18:38 [INFO] src.modules.google_dorks: Google Dorks search discovered 0 artifacts
23:18:38 [INFO] src.modules.google_dorks: Limiting patterns from 8 to 3 to avoid rate limiting
23:18:38 [INFO] src.modules.google_dorks: Searching for username 'bio' with 3 dork patterns
23:18:38 [INFO] src.modules.username_search: Found bio on Medium
23:18:38 [INFO] src.modules.username_search: Found bio on HackerNews
23:18:38 [INFO] src.modules.username_search: Found bio on Keybase
23:18:38 [INFO] src.modules.username_search: Found bio on GitHub
23:18:38 [INFO] src.modules.username_search: Found bio on Instagram
23:18:38 [INFO] src.modules.username_search: Found bio on Pinterest
23:18:38 [INFO] src.modules.username_search: Found bio on Mastodon
23:18:38 [ERROR] src.modules.username_search: Exception checking Reddit: 'expected_status'
23:18:38 [ERROR] src.modules.username_search: Exception checking GitLab: 'expected_status'
23:18:38 [INFO] src.modules.username_search: Username search complete: bio → found on 7/12 platforms
23:18:38 [WARNING] src.modules.google_dorks: Google rate limited (429) for query: bio
23:18:38 [WARNING] src.modules.google_dorks: Pattern 'simple_search' failed: Rate limited by Google (429)
23:18:40 [WARNING] src.modules.google_dorks: Google rate limited (429) for query: site:twitter.com "bio" OR site:linkedin.com "bio" OR site:github.com "bio" OR site:instagram.com "bio"
23:18:40 [WARNING] src.modules.google_dorks: Pattern 'social_platforms' failed: Rate limited by Google (429)
23:18:42 [WARNING] src.modules.google_dorks: Google rate limited (429) for query: intitle:"profile" "bio" OR intitle:"user" "bio"
23:18:42 [WARNING] src.modules.google_dorks: Pattern 'profile_pages' failed: Rate limited by Google (429)
23:18:42 [INFO] src.modules.google_dorks: Google Dorks search discovered 0 artifacts
23:18:42 [INFO] src.orchestrator: Plugin system processed 2 plugins, discovered 0 artifacts
23:18:42 [INFO] src.orchestrator: BFS processing complete. Processed 127 artifacts
23:18:42 [INFO] src.orchestrator: Processing batch of 5 artifacts concurrently
23:18:42 [INFO] src.orchestrator: Processing: platform_presence=https://news.ycombinator.com/user?id=dhayanidhir.r.9 (depth=2, queue_size=83)
23:18:42 [INFO] src.orchestrator: Processing: platform_presence=https://steamcommunity.com/id/dhayanidhir.r.9 (depth=2, queue_size=83)
23:18:42 [INFO] src.orchestrator: Processing: platform_presence=https://www.instagram.com/dhayanidhir.r.9/ (depth=2, queue_size=83)
23:18:42 [INFO] src.orchestrator: Processing: platform_presence=https://www.pinterest.com/dhayanidhir.r.9/ (depth=2, queue_size=83)
23:18:42 [INFO] src.orchestrator: Processing: platform_presence=https://mastodon.social/@dhayanidhir.r.9 (depth=2, queue_size=83)
23:18:42 [INFO] src.plugins.builtins.profile_image_plugin: Extracting profile image from: https://steamcommunity.com/id/dhayanidhir.r.9
23:18:42 [INFO] src.plugins.builtins.profile_image_plugin: Extracting profile image from: https://news.ycombinator.com/user?id=dhayanidhir.r.9
23:18:42 [INFO] src.plugins.builtins.profile_image_plugin: Extracting profile image from: https://www.instagram.com/dhayanidhir.r.9/
23:18:42 [INFO] src.plugins.builtins.profile_image_plugin: Extracting profile image from: https://www.pinterest.com/dhayanidhir.r.9/
23:18:42 [INFO] src.plugins.builtins.profile_image_plugin: Extracting profile image from: https://mastodon.social/@dhayanidhir.r.9
23:18:43 [INFO] src.orchestrator: Plugin system processed 1 plugins, discovered 0 artifacts
23:18:43 [INFO] src.plugins.builtins.profile_image_plugin: Found profile image for https://mastodon.social/@dhayanidhir.r.9: https://files.mastodon.social/site_uploads/files/000/000/001/@1x/57c12f441d083cde.png
23:18:43 [INFO] src.orchestrator: Plugin system processed 1 plugins, discovered 1 artifacts
23:18:43 [INFO] src.orchestrator: Plugin system processed 1 plugins, discovered 0 artifacts
23:18:43 [INFO] src.orchestrator: Plugin system processed 1 plugins, discovered 0 artifacts
23:18:43 [INFO] src.orchestrator: Plugin system processed 1 plugins, discovered 0 artifacts
23:18:43 [INFO] src.orchestrator: BFS processing complete. Processed 132 artifacts
23:18:43 [INFO] src.orchestrator: Processing batch of 5 artifacts concurrently
23:18:43 [INFO] src.orchestrator: Processing: username=dayanidhir.dayanidhir.1 (depth=2, queue_size=78)
23:18:44 [INFO] src.orchestrator: Processing: username=dayanidhi_9 (depth=2, queue_size=78)
23:18:44 [INFO] src.orchestrator: Processing: username=mr.dayanidhi9 (depth=2, queue_size=78)
23:18:44 [INFO] src.orchestrator: Processing: username=playlists (depth=2, queue_size=78)
23:18:44 [INFO] src.orchestrator: Processing: platform_presence=https://medium.com/@dhayanidhir.r.9 (depth=2, queue_size=78)
23:18:44 [INFO] src.plugins.builtins.profile_image_plugin: Extracting profile image from: https://medium.com/@dhayanidhir.r.9
23:18:44 [INFO] src.modules.username_search: Found dayanidhir.dayanidhir.1 on HackerNews
23:18:44 [ERROR] src.modules.username_search: Exception checking GitLab: 'expected_status'
23:18:44 [ERROR] src.modules.username_search: Exception checking GitLab: 'expected_status'
23:18:44 [ERROR] src.modules.username_search: Exception checking GitLab: 'expected_status'
23:18:44 [ERROR] src.modules.username_search: Exception checking Reddit: 'expected_status'
23:18:44 [ERROR] src.modules.username_search: Exception checking Reddit: 'expected_status'
23:18:44 [INFO] src.modules.username_search: Found dayanidhir.dayanidhir.1 on Medium
23:18:44 [INFO] src.modules.username_search: Found dayanidhir.dayanidhir.1 on Instagram
23:18:44 [INFO] src.modules.username_search: Found playlists on GitHub
23:18:44 [INFO] src.modules.username_search: Found dayanidhir.dayanidhir.1 on Steam
23:18:44 [ERROR] src.modules.username_search: Exception checking Reddit: 'expected_status'
23:18:44 [INFO] src.modules.username_search: Found dayanidhi_9 on Steam
23:18:44 [INFO] src.modules.username_search: Found dayanidhi_9 on Medium
23:18:44 [ERROR] src.modules.username_search: Exception checking Reddit: 'expected_status'
23:18:44 [INFO] src.modules.username_search: Found mr.dayanidhi9 on Steam
23:18:44 [INFO] src.modules.username_search: Found dayanidhir.dayanidhir.1 on Pinterest
23:18:44 [INFO] src.modules.username_search: Found dayanidhir.dayanidhir.1 on Mastodon
23:18:44 [INFO] src.modules.username_search: Found mr.dayanidhi9 on Medium
23:18:44 [INFO] src.modules.username_search: Found playlists on Steam
23:18:44 [INFO] src.modules.username_search: Found dayanidhi_9 on Pinterest
23:18:44 [INFO] src.modules.username_search: Found mr.dayanidhi9 on Pinterest
23:18:44 [INFO] src.orchestrator: Plugin system processed 1 plugins, discovered 0 artifacts
23:18:44 [INFO] src.modules.username_search: Found playlists on Pinterest
23:18:44 [INFO] src.modules.username_search: Found dayanidhi_9 on Instagram
23:18:44 [INFO] src.modules.username_search: Found mr.dayanidhi9 on Instagram
23:18:44 [INFO] src.modules.username_search: Found playlists on Instagram
23:18:44 [INFO] src.modules.username_search: Username search complete: dayanidhir.dayanidhir.1 → found on 6/12 platforms
23:18:44 [INFO] src.modules.username_search: Found playlists on HackerNews
23:18:44 [INFO] src.modules.username_search: Found dayanidhi_9 on HackerNews
23:18:44 [INFO] src.modules.username_search: Username search complete: dayanidhi_9 → found on 5/12 platforms
23:18:44 [ERROR] src.modules.username_search: Exception checking GitLab: 'expected_status'
23:18:44 [INFO] src.modules.username_search: Found mr.dayanidhi9 on HackerNews
23:18:44 [INFO] src.modules.username_search: Found playlists on Medium
23:18:44 [INFO] src.modules.username_search: Username search complete: playlists → found on 6/12 platforms
23:18:46 [INFO] src.modules.google_dorks: Limiting patterns from 8 to 3 to avoid rate limiting
23:18:46 [INFO] src.modules.google_dorks: Searching for username 'dayanidhir.dayanidhir.1' with 3 dork patterns
23:18:46 [INFO] src.modules.google_dorks: Pattern 'simple_search' found 10 results
23:18:47 [INFO] src.modules.google_dorks: Limiting patterns from 8 to 3 to avoid rate limiting
23:18:47 [INFO] src.modules.google_dorks: Searching for username 'playlists' with 3 dork patterns
23:18:47 [INFO] src.modules.google_dorks: Pattern 'profile_pages' found 9 results
23:18:47 [INFO] src.modules.google_dorks: Pattern 'simple_search' found 10 results
23:18:47 [INFO] src.modules.google_dorks: Limiting patterns from 8 to 3 to avoid rate limiting
23:18:47 [INFO] src.modules.google_dorks: Searching for username 'dayanidhi_9' with 3 dork patterns
23:18:47 [INFO] src.modules.google_dorks: Pattern 'simple_search' found 10 results
23:33:51 [ERROR] src.modules.google_dorks: DuckDuckGo search failed: HTTPSConnectionPool(host='html.duckduckgo.com', port=443): Max retries exceeded with url: /html/ (Caused by ConnectTimeoutError(<HTTPSConnection(host='html.duckduckgo.com', port=443) at 0x112cabf70>, 'Connection to html.duckduckgo.com timed out. (connect timeout=None)'))
23:33:51 [ERROR] src.modules.google_dorks: DuckDuckGo search failed: HTTPSConnectionPool(host='html.duckduckgo.com', port=443): Max retries exceeded with url: /html/ (Caused by ConnectTimeoutError(<HTTPSConnection(host='html.duckduckgo.com', port=443) at 0x112ca9bd0>, 'Connection to html.duckduckgo.com timed out. (connect timeout=None)'))
23:33:51 [INFO] src.modules.google_dorks: Falling back to Google web scraping
23:33:51 [INFO] src.modules.google_dorks: Falling back to Google web scraping
23:33:53 [WARNING] src.modules.google_dorks: Google rate limited (429) for query: site:twitter.com "dayanidhir.dayanidhir.1" OR site:linkedin.com "dayanidhir.dayanidhir.1" OR site:github.com "dayanidhir.dayanidhir.1" OR site:instagram.com "dayanidhir.dayanidhir.1"
23:33:53 [WARNING] src.modules.google_dorks: Pattern 'social_platforms' failed: Rate limited by Google (429)
23:33:54 [WARNING] urllib3.connectionpool: Retrying (Retry(total=0, connect=None, read=None, redirect=None, status=None)) after connection broken by 'RemoteDisconnected('Remote end closed connection without response')': /@mr.dayanidhi9
23:33:54 [WARNING] src.modules.google_dorks: Google rate limited (429) for query: intitle:"profile" "dayanidhir.dayanidhir.1" OR intitle:"user" "dayanidhir.dayanidhir.1"
23:33:54 [WARNING] src.modules.google_dorks: Pattern 'profile_pages' failed: Rate limited by Google (429)
23:33:54 [INFO] src.modules.google_dorks: Google Dorks search discovered 20 artifacts
23:33:54 [INFO] src.orchestrator: Google Dorks found 20 artifacts for username dayanidhir.dayanidhir.1
23:33:54 [INFO] src.modules.google_dorks: Limiting patterns from 8 to 3 to avoid rate limiting
23:33:54 [INFO] src.modules.google_dorks: Searching for username 'dayanidhir.dayanidhir.1' with 3 dork patterns
23:33:54 [INFO] src.modules.username_search: Found dayanidhir.dayanidhir.1 on Instagram
23:33:54 [INFO] src.modules.username_search: Found dayanidhir.dayanidhir.1 on HackerNews
23:33:54 [INFO] src.modules.username_search: Found dayanidhir.dayanidhir.1 on Medium
23:33:54 [INFO] src.modules.username_search: Found dayanidhir.dayanidhir.1 on Pinterest
23:33:54 [INFO] src.modules.username_search: Found dayanidhir.dayanidhir.1 on Steam
23:33:54 [INFO] src.modules.username_search: Found dayanidhir.dayanidhir.1 on Mastodon
23:33:55 [ERROR] src.modules.username_search: Exception checking Reddit: 'expected_status'
23:33:55 [ERROR] src.modules.username_search: Exception checking GitLab: 'expected_status'
23:33:55 [INFO] src.modules.username_search: Username search complete: dayanidhir.dayanidhir.1 → found on 6/12 platforms
23:33:56 [WARNING] src.modules.google_dorks: Google rate limited (429) for query: dayanidhir.dayanidhir.1
23:33:56 [WARNING] src.modules.google_dorks: Pattern 'simple_search' failed: Rate limited by Google (429)
23:33:57 [WARNING] src.modules.google_dorks: Google rate limited (429) for query: site:twitter.com "dayanidhir.dayanidhir.1" OR site:linkedin.com "dayanidhir.dayanidhir.1" OR site:github.com "dayanidhir.dayanidhir.1" OR site:instagram.com "dayanidhir.dayanidhir.1"
23:33:57 [WARNING] src.modules.google_dorks: Pattern 'social_platforms' failed: Rate limited by Google (429)
23:34:00 [WARNING] src.modules.google_dorks: Google rate limited (429) for query: intitle:"profile" "dayanidhir.dayanidhir.1" OR intitle:"user" "dayanidhir.dayanidhir.1"
23:34:00 [WARNING] src.modules.google_dorks: Pattern 'profile_pages' failed: Rate limited by Google (429)
23:34:00 [INFO] src.modules.google_dorks: Google Dorks search discovered 0 artifacts
23:34:00 [INFO] src.orchestrator: Plugin system processed 2 plugins, discovered 0 artifacts
23:34:04 [INFO] src.modules.username_search: Username search complete: mr.dayanidhi9 → found on 5/12 platforms
23:34:08 [INFO] src.modules.google_dorks: Limiting patterns from 8 to 3 to avoid rate limiting
23:34:08 [INFO] src.modules.google_dorks: Searching for username 'mr.dayanidhi9' with 3 dork patterns
23:34:08 [INFO] src.modules.google_dorks: Pattern 'simple_search' found 10 results
23:49:43 [ERROR] src.modules.google_dorks: DuckDuckGo search failed: HTTPSConnectionPool(host='html.duckduckgo.com', port=443): Max retries exceeded with url: /html/ (Caused by ConnectTimeoutError(<HTTPSConnection(host='html.duckduckgo.com', port=443) at 0x11373fa00>, 'Connection to html.duckduckgo.com timed out. (connect timeout=None)'))
23:49:43 [ERROR] src.modules.google_dorks: DuckDuckGo search failed: HTTPSConnectionPool(host='html.duckduckgo.com', port=443): Max retries exceeded with url: /html/ (Caused by ConnectTimeoutError(<HTTPSConnection(host='html.duckduckgo.com', port=443) at 0x11373e9b0>, 'Connection to html.duckduckgo.com timed out. (connect timeout=None)'))
23:49:43 [INFO] src.modules.google_dorks: Falling back to Google web scraping
23:49:43 [INFO] src.modules.google_dorks: Falling back to Google web scraping
23:49:44 [WARNING] src.modules.google_dorks: Google rate limited (429) for query: intitle:"profile" "mr.dayanidhi9" OR intitle:"user" "mr.dayanidhi9"
23:49:44 [WARNING] src.modules.google_dorks: Pattern 'profile_pages' failed: Rate limited by Google (429)
23:49:46 [WARNING] src.modules.google_dorks: Google rate limited (429) for query: site:twitter.com "mr.dayanidhi9" OR site:linkedin.com "mr.dayanidhi9" OR site:github.com "mr.dayanidhi9" OR site:instagram.com "mr.dayanidhi9"
23:49:46 [WARNING] src.modules.google_dorks: Pattern 'social_platforms' failed: Rate limited by Google (429)
23:49:46 [INFO] src.modules.google_dorks: Google Dorks search discovered 20 artifacts
23:49:46 [INFO] src.orchestrator: Google Dorks found 20 artifacts for username mr.dayanidhi9
23:49:46 [INFO] src.modules.google_dorks: Limiting patterns from 8 to 3 to avoid rate limiting
23:49:46 [INFO] src.modules.google_dorks: Searching for username 'mr.dayanidhi9' with 3 dork patterns
23:49:46 [INFO] src.modules.username_search: Found mr.dayanidhi9 on HackerNews
23:49:46 [INFO] src.modules.username_search: Found mr.dayanidhi9 on Medium
23:49:46 [INFO] src.modules.username_search: Found mr.dayanidhi9 on Instagram
23:49:46 [INFO] src.modules.username_search: Found mr.dayanidhi9 on Pinterest
23:49:46 [INFO] src.modules.username_search: Found mr.dayanidhi9 on Steam
23:49:46 [WARNING] urllib3.connectionpool: Retrying (Retry(total=0, connect=None, read=None, redirect=None, status=None)) after connection broken by 'RemoteDisconnected('Remote end closed connection without response')': /api/v4/users?username=mr.dayanidhi9
23:49:46 [ERROR] src.modules.username_search: Exception checking Reddit: 'expected_status'
23:49:46 [ERROR] src.modules.username_search: Exception checking GitLab: 'expected_status'
23:49:46 [INFO] src.modules.username_search: Username search complete: mr.dayanidhi9 → found on 5/12 platforms
23:49:47 [WARNING] src.modules.google_dorks: Google rate limited (429) for query: mr.dayanidhi9
23:49:47 [WARNING] src.modules.google_dorks: Pattern 'simple_search' failed: Rate limited by Google (429)
23:49:49 [WARNING] src.modules.google_dorks: Google rate limited (429) for query: site:twitter.com "mr.dayanidhi9" OR site:linkedin.com "mr.dayanidhi9" OR site:github.com "mr.dayanidhi9" OR site:instagram.com "mr.dayanidhi9"
23:49:49 [WARNING] src.modules.google_dorks: Pattern 'social_platforms' failed: Rate limited by Google (429)
23:49:50 [WARNING] src.modules.google_dorks: Google rate limited (429) for query: intitle:"profile" "mr.dayanidhi9" OR intitle:"user" "mr.dayanidhi9"
23:49:50 [WARNING] src.modules.google_dorks: Pattern 'profile_pages' failed: Rate limited by Google (429)
23:49:50 [INFO] src.modules.google_dorks: Google Dorks search discovered 0 artifacts
23:49:50 [INFO] src.orchestrator: Plugin system processed 2 plugins, discovered 0 artifacts
23:49:53 [ERROR] src.modules.google_dorks: DuckDuckGo search failed: HTTPSConnectionPool(host='html.duckduckgo.com', port=443): Max retries exceeded with url: /html/ (Caused by ConnectTimeoutError(<HTTPSConnection(host='html.duckduckgo.com', port=443) at 0x11375d900>, 'Connection to html.duckduckgo.com timed out. (connect timeout=None)'))
23:49:53 [INFO] src.modules.google_dorks: Falling back to Google web scraping
23:49:54 [ERROR] src.modules.google_dorks: DuckDuckGo search failed: HTTPSConnectionPool(host='html.duckduckgo.com', port=443): Max retries exceeded with url: /html/ (Caused by ConnectTimeoutError(<HTTPSConnection(host='html.duckduckgo.com', port=443) at 0x1136943d0>, 'Connection to html.duckduckgo.com timed out. (connect timeout=None)'))
23:49:54 [ERROR] src.modules.google_dorks: DuckDuckGo search failed: HTTPSConnectionPool(host='html.duckduckgo.com', port=443): Max retries exceeded with url: /html/ (Caused by ConnectTimeoutError(<HTTPSConnection(host='html.duckduckgo.com', port=443) at 0x113695750>, 'Connection to html.duckduckgo.com timed out. (connect timeout=None)'))
23:49:54 [INFO] src.modules.google_dorks: Falling back to Google web scraping
23:49:54 [INFO] src.modules.google_dorks: Falling back to Google web scraping
23:49:54 [WARNING] src.modules.google_dorks: Google rate limited (429) for query: site:twitter.com "playlists" OR site:linkedin.com "playlists" OR site:github.com "playlists" OR site:instagram.com "playlists"
23:49:54 [WARNING] src.modules.google_dorks: Pattern 'social_platforms' failed: Rate limited by Google (429)
23:49:54 [WARNING] src.modules.google_dorks: Limiting Google Dorks results from 19 to 10 to prevent exponential growth
23:49:54 [INFO] src.modules.google_dorks: Google Dorks search discovered 38 artifacts
23:49:54 [INFO] src.orchestrator: Google Dorks found 38 artifacts for username playlists
23:49:54 [INFO] src.modules.google_dorks: Limiting patterns from 8 to 3 to avoid rate limiting
23:49:54 [INFO] src.modules.google_dorks: Searching for username 'playlists' with 3 dork patterns
23:49:54 [INFO] src.modules.username_search: Found playlists on Instagram
23:49:54 [INFO] src.modules.username_search: Found playlists on GitHub
23:49:54 [INFO] src.modules.username_search: Found playlists on Steam
23:49:54 [INFO] src.modules.username_search: Found playlists on Medium
23:49:54 [INFO] src.modules.username_search: Found playlists on Pinterest
23:49:54 [INFO] src.modules.username_search: Found playlists on HackerNews
23:49:54 [WARNING] src.modules.google_dorks: Google rate limited (429) for query: site:twitter.com "dayanidhi_9" OR site:linkedin.com "dayanidhi_9" OR site:github.com "dayanidhi_9" OR site:instagram.com "dayanidhi_9"
23:49:54 [WARNING] src.modules.google_dorks: Pattern 'social_platforms' failed: Rate limited by Google (429)
23:49:54 [ERROR] src.modules.username_search: Exception checking Reddit: 'expected_status'
23:49:54 [ERROR] src.modules.username_search: Exception checking GitLab: 'expected_status'
23:49:54 [INFO] src.modules.username_search: Username search complete: playlists → found on 6/12 platforms
23:49:54 [WARNING] src.modules.google_dorks: Google rate limited (429) for query: playlists
23:49:54 [WARNING] src.modules.google_dorks: Pattern 'simple_search' failed: Rate limited by Google (429)
23:49:57 [WARNING] src.modules.google_dorks: Google rate limited (429) for query: site:twitter.com "playlists" OR site:linkedin.com "playlists" OR site:github.com "playlists" OR site:instagram.com "playlists"
23:49:57 [WARNING] src.modules.google_dorks: Pattern 'social_platforms' failed: Rate limited by Google (429)
23:49:57 [WARNING] src.modules.google_dorks: Google rate limited (429) for query: intitle:"profile" "dayanidhi_9" OR intitle:"user" "dayanidhi_9"
23:49:57 [WARNING] src.modules.google_dorks: Pattern 'profile_pages' failed: Rate limited by Google (429)
23:49:57 [INFO] src.modules.google_dorks: Google Dorks search discovered 20 artifacts
23:49:57 [INFO] src.orchestrator: Google Dorks found 20 artifacts for username dayanidhi_9
23:49:57 [INFO] src.modules.google_dorks: Limiting patterns from 8 to 3 to avoid rate limiting
23:49:57 [INFO] src.modules.google_dorks: Searching for username 'dayanidhi_9' with 3 dork patterns
23:49:57 [INFO] src.modules.username_search: Found dayanidhi_9 on Instagram
23:49:57 [INFO] src.modules.username_search: Found dayanidhi_9 on Medium
23:49:57 [INFO] src.modules.username_search: Found dayanidhi_9 on HackerNews
23:49:57 [INFO] src.modules.username_search: Found dayanidhi_9 on Pinterest
23:49:57 [INFO] src.modules.username_search: Found dayanidhi_9 on Steam
23:49:57 [ERROR] src.modules.username_search: Exception checking Reddit: 'expected_status'
23:49:57 [ERROR] src.modules.username_search: Exception checking GitLab: 'expected_status'
23:49:57 [INFO] src.modules.username_search: Username search complete: dayanidhi_9 → found on 5/12 platforms
23:49:58 [WARNING] src.modules.google_dorks: Google rate limited (429) for query: site:twitter.com "dayanidhi_9" OR site:linkedin.com "dayanidhi_9" OR site:github.com "dayanidhi_9" OR site:instagram.com "dayanidhi_9"
23:49:58 [WARNING] src.modules.google_dorks: Pattern 'social_platforms' failed: Rate limited by Google (429)
23:49:59 [WARNING] src.modules.google_dorks: Google rate limited (429) for query: intitle:"profile" "playlists" OR intitle:"user" "playlists"
23:49:59 [WARNING] src.modules.google_dorks: Pattern 'profile_pages' failed: Rate limited by Google (429)
23:49:59 [INFO] src.modules.google_dorks: Google Dorks search discovered 0 artifacts
23:49:59 [INFO] src.orchestrator: Plugin system processed 2 plugins, discovered 0 artifacts
23:50:00 [WARNING] src.modules.google_dorks: Google rate limited (429) for query: intitle:"profile" "dayanidhi_9" OR intitle:"user" "dayanidhi_9"
23:50:00 [WARNING] src.modules.google_dorks: Pattern 'profile_pages' failed: Rate limited by Google (429)
23:50:02 [WARNING] src.modules.google_dorks: Google rate limited (429) for query: dayanidhi_9
23:50:02 [WARNING] src.modules.google_dorks: Pattern 'simple_search' failed: Rate limited by Google (429)
23:50:02 [INFO] src.modules.google_dorks: Google Dorks search discovered 0 artifacts
23:50:02 [INFO] src.orchestrator: Plugin system processed 2 plugins, discovered 0 artifacts
23:50:02 [INFO] src.orchestrator: BFS processing complete. Processed 137 artifacts
23:50:02 [INFO] src.orchestrator: Processing batch of 5 artifacts concurrently
23:50:02 [INFO] src.orchestrator: Processing: username=dhayanidhir (depth=2, queue_size=73)
23:50:02 [INFO] src.orchestrator: Processing: username=dhaya.dhayanidhir (depth=2, queue_size=73)
23:50:02 [INFO] src.orchestrator: Processing: username=dayanidhi_os (depth=2, queue_size=73)
23:50:02 [INFO] src.orchestrator: Processing: domain=leetcode.com (depth=2, queue_size=73)
23:50:02 [WARNING] src.orchestrator: Unknown artifact type: domain
23:50:02 [INFO] src.orchestrator: Processing: platform_presence=https://news.ycombinator.com/user?id=dhayanidhi-r-2a7b473b4 (depth=2, queue_size=73)
23:50:02 [ERROR] src.orchestrator: External tools processing failed for leetcode.com: 'WhoisIntegration' object has no attribute 'search_username'
23:50:02 [INFO] src.plugins.builtins.profile_image_plugin: Extracting profile image from: https://news.ycombinator.com/user?id=dhayanidhi-r-2a7b473b4
23:50:02 [WARNING] urllib3.connectionpool: Retrying (Retry(total=0, connect=None, read=None, redirect=None, status=None)) after connection broken by 'RemoteDisconnected('Remote end closed connection without response')': /dhayanidhir/
23:50:02 [WARNING] urllib3.connectionpool: Retrying (Retry(total=0, connect=None, read=None, redirect=None, status=None)) after connection broken by 'RemoteDisconnected('Remote end closed connection without response')': /@dhayanidhir
23:50:02 [WARNING] urllib3.connectionpool: Retrying (Retry(total=0, connect=None, read=None, redirect=None, status=None)) after connection broken by 'RemoteDisconnected('Remote end closed connection without response')': /dhayanidhir/
23:50:02 [WARNING] urllib3.connectionpool: Retrying (Retry(total=0, connect=None, read=None, redirect=None, status=None)) after connection broken by 'RemoteDisconnected('Remote end closed connection without response')': /user?id=dhayanidhir
23:50:02 [ERROR] src.modules.username_search: Exception checking GitLab: 'expected_status'
23:50:02 [WARNING] urllib3.connectionpool: Retrying (Retry(total=0, connect=None, read=None, redirect=None, status=None)) after connection broken by 'RemoteDisconnected('Remote end closed connection without response')': /id/dhayanidhir
23:50:02 [ERROR] src.modules.username_search: Exception checking GitLab: 'expected_status'
23:50:03 [INFO] src.orchestrator: Plugin system processed 2 plugins, discovered 9 artifacts
23:50:03 [ERROR] src.modules.username_search: Exception checking GitLab: 'expected_status'
23:50:03 [ERROR] src.modules.username_search: Exception checking Reddit: 'expected_status'
23:50:03 [ERROR] src.modules.username_search: Exception checking Reddit: 'expected_status'
23:50:03 [ERROR] src.modules.username_search: Exception checking Reddit: 'expected_status'
23:50:03 [INFO] src.modules.username_search: Found dhayanidhir on GitHub
23:50:03 [INFO] src.modules.username_search: Found dhaya.dhayanidhir on Medium
23:50:03 [INFO] src.modules.username_search: Found dhayanidhir on Steam
23:50:03 [INFO] src.modules.username_search: Found dhayanidhir on Medium
23:50:03 [INFO] src.modules.username_search: Found dayanidhi_os on Medium
23:50:03 [INFO] src.modules.username_search: Found dayanidhi_os on Steam
23:50:03 [INFO] src.modules.username_search: Found dhaya.dhayanidhir on Steam
23:50:03 [INFO] src.modules.username_search: Found dayanidhi_os on Instagram
23:50:03 [INFO] src.modules.username_search: Found dhayanidhir on Instagram
23:50:03 [INFO] src.modules.username_search: Found dhaya.dhayanidhir on HackerNews
23:50:04 [INFO] src.orchestrator: Plugin system processed 1 plugins, discovered 0 artifacts
23:50:04 [INFO] src.modules.username_search: Found dhayanidhir on HackerNews
23:50:04 [INFO] src.modules.username_search: Found dayanidhi_os on HackerNews
23:50:04 [INFO] src.modules.username_search: Found dhaya.dhayanidhir on Instagram
23:50:04 [INFO] src.modules.username_search: Found dayanidhi_os on Pinterest
23:50:04 [INFO] src.modules.username_search: Username search complete: dayanidhi_os → found on 5/12 platforms
23:50:04 [INFO] src.modules.username_search: Found dhayanidhir on Pinterest
23:50:04 [INFO] src.modules.username_search: Username search complete: dhayanidhir → found on 6/12 platforms
23:50:04 [INFO] src.modules.username_search: Found dhaya.dhayanidhir on Pinterest
23:50:07 [INFO] src.modules.google_dorks: Limiting patterns from 8 to 3 to avoid rate limiting
23:50:07 [INFO] src.modules.google_dorks: Searching for username 'dayanidhi_os' with 3 dork patterns
23:50:07 [INFO] src.modules.google_dorks: Pattern 'simple_search' found 10 results
23:50:08 [INFO] src.modules.google_dorks: Limiting patterns from 8 to 3 to avoid rate limiting
23:50:08 [INFO] src.modules.google_dorks: Searching for username 'dhayanidhir' with 3 dork patterns
23:50:08 [INFO] src.modules.google_dorks: Pattern 'simple_search' found 10 results
23:50:13 [WARNING] urllib3.connectionpool: Retrying (Retry(total=0, connect=None, read=None, redirect=None, status=None)) after connection broken by 'ReadTimeoutError("HTTPSConnectionPool(host='mastodon.social', port=443): Read timed out. (read timeout=10)")': /@dhaya.dhayanidhir
23:50:23 [INFO] src.modules.username_search: Username search complete: dhaya.dhayanidhir → found on 5/12 platforms
00:05:26 [ERROR] src.modules.google_dorks: DuckDuckGo search failed: HTTPSConnectionPool(host='html.duckduckgo.com', port=443): Max retries exceeded with url: /html/ (Caused by ConnectTimeoutError(<HTTPSConnection(host='html.duckduckgo.com', port=443) at 0x1136d8370>, 'Connection to html.duckduckgo.com timed out. (connect timeout=None)'))
00:05:26 [ERROR] src.modules.google_dorks: DuckDuckGo search failed: HTTPSConnectionPool(host='html.duckduckgo.com', port=443): Max retries exceeded with url: /html/ (Caused by ConnectTimeoutError(<HTTPSConnection(host='html.duckduckgo.com', port=443) at 0x1136d9f60>, 'Connection to html.duckduckgo.com timed out. (connect timeout=None)'))
00:05:26 [INFO] src.modules.google_dorks: Falling back to Google web scraping
00:05:26 [INFO] src.modules.google_dorks: Falling back to Google web scraping
00:05:27 [ERROR] src.modules.google_dorks: DuckDuckGo search failed: HTTPSConnectionPool(host='html.duckduckgo.com', port=443): Max retries exceeded with url: /html/ (Caused by ConnectTimeoutError(<HTTPSConnection(host='html.duckduckgo.com', port=443) at 0x1136d8f10>, 'Connection to html.duckduckgo.com timed out. (connect timeout=None)'))
00:05:27 [ERROR] src.modules.google_dorks: DuckDuckGo search failed: HTTPSConnectionPool(host='html.duckduckgo.com', port=443): Max retries exceeded with url: /html/ (Caused by ConnectTimeoutError(<HTTPSConnection(host='html.duckduckgo.com', port=443) at 0x113ad9720>, 'Connection to html.duckduckgo.com timed out. (connect timeout=None)'))
00:05:27 [INFO] src.modules.google_dorks: Falling back to Google web scraping
00:05:27 [INFO] src.modules.google_dorks: Falling back to Google web scraping
00:05:27 [WARNING] src.modules.google_dorks: Google rate limited (429) for query: intitle:"profile" "dayanidhi_os" OR intitle:"user" "dayanidhi_os"
00:05:27 [WARNING] src.modules.google_dorks: Pattern 'profile_pages' failed: Rate limited by Google (429)
00:05:27 [WARNING] src.modules.google_dorks: Google rate limited (429) for query: site:twitter.com "dhayanidhir" OR site:linkedin.com "dhayanidhir" OR site:github.com "dhayanidhir" OR site:instagram.com "dhayanidhir"
00:05:27 [WARNING] src.modules.google_dorks: Pattern 'social_platforms' failed: Rate limited by Google (429)
00:05:29 [WARNING] src.modules.google_dorks: Google rate limited (429) for query: site:twitter.com "dayanidhi_os" OR site:linkedin.com "dayanidhi_os" OR site:github.com "dayanidhi_os" OR site:instagram.com "dayanidhi_os"
00:05:29 [WARNING] src.modules.google_dorks: Pattern 'social_platforms' failed: Rate limited by Google (429)
00:05:29 [INFO] src.modules.google_dorks: Google Dorks search discovered 20 artifacts
00:05:29 [INFO] src.orchestrator: Google Dorks found 20 artifacts for username dayanidhi_os
00:05:29 [INFO] src.modules.google_dorks: Limiting patterns from 8 to 3 to avoid rate limiting
00:05:29 [INFO] src.modules.google_dorks: Searching for username 'dayanidhi_os' with 3 dork patterns
00:05:29 [INFO] src.modules.username_search: Found dayanidhi_os on Instagram
00:05:29 [INFO] src.modules.username_search: Found dayanidhi_os on HackerNews
00:05:29 [INFO] src.modules.username_search: Found dayanidhi_os on Medium
00:05:29 [INFO] src.modules.username_search: Found dayanidhi_os on Pinterest
00:05:29 [INFO] src.modules.username_search: Found dayanidhi_os on Steam
00:05:29 [WARNING] urllib3.connectionpool: Retrying (Retry(total=0, connect=None, read=None, redirect=None, status=None)) after connection broken by 'RemoteDisconnected('Remote end closed connection without response')': /api/v4/users?username=dayanidhi_os
00:05:29 [WARNING] src.modules.google_dorks: Google rate limited (429) for query: intitle:"profile" "dhayanidhir" OR intitle:"user" "dhayanidhir"
00:05:29 [WARNING] src.modules.google_dorks: Pattern 'profile_pages' failed: Rate limited by Google (429)
00:05:29 [INFO] src.modules.google_dorks: Google Dorks search discovered 20 artifacts
00:05:29 [INFO] src.orchestrator: Google Dorks found 20 artifacts for username dhayanidhir
00:05:29 [INFO] src.modules.google_dorks: Limiting patterns from 8 to 3 to avoid rate limiting
00:05:29 [INFO] src.modules.google_dorks: Searching for username 'dhayanidhir' with 3 dork patterns
00:05:29 [INFO] src.modules.username_search: Found dhayanidhir on GitHub
00:05:29 [INFO] src.modules.username_search: Found dhayanidhir on HackerNews
00:05:29 [INFO] src.modules.username_search: Found dhayanidhir on Instagram
00:05:29 [INFO] src.modules.username_search: Found dhayanidhir on Medium
00:05:29 [INFO] src.modules.username_search: Found dhayanidhir on Pinterest
00:05:29 [INFO] src.modules.username_search: Found dhayanidhir on Steam
00:05:29 [WARNING] urllib3.connectionpool: Retrying (Retry(total=0, connect=None, read=None, redirect=None, status=None)) after connection broken by 'RemoteDisconnected('Remote end closed connection without response')': /api/v4/users?username=dhayanidhir
00:05:30 [ERROR] src.modules.username_search: Exception checking Reddit: 'expected_status'
00:05:30 [ERROR] src.modules.username_search: Exception checking Reddit: 'expected_status'
00:05:30 [ERROR] src.modules.username_search: Exception checking GitLab: 'expected_status'
00:05:30 [INFO] src.modules.username_search: Username search complete: dayanidhi_os → found on 5/12 platforms
00:05:30 [ERROR] src.modules.username_search: Exception checking GitLab: 'expected_status'
00:05:30 [INFO] src.modules.username_search: Username search complete: dhayanidhir → found on 6/12 platforms
00:05:30 [WARNING] src.modules.google_dorks: Google rate limited (429) for query: dayanidhi_os
00:05:30 [WARNING] src.modules.google_dorks: Pattern 'simple_search' failed: Rate limited by Google (429)
00:05:30 [WARNING] src.modules.google_dorks: Google rate limited (429) for query: dhayanidhir
00:05:30 [WARNING] src.modules.google_dorks: Pattern 'simple_search' failed: Rate limited by Google (429)
00:05:32 [WARNING] src.modules.google_dorks: Google rate limited (429) for query: site:twitter.com "dhayanidhir" OR site:linkedin.com "dhayanidhir" OR site:github.com "dhayanidhir" OR site:instagram.com "dhayanidhir"
00:05:32 [WARNING] src.modules.google_dorks: Pattern 'social_platforms' failed: Rate limited by Google (429)
00:05:32 [WARNING] src.modules.google_dorks: Google rate limited (429) for query: site:twitter.com "dayanidhi_os" OR site:linkedin.com "dayanidhi_os" OR site:github.com "dayanidhi_os" OR site:instagram.com "dayanidhi_os"
00:05:32 [WARNING] src.modules.google_dorks: Pattern 'social_platforms' failed: Rate limited by Google (429)
00:05:34 [WARNING] src.modules.google_dorks: Google rate limited (429) for query: intitle:"profile" "dayanidhi_os" OR intitle:"user" "dayanidhi_os"
00:05:34 [WARNING] src.modules.google_dorks: Pattern 'profile_pages' failed: Rate limited by Google (429)
00:05:34 [INFO] src.modules.google_dorks: Google Dorks search discovered 0 artifacts
00:05:34 [INFO] src.orchestrator: Plugin system processed 2 plugins, discovered 0 artifacts
00:05:34 [WARNING] src.modules.google_dorks: Google rate limited (429) for query: intitle:"profile" "dhayanidhir" OR intitle:"user" "dhayanidhir"
00:05:34 [WARNING] src.modules.google_dorks: Pattern 'profile_pages' failed: Rate limited by Google (429)
00:05:34 [INFO] src.modules.google_dorks: Google Dorks search discovered 0 artifacts
00:05:34 [INFO] src.orchestrator: Plugin system processed 2 plugins, discovered 0 artifacts
00:05:35 [WARNING] urllib3.connectionpool: Retrying (Retry(total=0, connect=None, read=None, redirect=None, status=None)) after connection broken by 'ReadTimeoutError("HTTPSConnectionPool(host='www.pinterest.com', port=443): Read timed out. (read timeout=10)")': /dhaya.dhayanidhir/
00:05:36 [INFO] src.modules.google_dorks: Limiting patterns from 8 to 3 to avoid rate limiting
00:05:36 [INFO] src.modules.google_dorks: Searching for username 'dhaya.dhayanidhir' with 3 dork patterns
00:05:36 [INFO] src.modules.google_dorks: Pattern 'simple_search' found 10 results
00:21:43 [ERROR] src.modules.google_dorks: DuckDuckGo search failed: HTTPSConnectionPool(host='html.duckduckgo.com', port=443): Max retries exceeded with url: /html/ (Caused by ConnectTimeoutError(<HTTPSConnection(host='html.duckduckgo.com', port=443) at 0x112a21840>, 'Connection to html.duckduckgo.com timed out. (connect timeout=None)'))
00:21:43 [ERROR] src.modules.google_dorks: DuckDuckGo search failed: HTTPSConnectionPool(host='html.duckduckgo.com', port=443): Max retries exceeded with url: /html/ (Caused by ConnectTimeoutError(<HTTPSConnection(host='html.duckduckgo.com', port=443) at 0x112a216f0>, 'Connection to html.duckduckgo.com timed out. (connect timeout=None)'))
00:21:43 [INFO] src.modules.google_dorks: Falling back to Google web scraping
00:21:43 [INFO] src.modules.google_dorks: Falling back to Google web scraping
00:21:44 [WARNING] src.modules.google_dorks: Google rate limited (429) for query: intitle:"profile" "dhaya.dhayanidhir" OR intitle:"user" "dhaya.dhayanidhir"
00:21:44 [WARNING] src.modules.google_dorks: Pattern 'profile_pages' failed: Rate limited by Google (429)
00:21:46 [WARNING] src.modules.google_dorks: Google rate limited (429) for query: site:twitter.com "dhaya.dhayanidhir" OR site:linkedin.com "dhaya.dhayanidhir" OR site:github.com "dhaya.dhayanidhir" OR site:instagram.com "dhaya.dhayanidhir"
00:21:46 [WARNING] src.modules.google_dorks: Pattern 'social_platforms' failed: Rate limited by Google (429)
00:21:46 [INFO] src.modules.google_dorks: Google Dorks search discovered 20 artifacts
00:21:46 [INFO] src.orchestrator: Google Dorks found 20 artifacts for username dhaya.dhayanidhir
00:21:46 [INFO] src.modules.google_dorks: Limiting patterns from 8 to 3 to avoid rate limiting
00:21:46 [INFO] src.modules.google_dorks: Searching for username 'dhaya.dhayanidhir' with 3 dork patterns
00:21:46 [INFO] src.modules.username_search: Found dhaya.dhayanidhir on Instagram
00:21:46 [INFO] src.modules.username_search: Found dhaya.dhayanidhir on Pinterest
00:21:46 [INFO] src.modules.username_search: Found dhaya.dhayanidhir on HackerNews
00:21:46 [INFO] src.modules.username_search: Found dhaya.dhayanidhir on Medium
00:21:46 [INFO] src.modules.username_search: Found dhaya.dhayanidhir on Steam
00:21:46 [WARNING] urllib3.connectionpool: Retrying (Retry(total=0, connect=None, read=None, redirect=None, status=None)) after connection broken by 'RemoteDisconnected('Remote end closed connection without response')': /api/v4/users?username=dhaya.dhayanidhir
00:21:46 [ERROR] src.modules.username_search: Exception checking Reddit: 'expected_status'
00:21:47 [ERROR] src.modules.username_search: Exception checking GitLab: 'expected_status'
00:21:47 [INFO] src.modules.username_search: Username search complete: dhaya.dhayanidhir → found on 5/12 platforms
00:21:47 [WARNING] src.modules.google_dorks: Google rate limited (429) for query: dhaya.dhayanidhir
00:21:47 [WARNING] src.modules.google_dorks: Pattern 'simple_search' failed: Rate limited by Google (429)
00:21:49 [WARNING] src.modules.google_dorks: Google rate limited (429) for query: site:twitter.com "dhaya.dhayanidhir" OR site:linkedin.com "dhaya.dhayanidhir" OR site:github.com "dhaya.dhayanidhir" OR site:instagram.com "dhaya.dhayanidhir"
00:21:49 [WARNING] src.modules.google_dorks: Pattern 'social_platforms' failed: Rate limited by Google (429)
00:21:51 [WARNING] src.modules.google_dorks: Google rate limited (429) for query: intitle:"profile" "dhaya.dhayanidhir" OR intitle:"user" "dhaya.dhayanidhir"
00:21:51 [WARNING] src.modules.google_dorks: Pattern 'profile_pages' failed: Rate limited by Google (429)
00:21:51 [INFO] src.modules.google_dorks: Google Dorks search discovered 0 artifacts
00:21:51 [INFO] src.orchestrator: Plugin system processed 2 plugins, discovered 0 artifacts
00:21:51 [INFO] src.orchestrator: BFS processing complete. Processed 142 artifacts
00:21:51 [INFO] src.orchestrator: Processing batch of 5 artifacts concurrently
00:21:51 [INFO] src.orchestrator: Processing: username=dhaya_1237 (depth=2, queue_size=68)
00:21:51 [INFO] src.orchestrator: Processing: platform_presence=https://www.pinterest.com/dhayanidhi-r-2a7b473b4/ (depth=2, queue_size=68)
00:21:51 [INFO] src.orchestrator: Processing: platform_presence=https://steamcommunity.com/id/dhayanidhi-r-2a7b473b4 (depth=2, queue_size=68)
00:21:51 [INFO] src.orchestrator: Processing: username=dhayanidhi.r.2025 (depth=2, queue_size=68)
00:21:51 [INFO] src.orchestrator: Processing: platform_presence=https://www.instagram.com/dhayanidhi-r-2a7b473b4/ (depth=2, queue_size=68)
00:21:51 [WARNING] urllib3.connectionpool: Retrying (Retry(total=0, connect=None, read=None, redirect=None, status=None)) after connection broken by 'RemoteDisconnected('Remote end closed connection without response')': /dhaya_1237/
00:21:51 [INFO] src.plugins.builtins.profile_image_plugin: Extracting profile image from: https://steamcommunity.com/id/dhayanidhi-r-2a7b473b4
00:21:51 [INFO] src.plugins.builtins.profile_image_plugin: Extracting profile image from: https://www.instagram.com/dhayanidhi-r-2a7b473b4/
00:21:51 [WARNING] urllib3.connectionpool: Retrying (Retry(total=0, connect=None, read=None, redirect=None, status=None)) after connection broken by 'RemoteDisconnected('Remote end closed connection without response')': /api/v4/users?username=dhayanidhi.r.2025
00:21:51 [INFO] src.plugins.builtins.profile_image_plugin: Extracting profile image from: https://www.pinterest.com/dhayanidhi-r-2a7b473b4/
00:21:51 [ERROR] src.modules.username_search: Exception checking GitLab: 'expected_status'
00:21:51 [ERROR] src.modules.username_search: Exception checking Reddit: 'expected_status'
00:21:51 [ERROR] src.modules.username_search: Exception checking Reddit: 'expected_status'
00:21:51 [INFO] src.orchestrator: Plugin system processed 1 plugins, discovered 0 artifacts
00:21:51 [ERROR] src.modules.username_search: Exception checking GitLab: 'expected_status'
00:21:51 [INFO] src.modules.username_search: Found dhaya_1237 on Steam
00:21:51 [INFO] src.modules.username_search: Found dhaya_1237 on Medium
00:21:52 [INFO] src.modules.username_search: Found dhayanidhi.r.2025 on Steam
00:21:52 [INFO] src.modules.username_search: Found dhayanidhi.r.2025 on Medium
00:21:52 [INFO] src.modules.username_search: Found dhaya_1237 on Instagram
00:21:52 [INFO] src.orchestrator: Plugin system processed 1 plugins, discovered 0 artifacts
00:21:52 [INFO] src.modules.username_search: Found dhayanidhi.r.2025 on Pinterest
00:21:52 [INFO] src.orchestrator: Plugin system processed 1 plugins, discovered 0 artifacts
00:21:52 [INFO] src.modules.username_search: Found dhayanidhi.r.2025 on Instagram
00:21:52 [INFO] src.modules.username_search: Found dhayanidhi.r.2025 on HackerNews
00:21:52 [INFO] src.modules.username_search: Found dhayanidhi.r.2025 on Mastodon
00:21:52 [INFO] src.modules.username_search: Username search complete: dhayanidhi.r.2025 → found on 6/12 platforms
00:21:52 [INFO] src.modules.username_search: Found dhaya_1237 on HackerNews
00:21:52 [INFO] src.modules.username_search: Found dhaya_1237 on Pinterest
00:21:52 [INFO] src.modules.username_search: Username search complete: dhaya_1237 → found on 5/12 platforms
00:21:54 [INFO] src.modules.google_dorks: Limiting patterns from 8 to 3 to avoid rate limiting
00:21:54 [INFO] src.modules.google_dorks: Searching for username 'dhayanidhi.r.2025' with 3 dork patterns
00:21:54 [INFO] src.modules.google_dorks: Pattern 'simple_search' found 10 results
00:21:55 [INFO] src.modules.google_dorks: Limiting patterns from 8 to 3 to avoid rate limiting
00:21:55 [INFO] src.modules.google_dorks: Searching for username 'dhaya_1237' with 3 dork patterns
00:23:09 [ERROR] src.modules.google_dorks: DuckDuckGo search failed: HTTPSConnectionPool(host='html.duckduckgo.com', port=443): Max retries exceeded with url: /html/ (Caused by ConnectTimeoutError(<HTTPSConnection(host='html.duckduckgo.com', port=443) at 0x11379bf70>, 'Connection to html.duckduckgo.com timed out. (connect timeout=None)'))
00:23:09 [ERROR] src.modules.google_dorks: DuckDuckGo search failed: HTTPSConnectionPool(host='html.duckduckgo.com', port=443): Max retries exceeded with url: /html/ (Caused by ConnectTimeoutError(<HTTPSConnection(host='html.duckduckgo.com', port=443) at 0x11379b4c0>, 'Connection to html.duckduckgo.com timed out. (connect timeout=None)'))
00:23:09 [INFO] src.modules.google_dorks: Falling back to Google web scraping
00:23:09 [INFO] src.modules.google_dorks: Falling back to Google web scraping
00:23:10 [WARNING] src.modules.google_dorks: Google rate limited (429) for query: site:twitter.com "dhayanidhi.r.2025" OR site:linkedin.com "dhayanidhi.r.2025" OR site:github.com "dhayanidhi.r.2025" OR site:instagram.com "dhayanidhi.r.2025"
00:23:10 [WARNING] src.modules.google_dorks: Pattern 'social_platforms' failed: Rate limited by Google (429)
00:23:10 [ERROR] src.modules.google_dorks: DuckDuckGo search failed: HTTPSConnectionPool(host='html.duckduckgo.com', port=443): Max retries exceeded with url: /html/ (Caused by ConnectTimeoutError(<HTTPSConnection(host='html.duckduckgo.com', port=443) at 0x112d37190>, 'Connection to html.duckduckgo.com timed out. (connect timeout=None)'))
00:23:10 [ERROR] src.modules.google_dorks: DuckDuckGo search failed: HTTPSConnectionPool(host='html.duckduckgo.com', port=443): Max retries exceeded with url: /html/ (Caused by ConnectTimeoutError(<HTTPSConnection(host='html.duckduckgo.com', port=443) at 0x112d35b10>, 'Connection to html.duckduckgo.com timed out. (connect timeout=None)'))
00:23:10 [ERROR] src.modules.google_dorks: DuckDuckGo search failed: HTTPSConnectionPool(host='html.duckduckgo.com', port=443): Max retries exceeded with url: /html/ (Caused by ConnectTimeoutError(<HTTPSConnection(host='html.duckduckgo.com', port=443) at 0x112d359c0>, 'Connection to html.duckduckgo.com timed out. (connect timeout=None)'))
00:23:10 [INFO] src.modules.google_dorks: Falling back to Google web scraping
00:23:10 [INFO] src.modules.google_dorks: Falling back to Google web scraping
00:23:10 [INFO] src.modules.google_dorks: Falling back to Google web scraping
00:23:11 [WARNING] src.modules.google_dorks: Google rate limited (429) for query: intitle:"profile" "dhaya_1237" OR intitle:"user" "dhaya_1237"
00:23:11 [WARNING] src.modules.google_dorks: Pattern 'profile_pages' failed: Rate limited by Google (429)
00:23:12 [WARNING] src.modules.google_dorks: Google rate limited (429) for query: intitle:"profile" "dhayanidhi.r.2025" OR intitle:"user" "dhayanidhi.r.2025"
00:23:12 [WARNING] src.modules.google_dorks: Pattern 'profile_pages' failed: Rate limited by Google (429)
00:23:12 [INFO] src.modules.google_dorks: Google Dorks search discovered 20 artifacts
00:23:12 [INFO] src.orchestrator: Google Dorks found 20 artifacts for username dhayanidhi.r.2025
00:23:12 [INFO] src.modules.google_dorks: Limiting patterns from 8 to 3 to avoid rate limiting
00:23:12 [INFO] src.modules.google_dorks: Searching for username 'dhayanidhi.r.2025' with 3 dork patterns
00:23:12 [INFO] src.modules.username_search: Found dhayanidhi.r.2025 on HackerNews
00:23:12 [INFO] src.modules.username_search: Found dhayanidhi.r.2025 on Instagram
00:23:12 [INFO] src.modules.username_search: Found dhayanidhi.r.2025 on Medium
00:23:12 [INFO] src.modules.username_search: Found dhayanidhi.r.2025 on Pinterest
00:23:12 [INFO] src.modules.username_search: Found dhayanidhi.r.2025 on Steam
00:23:12 [INFO] src.modules.username_search: Found dhayanidhi.r.2025 on Mastodon
00:23:12 [ERROR] src.modules.username_search: Exception checking Reddit: 'expected_status'
00:23:12 [ERROR] src.modules.username_search: Exception checking GitLab: 'expected_status'
00:23:12 [INFO] src.modules.username_search: Username search complete: dhayanidhi.r.2025 → found on 6/12 platforms
00:23:13 [WARNING] src.modules.google_dorks: Google rate limited (429) for query: dhayanidhi.r.2025
00:23:13 [WARNING] src.modules.google_dorks: Google rate limited (429) for query: site:twitter.com "dhaya_1237" OR site:linkedin.com "dhaya_1237" OR site:github.com "dhaya_1237" OR site:instagram.com "dhaya_1237"
00:23:13 [WARNING] src.modules.google_dorks: Pattern 'simple_search' failed: Rate limited by Google (429)
00:23:13 [WARNING] src.modules.google_dorks: Pattern 'social_platforms' failed: Rate limited by Google (429)
00:23:15 [WARNING] src.modules.google_dorks: Google rate limited (429) for query: dhaya_1237
00:23:15 [WARNING] src.modules.google_dorks: Pattern 'simple_search' failed: Rate limited by Google (429)
00:23:15 [INFO] src.modules.google_dorks: Google Dorks search discovered 0 artifacts
00:23:15 [WARNING] src.modules.google_dorks: Google rate limited (429) for query: site:twitter.com "dhayanidhi.r.2025" OR site:linkedin.com "dhayanidhi.r.2025" OR site:github.com "dhayanidhi.r.2025" OR site:instagram.com "dhayanidhi.r.2025"
00:23:15 [WARNING] src.modules.google_dorks: Pattern 'social_platforms' failed: Rate limited by Google (429)
00:23:15 [INFO] src.modules.google_dorks: Limiting patterns from 8 to 3 to avoid rate limiting
00:23:15 [INFO] src.modules.google_dorks: Searching for username 'dhaya_1237' with 3 dork patterns
00:23:15 [INFO] src.modules.username_search: Found dhaya_1237 on Instagram
00:23:15 [INFO] src.modules.username_search: Found dhaya_1237 on Medium
00:23:15 [INFO] src.modules.username_search: Found dhaya_1237 on HackerNews
00:23:15 [INFO] src.modules.username_search: Found dhaya_1237 on Pinterest
00:23:15 [INFO] src.modules.username_search: Found dhaya_1237 on Steam
00:23:15 [ERROR] src.modules.username_search: Exception checking Reddit: 'expected_status'
00:23:15 [ERROR] src.modules.username_search: Exception checking GitLab: 'expected_status'
00:23:15 [INFO] src.modules.username_search: Username search complete: dhaya_1237 → found on 5/12 platforms
00:23:16 [WARNING] src.modules.google_dorks: Google rate limited (429) for query: dhaya_1237
00:23:16 [WARNING] src.modules.google_dorks: Pattern 'simple_search' failed: Rate limited by Google (429)
00:23:17 [WARNING] src.modules.google_dorks: Google rate limited (429) for query: intitle:"profile" "dhayanidhi.r.2025" OR intitle:"user" "dhayanidhi.r.2025"
00:23:17 [WARNING] src.modules.google_dorks: Pattern 'profile_pages' failed: Rate limited by Google (429)
00:23:17 [INFO] src.modules.google_dorks: Google Dorks search discovered 0 artifacts
00:23:17 [INFO] src.orchestrator: Plugin system processed 2 plugins, discovered 0 artifacts
00:23:18 [WARNING] src.modules.google_dorks: Google rate limited (429) for query: site:twitter.com "dhaya_1237" OR site:linkedin.com "dhaya_1237" OR site:github.com "dhaya_1237" OR site:instagram.com "dhaya_1237"
00:23:18 [WARNING] src.modules.google_dorks: Pattern 'social_platforms' failed: Rate limited by Google (429)
00:23:20 [WARNING] src.modules.google_dorks: Google rate limited (429) for query: intitle:"profile" "dhaya_1237" OR intitle:"user" "dhaya_1237"
00:23:20 [WARNING] src.modules.google_dorks: Pattern 'profile_pages' failed: Rate limited by Google (429)
00:23:20 [INFO] src.modules.google_dorks: Google Dorks search discovered 0 artifacts
00:23:20 [INFO] src.orchestrator: Plugin system processed 2 plugins, discovered 0 artifacts
00:23:20 [INFO] src.orchestrator: BFS processing complete. Processed 147 artifacts
00:23:20 [INFO] src.orchestrator: Processing batch of 5 artifacts concurrently
00:23:20 [INFO] src.orchestrator: Processing: username=candidateswise-S2214.htm (depth=2, queue_size=63)
00:23:20 [INFO] src.orchestrator: Processing: domain=results.eci.gov.in (depth=2, queue_size=63)
00:23:20 [WARNING] src.orchestrator: Unknown artifact type: domain
00:23:20 [INFO] src.orchestrator: Processing: platform_presence=https://steamcommunity.com/id/dhayanidhi-r-766b43255 (depth=2, queue_size=63)
00:23:20 [INFO] src.orchestrator: Processing: username=watch?v=gd1PDl7H2xE (depth=2, queue_size=63)
00:23:20 [INFO] src.orchestrator: Processing: username=dhaya.dhayanidhi (depth=2, queue_size=63)
00:23:20 [ERROR] src.orchestrator: External tools processing failed for results.eci.gov.in: 'WhoisIntegration' object has no attribute 'search_username'
00:23:20 [INFO] src.plugins.builtins.profile_image_plugin: Extracting profile image from: https://steamcommunity.com/id/dhayanidhi-r-766b43255
00:23:20 [ERROR] src.modules.username_search: Exception checking Reddit: 'expected_status'
00:23:20 [ERROR] src.modules.username_search: Exception checking GitLab: 'expected_status'
00:23:20 [INFO] src.orchestrator: Plugin system processed 1 plugins, discovered 0 artifacts
00:23:20 [ERROR] src.modules.username_search: Exception checking GitLab: 'expected_status'
00:23:20 [ERROR] src.modules.username_search: Exception checking Reddit: 'expected_status'
00:23:20 [INFO] src.orchestrator: Plugin system processed 2 plugins, discovered 8 artifacts
00:23:20 [INFO] src.modules.username_search: Found watch?v=gd1PDl7H2xE on GitHub
00:23:20 [INFO] src.modules.username_search: Found candidateswise-S2214.htm on Steam
00:23:20 [ERROR] src.modules.username_search: Exception checking Reddit: 'expected_status'
00:23:20 [INFO] src.modules.username_search: Found watch?v=gd1PDl7H2xE on Instagram
00:23:20 [ERROR] src.modules.username_search: Exception checking GitLab: 'expected_status'
00:23:20 [INFO] src.modules.username_search: Found dhaya.dhayanidhi on Instagram
00:23:20 [INFO] src.modules.username_search: Found watch?v=gd1PDl7H2xE on Mastodon
00:23:20 [INFO] src.modules.username_search: Found candidateswise-S2214.htm on Medium
00:23:20 [INFO] src.modules.username_search: Found candidateswise-S2214.htm on Instagram
00:23:20 [INFO] src.modules.username_search: Found dhaya.dhayanidhi on Steam
00:23:21 [INFO] src.modules.username_search: Found dhaya.dhayanidhi on Pinterest
00:23:21 [INFO] src.modules.username_search: Found candidateswise-S2214.htm on HackerNews
00:23:21 [INFO] src.modules.username_search: Found dhaya.dhayanidhi on HackerNews
00:23:21 [INFO] src.modules.username_search: Found watch?v=gd1PDl7H2xE on HackerNews
00:23:21 [INFO] src.modules.username_search: Found dhaya.dhayanidhi on Medium
00:23:21 [INFO] src.modules.username_search: Found candidateswise-S2214.htm on Pinterest
00:23:21 [INFO] src.modules.username_search: Username search complete: candidateswise-S2214.htm → found on 5/12 platforms
00:23:21 [INFO] src.modules.username_search: Username search complete: watch?v=gd1PDl7H2xE → found on 4/12 platforms
00:23:21 [INFO] src.modules.google_dorks: Limiting patterns from 8 to 3 to avoid rate limiting
00:23:21 [INFO] src.modules.google_dorks: Searching for username 'watch?v=gd1PDl7H2xE' with 3 dork patterns
00:23:21 [INFO] src.modules.google_dorks: Pattern 'simple_search' found 10 results
00:23:23 [INFO] src.modules.google_dorks: Limiting patterns from 8 to 3 to avoid rate limiting
00:23:23 [INFO] src.modules.google_dorks: Searching for username 'candidateswise-S2214.htm' with 3 dork patterns
00:23:23 [INFO] src.modules.google_dorks: Pattern 'simple_search' found 10 results
00:23:30 [WARNING] urllib3.connectionpool: Retrying (Retry(total=0, connect=None, read=None, redirect=None, status=None)) after connection broken by 'ReadTimeoutError("HTTPSConnectionPool(host='mastodon.social', port=443): Read timed out. (read timeout=10)")': /@dhaya.dhayanidhi
00:23:40 [INFO] src.modules.username_search: Username search complete: dhaya.dhayanidhi → found on 5/12 platforms
00:23:43 [INFO] src.modules.google_dorks: Limiting patterns from 8 to 3 to avoid rate limiting
00:23:43 [INFO] src.modules.google_dorks: Searching for username 'dhaya.dhayanidhi' with 3 dork patterns
00:23:43 [INFO] src.modules.google_dorks: Pattern 'simple_search' found 10 results
00:24:36 [ERROR] src.modules.google_dorks: DuckDuckGo search failed: HTTPSConnectionPool(host='html.duckduckgo.com', port=443): Max retries exceeded with url: /html/ (Caused by ConnectTimeoutError(<HTTPSConnection(host='html.duckduckgo.com', port=443) at 0x113798d00>, 'Connection to html.duckduckgo.com timed out. (connect timeout=None)'))
00:24:36 [ERROR] src.modules.google_dorks: DuckDuckGo search failed: HTTPSConnectionPool(host='html.duckduckgo.com', port=443): Max retries exceeded with url: /html/ (Caused by ConnectTimeoutError(<HTTPSConnection(host='html.duckduckgo.com', port=443) at 0x113798c10>, 'Connection to html.duckduckgo.com timed out. (connect timeout=None)'))
00:24:36 [INFO] src.modules.google_dorks: Falling back to Google web scraping
00:24:36 [INFO] src.modules.google_dorks: Falling back to Google web scraping
00:24:38 [WARNING] src.modules.google_dorks: Google rate limited (429) for query: intitle:"profile" "watch?v=gd1PDl7H2xE" OR intitle:"user" "watch?v=gd1PDl7H2xE"
00:24:38 [WARNING] src.modules.google_dorks: Pattern 'profile_pages' failed: Rate limited by Google (429)
00:24:38 [ERROR] src.modules.google_dorks: DuckDuckGo search failed: HTTPSConnectionPool(host='html.duckduckgo.com', port=443): Max retries exceeded with url: /html/ (Caused by ConnectTimeoutError(<HTTPSConnection(host='html.duckduckgo.com', port=443) at 0x11380d8a0>, 'Connection to html.duckduckgo.com timed out. (connect timeout=None)'))
00:24:38 [ERROR] src.modules.google_dorks: DuckDuckGo search failed: HTTPSConnectionPool(host='html.duckduckgo.com', port=443): Max retries exceeded with url: /html/ (Caused by ConnectTimeoutError(<HTTPSConnection(host='html.duckduckgo.com', port=443) at 0x11380d630>, 'Connection to html.duckduckgo.com timed out. (connect timeout=None)'))
00:24:38 [INFO] src.modules.google_dorks: Falling back to Google web scraping
00:24:38 [INFO] src.modules.google_dorks: Falling back to Google web scraping
00:24:38 [WARNING] src.modules.google_dorks: Google rate limited (429) for query: site:twitter.com "candidateswise-S2214.htm" OR site:linkedin.com "candidateswise-S2214.htm" OR site:github.com "candidateswise-S2214.htm" OR site:instagram.com "candidateswise-S2214.htm"
00:24:38 [WARNING] src.modules.google_dorks: Pattern 'social_platforms' failed: Rate limited by Google (429)
00:24:39 [WARNING] src.modules.google_dorks: Google rate limited (429) for query: site:twitter.com "watch?v=gd1PDl7H2xE" OR site:linkedin.com "watch?v=gd1PDl7H2xE" OR site:github.com "watch?v=gd1PDl7H2xE" OR site:instagram.com "watch?v=gd1PDl7H2xE"
00:24:39 [WARNING] src.modules.google_dorks: Pattern 'social_platforms' failed: Rate limited by Google (429)
00:24:39 [INFO] src.modules.google_dorks: Google Dorks search discovered 20 artifacts
00:24:39 [INFO] src.orchestrator: Google Dorks found 20 artifacts for username watch?v=gd1PDl7H2xE
00:24:39 [INFO] src.modules.google_dorks: Limiting patterns from 8 to 3 to avoid rate limiting
00:24:39 [INFO] src.modules.google_dorks: Searching for username 'watch?v=gd1PDl7H2xE' with 3 dork patterns
00:24:39 [INFO] src.modules.username_search: Found watch?v=gd1PDl7H2xE on Instagram
00:24:39 [INFO] src.modules.username_search: Found watch?v=gd1PDl7H2xE on HackerNews
00:24:39 [INFO] src.modules.username_search: Found watch?v=gd1PDl7H2xE on GitHub
00:24:39 [INFO] src.modules.username_search: Found watch?v=gd1PDl7H2xE on Mastodon
00:24:39 [ERROR] src.modules.username_search: Exception checking Reddit: 'expected_status'
00:24:39 [ERROR] src.modules.username_search: Exception checking GitLab: 'expected_status'
00:24:39 [INFO] src.modules.username_search: Username search complete: watch?v=gd1PDl7H2xE → found on 4/12 platforms
00:24:40 [WARNING] src.modules.google_dorks: Google rate limited (429) for query: watch?v=gd1PDl7H2xE
00:24:40 [WARNING] src.modules.google_dorks: Pattern 'simple_search' failed: Rate limited by Google (429)
00:24:41 [WARNING] src.modules.google_dorks: Google rate limited (429) for query: intitle:"profile" "candidateswise-S2214.htm" OR intitle:"user" "candidateswise-S2214.htm"
00:24:41 [WARNING] src.modules.google_dorks: Pattern 'profile_pages' failed: Rate limited by Google (429)
00:24:41 [INFO] src.modules.google_dorks: Google Dorks search discovered 21 artifacts
00:24:41 [INFO] src.orchestrator: Google Dorks found 21 artifacts for username candidateswise-S2214.htm
00:24:41 [INFO] src.modules.google_dorks: Limiting patterns from 8 to 3 to avoid rate limiting
00:24:41 [INFO] src.modules.google_dorks: Searching for username 'candidateswise-S2214.htm' with 3 dork patterns
00:24:41 [INFO] src.modules.username_search: Found candidateswise-S2214.htm on HackerNews
00:24:41 [INFO] src.modules.username_search: Found candidateswise-S2214.htm on Medium
00:24:41 [INFO] src.modules.username_search: Found candidateswise-S2214.htm on Instagram
00:24:41 [INFO] src.modules.username_search: Found candidateswise-S2214.htm on Pinterest
00:24:41 [INFO] src.modules.username_search: Found candidateswise-S2214.htm on Steam
00:24:41 [ERROR] src.modules.username_search: Exception checking Reddit: 'expected_status'
00:24:41 [ERROR] src.modules.username_search: Exception checking GitLab: 'expected_status'
00:24:41 [INFO] src.modules.username_search: Username search complete: candidateswise-S2214.htm → found on 5/12 platforms
00:24:41 [WARNING] src.modules.google_dorks: Google rate limited (429) for query: candidateswise-S2214.htm
00:24:41 [WARNING] src.modules.google_dorks: Pattern 'simple_search' failed: Rate limited by Google (429)
00:24:42 [WARNING] src.modules.google_dorks: Google rate limited (429) for query: site:twitter.com "watch?v=gd1PDl7H2xE" OR site:linkedin.com "watch?v=gd1PDl7H2xE" OR site:github.com "watch?v=gd1PDl7H2xE" OR site:instagram.com "watch?v=gd1PDl7H2xE"
00:24:42 [WARNING] src.modules.google_dorks: Pattern 'social_platforms' failed: Rate limited by Google (429)
00:24:43 [WARNING] src.modules.google_dorks: Google rate limited (429) for query: site:twitter.com "candidateswise-S2214.htm" OR site:linkedin.com "candidateswise-S2214.htm" OR site:github.com "candidateswise-S2214.htm" OR site:instagram.com "candidateswise-S2214.htm"
00:24:43 [WARNING] src.modules.google_dorks: Pattern 'social_platforms' failed: Rate limited by Google (429)
00:24:44 [WARNING] src.modules.google_dorks: Google rate limited (429) for query: intitle:"profile" "watch?v=gd1PDl7H2xE" OR intitle:"user" "watch?v=gd1PDl7H2xE"
00:24:44 [WARNING] src.modules.google_dorks: Pattern 'profile_pages' failed: Rate limited by Google (429)
00:24:44 [INFO] src.modules.google_dorks: Google Dorks search discovered 0 artifacts
00:24:44 [INFO] src.orchestrator: Plugin system processed 2 plugins, discovered 0 artifacts
00:24:46 [WARNING] src.modules.google_dorks: Google rate limited (429) for query: intitle:"profile" "candidateswise-S2214.htm" OR intitle:"user" "candidateswise-S2214.htm"
00:24:46 [WARNING] src.modules.google_dorks: Pattern 'profile_pages' failed: Rate limited by Google (429)
00:24:46 [INFO] src.modules.google_dorks: Google Dorks search discovered 0 artifacts
00:24:46 [INFO] src.orchestrator: Plugin system processed 2 plugins, discovered 0 artifacts
00:24:59 [ERROR] src.modules.google_dorks: DuckDuckGo search failed: HTTPSConnectionPool(host='html.duckduckgo.com', port=443): Max retries exceeded with url: /html/ (Caused by ConnectTimeoutError(<HTTPSConnection(host='html.duckduckgo.com', port=443) at 0x112d35ae0>, 'Connection to html.duckduckgo.com timed out. (connect timeout=None)'))
00:24:59 [ERROR] src.modules.google_dorks: DuckDuckGo search failed: HTTPSConnectionPool(host='html.duckduckgo.com', port=443): Max retries exceeded with url: /html/ (Caused by ConnectTimeoutError(<HTTPSConnection(host='html.duckduckgo.com', port=443) at 0x112d36740>, 'Connection to html.duckduckgo.com timed out. (connect timeout=None)'))
00:24:59 [INFO] src.modules.google_dorks: Falling back to Google web scraping
00:24:59 [INFO] src.modules.google_dorks: Falling back to Google web scraping
00:24:59 [WARNING] src.modules.google_dorks: Google rate limited (429) for query: intitle:"profile" "dhaya.dhayanidhi" OR intitle:"user" "dhaya.dhayanidhi"
00:24:59 [WARNING] src.modules.google_dorks: Pattern 'profile_pages' failed: Rate limited by Google (429)
00:25:01 [WARNING] src.modules.google_dorks: Google rate limited (429) for query: site:twitter.com "dhaya.dhayanidhi" OR site:linkedin.com "dhaya.dhayanidhi" OR site:github.com "dhaya.dhayanidhi" OR site:instagram.com "dhaya.dhayanidhi"
00:25:01 [WARNING] src.modules.google_dorks: Pattern 'social_platforms' failed: Rate limited by Google (429)
00:25:01 [INFO] src.modules.google_dorks: Google Dorks search discovered 20 artifacts
00:25:01 [INFO] src.orchestrator: Google Dorks found 20 artifacts for username dhaya.dhayanidhi
00:25:01 [INFO] src.modules.google_dorks: Limiting patterns from 8 to 3 to avoid rate limiting
00:25:01 [INFO] src.modules.google_dorks: Searching for username 'dhaya.dhayanidhi' with 3 dork patterns
00:25:01 [INFO] src.modules.username_search: Found dhaya.dhayanidhi on HackerNews
00:25:01 [INFO] src.modules.username_search: Found dhaya.dhayanidhi on Medium
00:25:01 [INFO] src.modules.username_search: Found dhaya.dhayanidhi on Instagram
00:25:01 [INFO] src.modules.username_search: Found dhaya.dhayanidhi on Pinterest
00:25:01 [INFO] src.modules.username_search: Found dhaya.dhayanidhi on Steam
00:25:02 [ERROR] src.modules.username_search: Exception checking Reddit: 'expected_status'
00:25:02 [ERROR] src.modules.username_search: Exception checking GitLab: 'expected_status'
00:25:02 [INFO] src.modules.username_search: Username search complete: dhaya.dhayanidhi → found on 5/12 platforms
00:25:02 [WARNING] src.modules.google_dorks: Google rate limited (429) for query: dhaya.dhayanidhi
00:25:02 [WARNING] src.modules.google_dorks: Pattern 'simple_search' failed: Rate limited by Google (429)
00:25:04 [WARNING] src.modules.google_dorks: Google rate limited (429) for query: site:twitter.com "dhaya.dhayanidhi" OR site:linkedin.com "dhaya.dhayanidhi" OR site:github.com "dhaya.dhayanidhi" OR site:instagram.com "dhaya.dhayanidhi"
00:25:04 [WARNING] src.modules.google_dorks: Pattern 'social_platforms' failed: Rate limited by Google (429)
00:25:06 [WARNING] src.modules.google_dorks: Google rate limited (429) for query: intitle:"profile" "dhaya.dhayanidhi" OR intitle:"user" "dhaya.dhayanidhi"
00:25:06 [WARNING] src.modules.google_dorks: Pattern 'profile_pages' failed: Rate limited by Google (429)
00:25:06 [INFO] src.modules.google_dorks: Google Dorks search discovered 0 artifacts
00:25:06 [INFO] src.orchestrator: Plugin system processed 2 plugins, discovered 0 artifacts
00:25:06 [INFO] src.orchestrator: BFS processing complete. Processed 152 artifacts
00:25:06 [INFO] src.orchestrator: Processing batch of 5 artifacts concurrently
00:25:06 [INFO] src.orchestrator: Processing: platform_presence=https://www.instagram.com/dhayanidhi-r-766b43255/ (depth=2, queue_size=58)
00:25:06 [INFO] src.orchestrator: Processing: username=dhayanidhi-r-a4866b37b (depth=2, queue_size=58)
00:25:06 [INFO] src.orchestrator: Processing: platform_presence=https://medium.com/@dhayanidhi-r-766b43255 (depth=2, queue_size=58)
00:25:06 [INFO] src.orchestrator: Processing: platform_presence=https://news.ycombinator.com/user?id=dhayanidhi-r-766b43255 (depth=2, queue_size=58)
00:25:06 [INFO] src.orchestrator: Processing: platform_presence=https://www.pinterest.com/dhayanidhi-r-766b43255/ (depth=2, queue_size=58)
00:25:06 [INFO] src.plugins.builtins.profile_image_plugin: Extracting profile image from: https://medium.com/@dhayanidhi-r-766b43255
00:25:06 [INFO] src.plugins.builtins.profile_image_plugin: Extracting profile image from: https://www.instagram.com/dhayanidhi-r-766b43255/
00:25:06 [INFO] src.plugins.builtins.profile_image_plugin: Extracting profile image from: https://news.ycombinator.com/user?id=dhayanidhi-r-766b43255
00:25:06 [INFO] src.plugins.builtins.profile_image_plugin: Extracting profile image from: https://www.pinterest.com/dhayanidhi-r-766b43255/
00:25:07 [ERROR] src.modules.username_search: Exception checking Reddit: 'expected_status'
00:25:07 [ERROR] src.modules.username_search: Exception checking GitLab: 'expected_status'
00:25:07 [INFO] src.modules.username_search: Found dhayanidhi-r-a4866b37b on Steam
00:25:07 [INFO] src.modules.username_search: Found dhayanidhi-r-a4866b37b on Pinterest
00:25:07 [INFO] src.modules.username_search: Found dhayanidhi-r-a4866b37b on Medium
00:25:07 [INFO] src.modules.username_search: Found dhayanidhi-r-a4866b37b on Instagram
00:25:07 [INFO] src.orchestrator: Plugin system processed 1 plugins, discovered 0 artifacts
00:25:07 [INFO] src.orchestrator: Plugin system processed 1 plugins, discovered 0 artifacts
00:25:07 [INFO] src.orchestrator: Plugin system processed 1 plugins, discovered 0 artifacts
00:25:07 [INFO] src.modules.username_search: Found dhayanidhi-r-a4866b37b on HackerNews
00:25:07 [INFO] src.modules.username_search: Username search complete: dhayanidhi-r-a4866b37b → found on 5/12 platforms
00:25:07 [INFO] src.orchestrator: Plugin system processed 1 plugins, discovered 0 artifacts
00:25:10 [INFO] src.modules.google_dorks: Limiting patterns from 8 to 3 to avoid rate limiting
00:25:10 [INFO] src.modules.google_dorks: Searching for username 'dhayanidhi-r-a4866b37b' with 3 dork patterns
00:48:53 [ERROR] src.modules.google_dorks: DuckDuckGo search failed: HTTPSConnectionPool(host='html.duckduckgo.com', port=443): Max retries exceeded with url: /html/ (Caused by ConnectTimeoutError(<HTTPSConnection(host='html.duckduckgo.com', port=443) at 0x11394ee00>, 'Connection to html.duckduckgo.com timed out. (connect timeout=None)'))
00:48:53 [ERROR] src.modules.google_dorks: DuckDuckGo search failed: HTTPSConnectionPool(host='html.duckduckgo.com', port=443): Max retries exceeded with url: /html/ (Caused by ConnectTimeoutError(<HTTPSConnection(host='html.duckduckgo.com', port=443) at 0x11394cb20>, 'Connection to html.duckduckgo.com timed out. (connect timeout=None)'))
00:48:53 [ERROR] src.modules.google_dorks: DuckDuckGo search failed: HTTPSConnectionPool(host='html.duckduckgo.com', port=443): Max retries exceeded with url: /html/ (Caused by ConnectTimeoutError(<HTTPSConnection(host='html.duckduckgo.com', port=443) at 0x11394e590>, 'Connection to html.duckduckgo.com timed out. (connect timeout=None)'))
00:48:53 [INFO] src.modules.google_dorks: Falling back to Google web scraping
00:48:53 [INFO] src.modules.google_dorks: Falling back to Google web scraping
00:48:53 [INFO] src.modules.google_dorks: Falling back to Google web scraping
00:48:54 [WARNING] src.modules.google_dorks: Google rate limited (429) for query: intitle:"profile" "dhayanidhi-r-a4866b37b" OR intitle:"user" "dhayanidhi-r-a4866b37b"
00:48:54 [WARNING] src.modules.google_dorks: Pattern 'profile_pages' failed: Rate limited by Google (429)
00:48:56 [WARNING] src.modules.google_dorks: Google rate limited (429) for query: site:twitter.com "dhayanidhi-r-a4866b37b" OR site:linkedin.com "dhayanidhi-r-a4866b37b" OR site:github.com "dhayanidhi-r-a4866b37b" OR site:instagram.com "dhayanidhi-r-a4866b37b"
00:48:56 [WARNING] src.modules.google_dorks: Pattern 'social_platforms' failed: Rate limited by Google (429)
00:48:58 [WARNING] src.modules.google_dorks: Google rate limited (429) for query: dhayanidhi-r-a4866b37b
00:48:58 [WARNING] src.modules.google_dorks: Pattern 'simple_search' failed: Rate limited by Google (429)
00:48:58 [INFO] src.modules.google_dorks: Google Dorks search discovered 0 artifacts
00:48:58 [INFO] src.modules.google_dorks: Limiting patterns from 8 to 3 to avoid rate limiting
00:48:58 [INFO] src.modules.google_dorks: Searching for username 'dhayanidhi-r-a4866b37b' with 3 dork patterns
00:48:58 [INFO] src.modules.username_search: Found dhayanidhi-r-a4866b37b on Medium
00:48:58 [INFO] src.modules.username_search: Found dhayanidhi-r-a4866b37b on HackerNews
00:48:58 [INFO] src.modules.username_search: Found dhayanidhi-r-a4866b37b on Instagram
00:48:58 [INFO] src.modules.username_search: Found dhayanidhi-r-a4866b37b on Pinterest
00:48:58 [INFO] src.modules.username_search: Found dhayanidhi-r-a4866b37b on Steam
00:48:58 [WARNING] urllib3.connectionpool: Retrying (Retry(total=0, connect=None, read=None, redirect=None, status=None)) after connection broken by 'RemoteDisconnected('Remote end closed connection without response')': /api/v4/users?username=dhayanidhi-r-a4866b37b
00:48:58 [ERROR] src.modules.username_search: Exception checking Reddit: 'expected_status'
00:48:58 [ERROR] src.modules.username_search: Exception checking GitLab: 'expected_status'
00:48:58 [INFO] src.modules.username_search: Username search complete: dhayanidhi-r-a4866b37b → found on 5/12 platforms
00:48:59 [WARNING] src.modules.google_dorks: Google rate limited (429) for query: dhayanidhi-r-a4866b37b
00:48:59 [WARNING] src.modules.google_dorks: Pattern 'simple_search' failed: Rate limited by Google (429)
00:49:01 [WARNING] src.modules.google_dorks: Google rate limited (429) for query: site:twitter.com "dhayanidhi-r-a4866b37b" OR site:linkedin.com "dhayanidhi-r-a4866b37b" OR site:github.com "dhayanidhi-r-a4866b37b" OR site:instagram.com "dhayanidhi-r-a4866b37b"
00:49:01 [WARNING] src.modules.google_dorks: Pattern 'social_platforms' failed: Rate limited by Google (429)
00:49:02 [WARNING] src.modules.google_dorks: Google rate limited (429) for query: intitle:"profile" "dhayanidhi-r-a4866b37b" OR intitle:"user" "dhayanidhi-r-a4866b37b"
00:49:02 [WARNING] src.modules.google_dorks: Pattern 'profile_pages' failed: Rate limited by Google (429)
00:49:02 [INFO] src.modules.google_dorks: Google Dorks search discovered 0 artifacts
00:49:02 [INFO] src.orchestrator: Plugin system processed 2 plugins, discovered 0 artifacts
00:49:02 [INFO] src.orchestrator: BFS processing complete. Processed 157 artifacts
00:49:02 [INFO] src.orchestrator: Processing batch of 5 artifacts concurrently
00:49:02 [INFO] src.orchestrator: Processing: domain=zoominfo.com (depth=2, queue_size=53)
00:49:02 [WARNING] src.orchestrator: Unknown artifact type: domain
00:49:02 [INFO] src.orchestrator: Processing: username=044PXX44-XX44-090615135214-A4Q1_BZDET (depth=2, queue_size=53)
00:49:02 [INFO] src.orchestrator: Processing: username=11315047192 (depth=2, queue_size=53)
00:49:02 [INFO] src.orchestrator: Processing: username=dhayanidhi.r_18 (depth=2, queue_size=53)
00:49:02 [INFO] src.orchestrator: Processing: domain=justdial.com (depth=2, queue_size=53)
00:49:02 [WARNING] src.orchestrator: Unknown artifact type: domain
00:49:02 [WARNING] urllib3.connectionpool: Retrying (Retry(total=0, connect=None, read=None, redirect=None, status=None)) after connection broken by 'RemoteDisconnected('Remote end closed connection without response')': /@044PXX44-XX44-090615135214-A4Q1_BZDET
00:49:02 [WARNING] urllib3.connectionpool: Retrying (Retry(total=0, connect=None, read=None, redirect=None, status=None)) after connection broken by 'RemoteDisconnected('Remote end closed connection without response')': /044PXX44-XX44-090615135214-A4Q1_BZDET
00:49:02 [WARNING] urllib3.connectionpool: Retrying (Retry(total=0, connect=None, read=None, redirect=None, status=None)) after connection broken by 'RemoteDisconnected('Remote end closed connection without response')': /users/044PXX44-XX44-090615135214-A4Q1_BZDET
00:49:02 [WARNING] urllib3.connectionpool: Retrying (Retry(total=0, connect=None, read=None, redirect=None, status=None)) after connection broken by 'RemoteDisconnected('Remote end closed connection without response')': /044PXX44-XX44-090615135214-A4Q1_BZDET/
00:49:02 [WARNING] urllib3.connectionpool: Retrying (Retry(total=0, connect=None, read=None, redirect=None, status=None)) after connection broken by 'RemoteDisconnected('Remote end closed connection without response')': /in/044PXX44-XX44-090615135214-A4Q1_BZDET/
00:49:02 [WARNING] urllib3.connectionpool: Retrying (Retry(total=0, connect=None, read=None, redirect=None, status=None)) after connection broken by 'RemoteDisconnected('Remote end closed connection without response')': /044PXX44-XX44-090615135214-A4Q1_BZDET/
00:49:02 [WARNING] urllib3.connectionpool: Retrying (Retry(total=0, connect=None, read=None, redirect=None, status=None)) after connection broken by 'RemoteDisconnected('Remote end closed connection without response')': /044PXX44-XX44-090615135214-A4Q1_BZDET
00:49:03 [WARNING] urllib3.connectionpool: Retrying (Retry(total=0, connect=None, read=None, redirect=None, status=None)) after connection broken by 'RemoteDisconnected('Remote end closed connection without response')': /@dhayanidhi.r_18
00:49:03 [WARNING] urllib3.connectionpool: Retrying (Retry(total=0, connect=None, read=None, redirect=None, status=None)) after connection broken by 'RemoteDisconnected('Remote end closed connection without response')': /dhayanidhi.r_18/
00:49:03 [WARNING] urllib3.connectionpool: Retrying (Retry(total=0, connect=None, read=None, redirect=None, status=None)) after connection broken by 'RemoteDisconnected('Remote end closed connection without response')': /user?id=044PXX44-XX44-090615135214-A4Q1_BZDET
00:49:03 [ERROR] src.orchestrator: External tools processing failed for zoominfo.com: 'WhoisIntegration' object has no attribute 'search_username'
00:49:03 [ERROR] src.orchestrator: External tools processing failed for justdial.com: 'WhoisIntegration' object has no attribute 'search_username'
00:49:03 [WARNING] urllib3.connectionpool: Retrying (Retry(total=0, connect=None, read=None, redirect=None, status=None)) after connection broken by 'RemoteDisconnected('Remote end closed connection without response')': /dhayanidhi.r_18
00:49:03 [WARNING] urllib3.connectionpool: Retrying (Retry(total=0, connect=None, read=None, redirect=None, status=None)) after connection broken by 'RemoteDisconnected('Remote end closed connection without response')': /api/v4/users?username=dhayanidhi.r_18
00:49:03 [WARNING] urllib3.connectionpool: Retrying (Retry(total=0, connect=None, read=None, redirect=None, status=None)) after connection broken by 'RemoteDisconnected('Remote end closed connection without response')': /user?id=dhayanidhi.r_18
00:49:03 [WARNING] urllib3.connectionpool: Retrying (Retry(total=0, connect=None, read=None, redirect=None, status=None)) after connection broken by 'RemoteDisconnected('Remote end closed connection without response')': /in/dhayanidhi.r_18/
00:49:03 [WARNING] urllib3.connectionpool: Retrying (Retry(total=0, connect=None, read=None, redirect=None, status=None)) after connection broken by 'RemoteDisconnected('Remote end closed connection without response')': /dhayanidhi.r_18/
00:49:03 [WARNING] urllib3.connectionpool: Retrying (Retry(total=0, connect=None, read=None, redirect=None, status=None)) after connection broken by 'RemoteDisconnected('Remote end closed connection without response')': /api/v4/users?username=11315047192
00:49:03 [WARNING] urllib3.connectionpool: Retrying (Retry(total=0, connect=None, read=None, redirect=None, status=None)) after connection broken by 'RemoteDisconnected('Remote end closed connection without response')': /11315047192
00:49:03 [WARNING] urllib3.connectionpool: Retrying (Retry(total=0, connect=None, read=None, redirect=None, status=None)) after connection broken by 'RemoteDisconnected('Remote end closed connection without response')': /in/11315047192/
00:49:03 [WARNING] urllib3.connectionpool: Retrying (Retry(total=0, connect=None, read=None, redirect=None, status=None)) after connection broken by 'RemoteDisconnected('Remote end closed connection without response')': /@11315047192
00:49:03 [INFO] src.orchestrator: Plugin system processed 2 plugins, discovered 6 artifacts
00:49:03 [ERROR] src.modules.username_search: Exception checking GitLab: 'expected_status'
00:49:03 [WARNING] urllib3.connectionpool: Retrying (Retry(total=0, connect=None, read=None, redirect=None, status=None)) after connection broken by 'RemoteDisconnected('Remote end closed connection without response')': /id/044PXX44-XX44-090615135214-A4Q1_BZDET
00:49:03 [ERROR] src.modules.username_search: Exception checking Reddit: 'expected_status'
00:49:03 [WARNING] urllib3.connectionpool: Retrying (Retry(total=0, connect=None, read=None, redirect=None, status=None)) after connection broken by 'RemoteDisconnected('Remote end closed connection without response')': /@044PXX44-XX44-090615135214-A4Q1_BZDET
00:49:03 [ERROR] src.modules.username_search: Exception checking GitLab: 'expected_status'
00:49:03 [WARNING] urllib3.connectionpool: Retrying (Retry(total=0, connect=None, read=None, redirect=None, status=None)) after connection broken by 'RemoteDisconnected('Remote end closed connection without response')': /id/dhayanidhi.r_18
00:49:03 [WARNING] urllib3.connectionpool: Retrying (Retry(total=0, connect=None, read=None, redirect=None, status=None)) after connection broken by 'RemoteDisconnected('Remote end closed connection without response')': /@dhayanidhi.r_18
00:49:03 [ERROR] src.modules.username_search: Exception checking Reddit: 'expected_status'
00:49:03 [WARNING] urllib3.connectionpool: Retrying (Retry(total=0, connect=None, read=None, redirect=None, status=None)) after connection broken by 'RemoteDisconnected('Remote end closed connection without response')': /id/11315047192
00:49:03 [INFO] src.modules.username_search: Found 044PXX44-XX44-090615135214-A4Q1_BZDET on Instagram
00:49:03 [INFO] src.modules.username_search: Found 11315047192 on Instagram
00:49:03 [ERROR] src.modules.username_search: Exception checking GitLab: 'expected_status'
00:49:03 [INFO] src.modules.username_search: Found 044PXX44-XX44-090615135214-A4Q1_BZDET on Steam
00:49:03 [INFO] src.modules.username_search: Found 044PXX44-XX44-090615135214-A4Q1_BZDET on Medium
00:49:04 [INFO] src.modules.username_search: Found dhayanidhi.r_18 on Instagram
00:49:04 [INFO] src.modules.username_search: Found dhayanidhi.r_18 on Steam
00:49:04 [INFO] src.orchestrator: Plugin system processed 2 plugins, discovered 11 artifacts
00:49:04 [INFO] src.modules.username_search: Found 044PXX44-XX44-090615135214-A4Q1_BZDET on Pinterest
00:49:04 [ERROR] src.modules.username_search: Exception checking Reddit: 'expected_status'
00:49:04 [INFO] src.modules.username_search: Found 11315047192 on Steam
00:49:04 [INFO] src.modules.username_search: Found dhayanidhi.r_18 on Pinterest
00:49:04 [INFO] src.modules.username_search: Found dhayanidhi.r_18 on Medium
00:49:04 [INFO] src.modules.username_search: Found 044PXX44-XX44-090615135214-A4Q1_BZDET on HackerNews
00:49:04 [INFO] src.modules.username_search: Username search complete: 044PXX44-XX44-090615135214-A4Q1_BZDET → found on 5/12 platforms
00:49:04 [INFO] src.modules.username_search: Found 11315047192 on HackerNews
00:49:04 [INFO] src.modules.username_search: Found dhayanidhi.r_18 on HackerNews
00:49:04 [INFO] src.modules.username_search: Username search complete: dhayanidhi.r_18 → found on 5/12 platforms
00:49:04 [INFO] src.modules.username_search: Found 11315047192 on Medium
00:49:04 [INFO] src.modules.username_search: Found 11315047192 on Pinterest
00:49:04 [INFO] src.modules.username_search: Username search complete: 11315047192 → found on 5/12 platforms
00:49:05 [INFO] src.modules.google_dorks: Limiting patterns from 8 to 3 to avoid rate limiting
00:49:05 [INFO] src.modules.google_dorks: Searching for username 'dhayanidhi.r_18' with 3 dork patterns
00:49:05 [INFO] src.modules.google_dorks: Pattern 'simple_search' found 10 results
00:49:06 [INFO] src.modules.google_dorks: Limiting patterns from 8 to 3 to avoid rate limiting
00:49:06 [INFO] src.modules.google_dorks: Searching for username '044PXX44-XX44-090615135214-A4Q1_BZDET' with 3 dork patterns
00:49:06 [INFO] src.modules.google_dorks: Pattern 'simple_search' found 10 results
00:49:06 [INFO] src.modules.google_dorks: Limiting patterns from 8 to 3 to avoid rate limiting
00:49:06 [INFO] src.modules.google_dorks: Searching for username '11315047192' with 3 dork patterns
00:49:06 [INFO] src.modules.google_dorks: Pattern 'simple_search' found 10 results
01:04:40 [ERROR] src.modules.google_dorks: DuckDuckGo search failed: HTTPSConnectionPool(host='html.duckduckgo.com', port=443): Max retries exceeded with url: /html/ (Caused by ConnectTimeoutError(<HTTPSConnection(host='html.duckduckgo.com', port=443) at 0x113af46d0>, 'Connection to html.duckduckgo.com timed out. (connect timeout=None)'))
01:04:40 [INFO] src.modules.google_dorks: Falling back to Google web scraping
01:04:40 [ERROR] src.modules.google_dorks: DuckDuckGo search failed: HTTPSConnectionPool(host='html.duckduckgo.com', port=443): Max retries exceeded with url: /html/ (Caused by ConnectTimeoutError(<HTTPSConnection(host='html.duckduckgo.com', port=443) at 0x113af5f00>, 'Connection to html.duckduckgo.com timed out. (connect timeout=None)'))
01:04:40 [INFO] src.modules.google_dorks: Falling back to Google web scraping
01:04:41 [ERROR] src.modules.google_dorks: DuckDuckGo search failed: HTTPSConnectionPool(host='html.duckduckgo.com', port=443): Max retries exceeded with url: /html/ (Caused by ConnectTimeoutError(<HTTPSConnection(host='html.duckduckgo.com', port=443) at 0x112c7e2c0>, 'Connection to html.duckduckgo.com timed out. (connect timeout=None)'))
01:04:41 [ERROR] src.modules.google_dorks: DuckDuckGo search failed: HTTPSConnectionPool(host='html.duckduckgo.com', port=443): Max retries exceeded with url: /html/ (Caused by ConnectTimeoutError(<HTTPSConnection(host='html.duckduckgo.com', port=443) at 0x112c7df00>, 'Connection to html.duckduckgo.com timed out. (connect timeout=None)'))
01:04:41 [INFO] src.modules.google_dorks: Falling back to Google web scraping
01:04:41 [INFO] src.modules.google_dorks: Falling back to Google web scraping
01:04:41 [ERROR] src.modules.google_dorks: DuckDuckGo search failed: HTTPSConnectionPool(host='html.duckduckgo.com', port=443): Max retries exceeded with url: /html/ (Caused by ConnectTimeoutError(<HTTPSConnection(host='html.duckduckgo.com', port=443) at 0x1137c7f70>, 'Connection to html.duckduckgo.com timed out. (connect timeout=None)'))
01:04:41 [ERROR] src.modules.google_dorks: DuckDuckGo search failed: HTTPSConnectionPool(host='html.duckduckgo.com', port=443): Max retries exceeded with url: /html/ (Caused by ConnectTimeoutError(<HTTPSConnection(host='html.duckduckgo.com', port=443) at 0x1137c7190>, 'Connection to html.duckduckgo.com timed out. (connect timeout=None)'))
01:04:41 [INFO] src.modules.google_dorks: Falling back to Google web scraping
01:04:41 [INFO] src.modules.google_dorks: Falling back to Google web scraping
01:04:42 [WARNING] src.modules.google_dorks: Google rate limited (429) for query: site:twitter.com "dhayanidhi.r_18" OR site:linkedin.com "dhayanidhi.r_18" OR site:github.com "dhayanidhi.r_18" OR site:instagram.com "dhayanidhi.r_18"
01:04:42 [WARNING] src.modules.google_dorks: Pattern 'social_platforms' failed: Rate limited by Google (429)
01:04:42 [WARNING] src.modules.google_dorks: Google rate limited (429) for query: intitle:"profile" "044PXX44-XX44-090615135214-A4Q1_BZDET" OR intitle:"user" "044PXX44-XX44-090615135214-A4Q1_BZDET"
01:04:42 [WARNING] src.modules.google_dorks: Google rate limited (429) for query: site:twitter.com "11315047192" OR site:linkedin.com "11315047192" OR site:github.com "11315047192" OR site:instagram.com "11315047192"
01:04:42 [WARNING] src.modules.google_dorks: Pattern 'profile_pages' failed: Rate limited by Google (429)
01:04:42 [WARNING] src.modules.google_dorks: Pattern 'social_platforms' failed: Rate limited by Google (429)
01:04:43 [WARNING] src.modules.google_dorks: Google rate limited (429) for query: intitle:"profile" "dhayanidhi.r_18" OR intitle:"user" "dhayanidhi.r_18"
01:04:43 [WARNING] src.modules.google_dorks: Pattern 'profile_pages' failed: Rate limited by Google (429)
01:04:43 [INFO] src.modules.google_dorks: Google Dorks search discovered 20 artifacts
01:04:43 [INFO] src.orchestrator: Google Dorks found 20 artifacts for username dhayanidhi.r_18
01:04:43 [INFO] src.modules.google_dorks: Limiting patterns from 8 to 3 to avoid rate limiting
01:04:43 [INFO] src.modules.google_dorks: Searching for username 'dhayanidhi.r_18' with 3 dork patterns
01:04:43 [INFO] src.modules.username_search: Found dhayanidhi.r_18 on Medium
01:04:43 [INFO] src.modules.username_search: Found dhayanidhi.r_18 on Instagram
01:04:43 [INFO] src.modules.username_search: Found dhayanidhi.r_18 on HackerNews
01:04:43 [INFO] src.modules.username_search: Found dhayanidhi.r_18 on Pinterest
01:04:43 [INFO] src.modules.username_search: Found dhayanidhi.r_18 on Steam
01:04:43 [WARNING] urllib3.connectionpool: Retrying (Retry(total=0, connect=None, read=None, redirect=None, status=None)) after connection broken by 'RemoteDisconnected('Remote end closed connection without response')': /api/v4/users?username=dhayanidhi.r_18
01:04:43 [ERROR] src.modules.username_search: Exception checking Reddit: 'expected_status'
01:04:43 [ERROR] src.modules.username_search: Exception checking GitLab: 'expected_status'
01:04:43 [INFO] src.modules.username_search: Username search complete: dhayanidhi.r_18 → found on 5/12 platforms
01:04:44 [WARNING] src.modules.google_dorks: Google rate limited (429) for query: dhayanidhi.r_18
01:04:44 [WARNING] src.modules.google_dorks: Pattern 'simple_search' failed: Rate limited by Google (429)
01:04:44 [WARNING] src.modules.google_dorks: Google rate limited (429) for query: intitle:"profile" "11315047192" OR intitle:"user" "11315047192"
01:04:44 [WARNING] src.modules.google_dorks: Pattern 'profile_pages' failed: Rate limited by Google (429)
01:04:44 [INFO] src.modules.google_dorks: Google Dorks search discovered 20 artifacts
01:04:44 [INFO] src.orchestrator: Google Dorks found 20 artifacts for username 11315047192
01:04:44 [INFO] src.modules.google_dorks: Limiting patterns from 8 to 3 to avoid rate limiting
01:04:44 [INFO] src.modules.google_dorks: Searching for username '11315047192' with 3 dork patterns
01:04:44 [INFO] src.modules.username_search: Found 11315047192 on HackerNews
01:04:44 [INFO] src.modules.username_search: Found 11315047192 on Instagram
01:04:44 [INFO] src.modules.username_search: Found 11315047192 on Medium
01:04:44 [INFO] src.modules.username_search: Found 11315047192 on Pinterest
01:04:44 [INFO] src.modules.username_search: Found 11315047192 on Steam
01:04:44 [WARNING] src.modules.google_dorks: Google rate limited (429) for query: site:twitter.com "044PXX44-XX44-090615135214-A4Q1_BZDET" OR site:linkedin.com "044PXX44-XX44-090615135214-A4Q1_BZDET" OR site:github.com "044PXX44-XX44-090615135214-A4Q1_BZDET" OR site:instagram.com "044PXX44-XX44-090615135214-A4Q1_BZDET"
01:04:44 [WARNING] src.modules.google_dorks: Pattern 'social_platforms' failed: Rate limited by Google (429)
01:04:44 [INFO] src.modules.google_dorks: Google Dorks search discovered 20 artifacts
01:04:44 [INFO] src.orchestrator: Google Dorks found 20 artifacts for username 044PXX44-XX44-090615135214-A4Q1_BZDET
01:04:44 [INFO] src.modules.google_dorks: Limiting patterns from 8 to 3 to avoid rate limiting
01:04:44 [INFO] src.modules.google_dorks: Searching for username '044PXX44-XX44-090615135214-A4Q1_BZDET' with 3 dork patterns
01:04:44 [INFO] src.modules.username_search: Found 044PXX44-XX44-090615135214-A4Q1_BZDET on HackerNews
01:04:44 [INFO] src.modules.username_search: Found 044PXX44-XX44-090615135214-A4Q1_BZDET on Medium
01:04:44 [INFO] src.modules.username_search: Found 044PXX44-XX44-090615135214-A4Q1_BZDET on Instagram
01:04:44 [INFO] src.modules.username_search: Found 044PXX44-XX44-090615135214-A4Q1_BZDET on Pinterest
01:04:44 [INFO] src.modules.username_search: Found 044PXX44-XX44-090615135214-A4Q1_BZDET on Steam
01:04:44 [WARNING] urllib3.connectionpool: Retrying (Retry(total=0, connect=None, read=None, redirect=None, status=None)) after connection broken by 'RemoteDisconnected('Remote end closed connection without response')': /api/v4/users?username=044PXX44-XX44-090615135214-A4Q1_BZDET
01:04:45 [ERROR] src.modules.username_search: Exception checking Reddit: 'expected_status'
01:04:45 [ERROR] src.modules.username_search: Exception checking GitLab: 'expected_status'
01:04:45 [INFO] src.modules.username_search: Username search complete: 11315047192 → found on 5/12 platforms
01:04:45 [ERROR] src.modules.username_search: Exception checking Reddit: 'expected_status'
01:04:45 [ERROR] src.modules.username_search: Exception checking GitLab: 'expected_status'
01:04:45 [INFO] src.modules.username_search: Username search complete: 044PXX44-XX44-090615135214-A4Q1_BZDET → found on 5/12 platforms
01:04:45 [WARNING] src.modules.google_dorks: Google rate limited (429) for query: 11315047192
01:04:45 [WARNING] src.modules.google_dorks: Pattern 'simple_search' failed: Rate limited by Google (429)
01:04:45 [WARNING] src.modules.google_dorks: Google rate limited (429) for query: 044PXX44-XX44-090615135214-A4Q1_BZDET
01:04:45 [WARNING] src.modules.google_dorks: Pattern 'simple_search' failed: Rate limited by Google (429)
01:04:46 [WARNING] src.modules.google_dorks: Google rate limited (429) for query: site:twitter.com "dhayanidhi.r_18" OR site:linkedin.com "dhayanidhi.r_18" OR site:github.com "dhayanidhi.r_18" OR site:instagram.com "dhayanidhi.r_18"
01:04:46 [WARNING] src.modules.google_dorks: Pattern 'social_platforms' failed: Rate limited by Google (429)
01:04:47 [WARNING] src.modules.google_dorks: Google rate limited (429) for query: intitle:"profile" "11315047192" OR intitle:"user" "11315047192"
01:04:47 [WARNING] src.modules.google_dorks: Pattern 'profile_pages' failed: Rate limited by Google (429)
01:04:47 [WARNING] src.modules.google_dorks: Google rate limited (429) for query: intitle:"profile" "044PXX44-XX44-090615135214-A4Q1_BZDET" OR intitle:"user" "044PXX44-XX44-090615135214-A4Q1_BZDET"
01:04:47 [WARNING] src.modules.google_dorks: Pattern 'profile_pages' failed: Rate limited by Google (429)
01:04:47 [WARNING] src.modules.google_dorks: Google rate limited (429) for query: intitle:"profile" "dhayanidhi.r_18" OR intitle:"user" "dhayanidhi.r_18"
01:04:47 [WARNING] src.modules.google_dorks: Pattern 'profile_pages' failed: Rate limited by Google (429)
01:04:47 [INFO] src.modules.google_dorks: Google Dorks search discovered 0 artifacts
01:04:47 [INFO] src.orchestrator: Plugin system processed 2 plugins, discovered 0 artifacts
01:04:49 [WARNING] src.modules.google_dorks: Google rate limited (429) for query: site:twitter.com "044PXX44-XX44-090615135214-A4Q1_BZDET" OR site:linkedin.com "044PXX44-XX44-090615135214-A4Q1_BZDET" OR site:github.com "044PXX44-XX44-090615135214-A4Q1_BZDET" OR site:instagram.com "044PXX44-XX44-090615135214-A4Q1_BZDET"
01:04:49 [WARNING] src.modules.google_dorks: Pattern 'social_platforms' failed: Rate limited by Google (429)
01:04:49 [INFO] src.modules.google_dorks: Google Dorks search discovered 0 artifacts
01:04:49 [INFO] src.orchestrator: Plugin system processed 2 plugins, discovered 0 artifacts
01:04:50 [WARNING] src.modules.google_dorks: Google rate limited (429) for query: site:twitter.com "11315047192" OR site:linkedin.com "11315047192" OR site:github.com "11315047192" OR site:instagram.com "11315047192"
01:04:50 [WARNING] src.modules.google_dorks: Pattern 'social_platforms' failed: Rate limited by Google (429)
01:04:50 [INFO] src.modules.google_dorks: Google Dorks search discovered 0 artifacts
01:04:50 [INFO] src.orchestrator: Plugin system processed 2 plugins, discovered 0 artifacts
01:04:50 [INFO] src.orchestrator: BFS processing complete. Processed 162 artifacts
01:04:50 [INFO] src.orchestrator: Processing batch of 5 artifacts concurrently
01:04:50 [INFO] src.orchestrator: Processing: platform_presence=https://news.ycombinator.com/user?id=dhayanidhi-r-830a8221a (depth=2, queue_size=48)
01:04:50 [INFO] src.orchestrator: Processing: username=dr-r-dhayanidhi-physiotherapist (depth=2, queue_size=48)
01:04:50 [INFO] src.orchestrator: Processing: platform_presence=https://steamcommunity.com/id/dhayanidhi-r-830a8221a (depth=2, queue_size=48)
01:04:50 [INFO] src.orchestrator: Processing: domain=practo.com (depth=2, queue_size=48)
01:04:50 [INFO] src.orchestrator: Processing: platform_presence=https://www.instagram.com/dhayanidhi-r-830a8221a/ (depth=2, queue_size=48)
01:04:50 [WARNING] src.orchestrator: Unknown artifact type: domain
01:04:50 [WARNING] urllib3.connectionpool: Retrying (Retry(total=0, connect=None, read=None, redirect=None, status=None)) after connection broken by 'RemoteDisconnected('Remote end closed connection without response')': /dr-r-dhayanidhi-physiotherapist/
01:04:50 [WARNING] urllib3.connectionpool: Retrying (Retry(total=0, connect=None, read=None, redirect=None, status=None)) after connection broken by 'RemoteDisconnected('Remote end closed connection without response')': /dr-r-dhayanidhi-physiotherapist
01:04:50 [WARNING] urllib3.connectionpool: Retrying (Retry(total=0, connect=None, read=None, redirect=None, status=None)) after connection broken by 'RemoteDisconnected('Remote end closed connection without response')': /dr-r-dhayanidhi-physiotherapist/
01:04:50 [WARNING] urllib3.connectionpool: Retrying (Retry(total=0, connect=None, read=None, redirect=None, status=None)) after connection broken by 'RemoteDisconnected('Remote end closed connection without response')': /user?id=dr-r-dhayanidhi-physiotherapist
01:04:50 [WARNING] urllib3.connectionpool: Retrying (Retry(total=0, connect=None, read=None, redirect=None, status=None)) after connection broken by 'RemoteDisconnected('Remote end closed connection without response')': /@dr-r-dhayanidhi-physiotherapist
01:04:50 [WARNING] urllib3.connectionpool: Retrying (Retry(total=0, connect=None, read=None, redirect=None, status=None)) after connection broken by 'RemoteDisconnected('Remote end closed connection without response')': /in/dr-r-dhayanidhi-physiotherapist/
01:04:50 [WARNING] urllib3.connectionpool: Retrying (Retry(total=0, connect=None, read=None, redirect=None, status=None)) after connection broken by 'RemoteDisconnected('Remote end closed connection without response')': /dr-r-dhayanidhi-physiotherapist
01:04:50 [INFO] src.plugins.builtins.profile_image_plugin: Extracting profile image from: https://steamcommunity.com/id/dhayanidhi-r-830a8221a
01:04:50 [ERROR] src.orchestrator: External tools processing failed for practo.com: 'WhoisIntegration' object has no attribute 'search_username'
01:04:50 [INFO] src.plugins.builtins.profile_image_plugin: Extracting profile image from: https://news.ycombinator.com/user?id=dhayanidhi-r-830a8221a
01:04:50 [INFO] src.plugins.builtins.profile_image_plugin: Extracting profile image from: https://www.instagram.com/dhayanidhi-r-830a8221a/
01:04:50 [WARNING] urllib3.connectionpool: Retrying (Retry(total=0, connect=None, read=None, redirect=None, status=None)) after connection broken by 'RemoteDisconnected('Remote end closed connection without response')': /id/dhayanidhi-r-830a8221a
01:04:50 [WARNING] urllib3.connectionpool: Retrying (Retry(total=0, connect=None, read=None, redirect=None, status=None)) after connection broken by 'RemoteDisconnected('Remote end closed connection without response')': /dhayanidhi-r-830a8221a/
01:04:50 [WARNING] urllib3.connectionpool: Retrying (Retry(total=0, connect=None, read=None, redirect=None, status=None)) after connection broken by 'RemoteDisconnected('Remote end closed connection without response')': /user?id=dhayanidhi-r-830a8221a
01:04:50 [ERROR] src.modules.username_search: Exception checking GitLab: 'expected_status'
01:04:50 [WARNING] urllib3.connectionpool: Retrying (Retry(total=0, connect=None, read=None, redirect=None, status=None)) after connection broken by 'RemoteDisconnected('Remote end closed connection without response')': /id/dr-r-dhayanidhi-physiotherapist
01:04:50 [ERROR] src.modules.username_search: Exception checking Reddit: 'expected_status'
01:04:50 [WARNING] urllib3.connectionpool: Retrying (Retry(total=0, connect=None, read=None, redirect=None, status=None)) after connection broken by 'RemoteDisconnected('Remote end closed connection without response')': /@dr-r-dhayanidhi-physiotherapist
01:04:50 [INFO] src.orchestrator: Plugin system processed 1 plugins, discovered 0 artifacts
01:04:50 [INFO] src.modules.username_search: Found dr-r-dhayanidhi-physiotherapist on Steam
01:04:50 [INFO] src.modules.username_search: Found dr-r-dhayanidhi-physiotherapist on Instagram
01:04:50 [INFO] src.orchestrator: Plugin system processed 2 plugins, discovered 10 artifacts
01:04:50 [INFO] src.modules.username_search: Found dr-r-dhayanidhi-physiotherapist on Medium
01:04:50 [INFO] src.orchestrator: Plugin system processed 1 plugins, discovered 0 artifacts
01:04:51 [INFO] src.modules.username_search: Found dr-r-dhayanidhi-physiotherapist on Pinterest
01:04:51 [INFO] src.orchestrator: Plugin system processed 1 plugins, discovered 0 artifacts
01:04:51 [INFO] src.modules.username_search: Found dr-r-dhayanidhi-physiotherapist on HackerNews
01:04:51 [INFO] src.modules.username_search: Username search complete: dr-r-dhayanidhi-physiotherapist → found on 5/12 platforms
01:04:53 [INFO] src.modules.google_dorks: Limiting patterns from 8 to 3 to avoid rate limiting
01:04:53 [INFO] src.modules.google_dorks: Searching for username 'dr-r-dhayanidhi-physiotherapist' with 3 dork patterns
01:19:22 [ERROR] src.modules.google_dorks: DuckDuckGo search failed: HTTPSConnectionPool(host='html.duckduckgo.com', port=443): Max retries exceeded with url: /html/ (Caused by ConnectTimeoutError(<HTTPSConnection(host='html.duckduckgo.com', port=443) at 0x11379b760>, 'Connection to html.duckduckgo.com timed out. (connect timeout=None)'))
01:19:22 [ERROR] src.modules.google_dorks: DuckDuckGo search failed: HTTPSConnectionPool(host='html.duckduckgo.com', port=443): Max retries exceeded with url: /html/ (Caused by ConnectTimeoutError(<HTTPSConnection(host='html.duckduckgo.com', port=443) at 0x1137990c0>, 'Connection to html.duckduckgo.com timed out. (connect timeout=None)'))
01:19:22 [ERROR] src.modules.google_dorks: DuckDuckGo search failed: HTTPSConnectionPool(host='html.duckduckgo.com', port=443): Max retries exceeded with url: /html/ (Caused by ConnectTimeoutError(<HTTPSConnection(host='html.duckduckgo.com', port=443) at 0x1137988e0>, 'Connection to html.duckduckgo.com timed out. (connect timeout=None)'))
01:19:22 [INFO] src.modules.google_dorks: Falling back to Google web scraping
01:19:22 [INFO] src.modules.google_dorks: Falling back to Google web scraping
01:19:22 [INFO] src.modules.google_dorks: Falling back to Google web scraping
01:19:24 [WARNING] src.modules.google_dorks: Google rate limited (429) for query: site:twitter.com "dr-r-dhayanidhi-physiotherapist" OR site:linkedin.com "dr-r-dhayanidhi-physiotherapist" OR site:github.com "dr-r-dhayanidhi-physiotherapist" OR site:instagram.com "dr-r-dhayanidhi-physiotherapist"
01:19:24 [WARNING] src.modules.google_dorks: Pattern 'social_platforms' failed: Rate limited by Google (429)
01:19:25 [WARNING] src.modules.google_dorks: Google rate limited (429) for query: dr-r-dhayanidhi-physiotherapist
01:19:25 [WARNING] src.modules.google_dorks: Pattern 'simple_search' failed: Rate limited by Google (429)
01:19:27 [WARNING] src.modules.google_dorks: Google rate limited (429) for query: intitle:"profile" "dr-r-dhayanidhi-physiotherapist" OR intitle:"user" "dr-r-dhayanidhi-physiotherapist"
01:19:27 [WARNING] src.modules.google_dorks: Pattern 'profile_pages' failed: Rate limited by Google (429)
01:19:27 [INFO] src.modules.google_dorks: Google Dorks search discovered 0 artifacts
01:19:27 [INFO] src.modules.google_dorks: Limiting patterns from 8 to 3 to avoid rate limiting
01:19:27 [INFO] src.modules.google_dorks: Searching for username 'dr-r-dhayanidhi-physiotherapist' with 3 dork patterns
01:19:27 [INFO] src.modules.username_search: Found dr-r-dhayanidhi-physiotherapist on Medium
01:19:27 [INFO] src.modules.username_search: Found dr-r-dhayanidhi-physiotherapist on HackerNews
01:19:27 [INFO] src.modules.username_search: Found dr-r-dhayanidhi-physiotherapist on Instagram
01:19:27 [INFO] src.modules.username_search: Found dr-r-dhayanidhi-physiotherapist on Pinterest
01:19:27 [INFO] src.modules.username_search: Found dr-r-dhayanidhi-physiotherapist on Steam
01:19:27 [WARNING] urllib3.connectionpool: Retrying (Retry(total=0, connect=None, read=None, redirect=None, status=None)) after connection broken by 'RemoteDisconnected('Remote end closed connection without response')': /api/v4/users?username=dr-r-dhayanidhi-physiotherapist
01:19:28 [ERROR] src.modules.username_search: Exception checking Reddit: 'expected_status'
01:19:28 [ERROR] src.modules.username_search: Exception checking GitLab: 'expected_status'
01:19:28 [INFO] src.modules.username_search: Username search complete: dr-r-dhayanidhi-physiotherapist → found on 5/12 platforms
01:19:28 [WARNING] src.modules.google_dorks: Google rate limited (429) for query: dr-r-dhayanidhi-physiotherapist
01:19:28 [WARNING] src.modules.google_dorks: Pattern 'simple_search' failed: Rate limited by Google (429)
01:19:30 [WARNING] src.modules.google_dorks: Google rate limited (429) for query: site:twitter.com "dr-r-dhayanidhi-physiotherapist" OR site:linkedin.com "dr-r-dhayanidhi-physiotherapist" OR site:github.com "dr-r-dhayanidhi-physiotherapist" OR site:instagram.com "dr-r-dhayanidhi-physiotherapist"
01:19:30 [WARNING] src.modules.google_dorks: Pattern 'social_platforms' failed: Rate limited by Google (429)
01:19:32 [WARNING] src.modules.google_dorks: Google rate limited (429) for query: intitle:"profile" "dr-r-dhayanidhi-physiotherapist" OR intitle:"user" "dr-r-dhayanidhi-physiotherapist"
01:19:32 [WARNING] src.modules.google_dorks: Pattern 'profile_pages' failed: Rate limited by Google (429)
01:19:32 [INFO] src.modules.google_dorks: Google Dorks search discovered 0 artifacts
01:19:32 [INFO] src.orchestrator: Plugin system processed 2 plugins, discovered 0 artifacts
01:19:32 [INFO] src.orchestrator: BFS processing complete. Processed 167 artifacts
01:19:32 [INFO] src.orchestrator: Processing batch of 5 artifacts concurrently
01:19:32 [INFO] src.orchestrator: Processing: domain=myaadhaar.uidai.gov.in (depth=2, queue_size=43)
01:19:32 [INFO] src.orchestrator: Processing: username=myaadhaar.uidai.gov.in (depth=2, queue_size=43)
01:19:32 [INFO] src.orchestrator: Processing: username=dayanidhi-r-512903b4 (depth=2, queue_size=43)
01:19:32 [WARNING] src.orchestrator: Unknown artifact type: domain
01:19:32 [INFO] src.orchestrator: Processing: platform_presence=https://medium.com/@dhayanidhi-r-830a8221a (depth=2, queue_size=43)
01:19:32 [INFO] src.orchestrator: Processing: platform_presence=https://www.pinterest.com/dhayanidhi-r-830a8221a/ (depth=2, queue_size=43)
01:19:32 [WARNING] urllib3.connectionpool: Retrying (Retry(total=0, connect=None, read=None, redirect=None, status=None)) after connection broken by 'RemoteDisconnected('Remote end closed connection without response')': /myaadhaar.uidai.gov.in
01:19:32 [WARNING] urllib3.connectionpool: Retrying (Retry(total=0, connect=None, read=None, redirect=None, status=None)) after connection broken by 'RemoteDisconnected('Remote end closed connection without response')': /in/myaadhaar.uidai.gov.in/
01:19:32 [WARNING] urllib3.connectionpool: Retrying (Retry(total=0, connect=None, read=None, redirect=None, status=None)) after connection broken by 'RemoteDisconnected('Remote end closed connection without response')': /myaadhaar.uidai.gov.in/
01:19:32 [WARNING] urllib3.connectionpool: Retrying (Retry(total=0, connect=None, read=None, redirect=None, status=None)) after connection broken by 'RemoteDisconnected('Remote end closed connection without response')': /@myaadhaar.uidai.gov.in
01:19:32 [WARNING] urllib3.connectionpool: Retrying (Retry(total=0, connect=None, read=None, redirect=None, status=None)) after connection broken by 'RemoteDisconnected('Remote end closed connection without response')': /myaadhaar.uidai.gov.in/
01:19:32 [WARNING] urllib3.connectionpool: Retrying (Retry(total=0, connect=None, read=None, redirect=None, status=None)) after connection broken by 'RemoteDisconnected('Remote end closed connection without response')': /user?id=myaadhaar.uidai.gov.in
01:19:32 [WARNING] urllib3.connectionpool: Retrying (Retry(total=0, connect=None, read=None, redirect=None, status=None)) after connection broken by 'RemoteDisconnected('Remote end closed connection without response')': /myaadhaar.uidai.gov.in
01:19:32 [WARNING] urllib3.connectionpool: Retrying (Retry(total=0, connect=None, read=None, redirect=None, status=None)) after connection broken by 'RemoteDisconnected('Remote end closed connection without response')': /api/v4/users?username=dayanidhi-r-512903b4
01:19:32 [WARNING] urllib3.connectionpool: Retrying (Retry(total=0, connect=None, read=None, redirect=None, status=None)) after connection broken by 'RemoteDisconnected('Remote end closed connection without response')': /dayanidhi-r-512903b4/
01:19:32 [ERROR] src.orchestrator: External tools processing failed for myaadhaar.uidai.gov.in: 'WhoisIntegration' object has no attribute 'search_username'
01:19:32 [INFO] src.plugins.builtins.profile_image_plugin: Extracting profile image from: https://www.pinterest.com/dhayanidhi-r-830a8221a/
01:19:32 [INFO] src.plugins.builtins.profile_image_plugin: Extracting profile image from: https://medium.com/@dhayanidhi-r-830a8221a
01:19:32 [WARNING] urllib3.connectionpool: Retrying (Retry(total=0, connect=None, read=None, redirect=None, status=None)) after connection broken by 'RemoteDisconnected('Remote end closed connection without response')': /user?id=dayanidhi-r-512903b4
01:19:33 [INFO] src.orchestrator: Plugin system processed 2 plugins, discovered 4 artifacts
01:19:33 [ERROR] src.modules.username_search: Exception checking GitLab: 'expected_status'
01:19:33 [WARNING] urllib3.connectionpool: Retrying (Retry(total=0, connect=None, read=None, redirect=None, status=None)) after connection broken by 'RemoteDisconnected('Remote end closed connection without response')': /id/myaadhaar.uidai.gov.in
01:19:33 [ERROR] src.modules.username_search: Exception checking Reddit: 'expected_status'
01:19:33 [WARNING] urllib3.connectionpool: Retrying (Retry(total=0, connect=None, read=None, redirect=None, status=None)) after connection broken by 'RemoteDisconnected('Remote end closed connection without response')': /@myaadhaar.uidai.gov.in
01:19:33 [WARNING] urllib3.connectionpool: Retrying (Retry(total=0, connect=None, read=None, redirect=None, status=None)) after connection broken by 'RemoteDisconnected('Remote end closed connection without response')': /id/dayanidhi-r-512903b4
01:19:33 [ERROR] src.modules.username_search: Exception checking Reddit: 'expected_status'
01:19:33 [ERROR] src.modules.username_search: Exception checking GitLab: 'expected_status'
01:19:33 [INFO] src.modules.username_search: Found myaadhaar.uidai.gov.in on Steam
01:19:33 [INFO] src.modules.username_search: Found dayanidhi-r-512903b4 on Steam
01:19:33 [INFO] src.modules.username_search: Found myaadhaar.uidai.gov.in on Mastodon
01:19:33 [INFO] src.modules.username_search: Found myaadhaar.uidai.gov.in on Medium
01:19:33 [INFO] src.modules.username_search: Found dayanidhi-r-512903b4 on Medium
01:19:33 [INFO] src.modules.username_search: Found dayanidhi-r-512903b4 on Instagram
01:19:33 [INFO] src.modules.username_search: Found myaadhaar.uidai.gov.in on HackerNews
01:19:33 [INFO] src.modules.username_search: Found dayanidhi-r-512903b4 on HackerNews
01:19:33 [INFO] src.orchestrator: Plugin system processed 1 plugins, discovered 0 artifacts
01:19:34 [INFO] src.modules.username_search: Found myaadhaar.uidai.gov.in on Instagram
01:19:34 [INFO] src.modules.username_search: Found dayanidhi-r-512903b4 on Pinterest
01:19:34 [INFO] src.modules.username_search: Username search complete: dayanidhi-r-512903b4 → found on 5/12 platforms
01:19:34 [INFO] src.modules.username_search: Found myaadhaar.uidai.gov.in on Pinterest
01:19:34 [INFO] src.modules.username_search: Username search complete: myaadhaar.uidai.gov.in → found on 6/12 platforms
01:19:34 [INFO] src.orchestrator: Plugin system processed 1 plugins, discovered 0 artifacts
01:19:36 [INFO] src.modules.google_dorks: Limiting patterns from 8 to 3 to avoid rate limiting
01:19:36 [INFO] src.modules.google_dorks: Searching for username 'dayanidhi-r-512903b4' with 3 dork patterns
01:19:36 [INFO] src.modules.google_dorks: Pattern 'simple_search' found 10 results
01:19:37 [INFO] src.modules.google_dorks: DuckDuckGo search found 0 results for pattern 'profile_pages'
01:19:37 [INFO] src.modules.google_dorks: DuckDuckGo search found 0 results for pattern 'social_platforms'
01:19:37 [WARNING] src.modules.google_dorks: Pattern 'profile_pages' failed: None
01:19:37 [WARNING] src.modules.google_dorks: Pattern 'social_platforms' failed: None
01:19:37 [INFO] src.modules.google_dorks: Google Dorks search discovered 21 artifacts
01:19:37 [INFO] src.orchestrator: Google Dorks found 21 artifacts for username dayanidhi-r-512903b4
01:19:37 [INFO] src.modules.google_dorks: Limiting patterns from 8 to 3 to avoid rate limiting
01:19:37 [INFO] src.modules.google_dorks: Searching for username 'dayanidhi-r-512903b4' with 3 dork patterns
01:19:37 [INFO] src.modules.username_search: Found dayanidhi-r-512903b4 on Medium
01:19:37 [INFO] src.modules.username_search: Found dayanidhi-r-512903b4 on HackerNews
01:19:37 [INFO] src.modules.username_search: Found dayanidhi-r-512903b4 on Instagram
01:19:37 [INFO] src.modules.username_search: Found dayanidhi-r-512903b4 on Pinterest
01:19:37 [INFO] src.modules.username_search: Found dayanidhi-r-512903b4 on Steam
01:19:37 [ERROR] src.modules.username_search: Exception checking Reddit: 'expected_status'
01:19:37 [ERROR] src.modules.username_search: Exception checking GitLab: 'expected_status'
01:19:37 [INFO] src.modules.username_search: Username search complete: dayanidhi-r-512903b4 → found on 5/12 platforms
01:19:38 [WARNING] src.modules.google_dorks: Google rate limited (429) for query: dayanidhi-r-512903b4
01:19:38 [WARNING] src.modules.google_dorks: Pattern 'simple_search' failed: Rate limited by Google (429)
01:19:38 [INFO] src.modules.google_dorks: Limiting patterns from 8 to 3 to avoid rate limiting
01:19:38 [INFO] src.modules.google_dorks: Searching for username 'myaadhaar.uidai.gov.in' with 3 dork patterns
01:19:38 [INFO] src.modules.google_dorks: Pattern 'simple_search' found 10 results
01:19:38 [INFO] src.modules.google_dorks: Pattern 'profile_pages' found 1 results
01:19:38 [INFO] src.modules.google_dorks: DuckDuckGo search found 0 results for pattern 'social_platforms'
01:19:38 [WARNING] src.modules.google_dorks: Pattern 'social_platforms' failed: None
01:19:38 [WARNING] src.modules.google_dorks: Limiting Google Dorks results from 11 to 10 to prevent exponential growth
01:19:38 [INFO] src.modules.google_dorks: Google Dorks search discovered 22 artifacts
01:19:38 [INFO] src.orchestrator: Google Dorks found 22 artifacts for username myaadhaar.uidai.gov.in
01:19:38 [INFO] src.modules.google_dorks: Limiting patterns from 8 to 3 to avoid rate limiting
01:19:38 [INFO] src.modules.google_dorks: Searching for username 'myaadhaar.uidai.gov.in' with 3 dork patterns
01:19:38 [INFO] src.modules.username_search: Found myaadhaar.uidai.gov.in on Instagram
01:19:38 [INFO] src.modules.username_search: Found myaadhaar.uidai.gov.in on Medium
01:19:38 [INFO] src.modules.username_search: Found myaadhaar.uidai.gov.in on HackerNews
01:19:38 [INFO] src.modules.username_search: Found myaadhaar.uidai.gov.in on Pinterest
01:19:38 [INFO] src.modules.username_search: Found myaadhaar.uidai.gov.in on Steam
01:19:38 [INFO] src.modules.username_search: Found myaadhaar.uidai.gov.in on Mastodon
01:19:38 [ERROR] src.modules.username_search: Exception checking GitLab: 'expected_status'
01:19:39 [WARNING] src.modules.google_dorks: Google rate limited (429) for query: myaadhaar.uidai.gov.in
01:19:39 [WARNING] src.modules.google_dorks: Pattern 'simple_search' failed: Rate limited by Google (429)
01:19:39 [ERROR] src.modules.username_search: Exception checking Reddit: 'expected_status'
01:19:39 [INFO] src.modules.username_search: Username search complete: myaadhaar.uidai.gov.in → found on 6/12 platforms
01:19:40 [WARNING] src.modules.google_dorks: Google rate limited (429) for query: site:twitter.com "dayanidhi-r-512903b4" OR site:linkedin.com "dayanidhi-r-512903b4" OR site:github.com "dayanidhi-r-512903b4" OR site:instagram.com "dayanidhi-r-512903b4"
01:19:40 [WARNING] src.modules.google_dorks: Pattern 'social_platforms' failed: Rate limited by Google (429)
01:19:41 [WARNING] src.modules.google_dorks: Google rate limited (429) for query: site:twitter.com "myaadhaar.uidai.gov.in" OR site:linkedin.com "myaadhaar.uidai.gov.in" OR site:github.com "myaadhaar.uidai.gov.in" OR site:instagram.com "myaadhaar.uidai.gov.in"
01:19:41 [WARNING] src.modules.google_dorks: Pattern 'social_platforms' failed: Rate limited by Google (429)
01:19:42 [WARNING] src.modules.google_dorks: Google rate limited (429) for query: intitle:"profile" "dayanidhi-r-512903b4" OR intitle:"user" "dayanidhi-r-512903b4"
01:19:42 [WARNING] src.modules.google_dorks: Pattern 'profile_pages' failed: Rate limited by Google (429)
01:19:42 [INFO] src.modules.google_dorks: Google Dorks search discovered 0 artifacts
01:19:42 [INFO] src.orchestrator: Plugin system processed 2 plugins, discovered 0 artifacts
01:19:43 [WARNING] src.modules.google_dorks: Google rate limited (429) for query: intitle:"profile" "myaadhaar.uidai.gov.in" OR intitle:"user" "myaadhaar.uidai.gov.in"
01:19:43 [WARNING] src.modules.google_dorks: Pattern 'profile_pages' failed: Rate limited by Google (429)
01:19:43 [INFO] src.modules.google_dorks: Google Dorks search discovered 0 artifacts
01:19:43 [INFO] src.orchestrator: Plugin system processed 2 plugins, discovered 0 artifacts
01:19:43 [INFO] src.orchestrator: BFS processing complete. Processed 172 artifacts
01:19:43 [INFO] src.orchestrator: Processing batch of 5 artifacts concurrently
01:19:43 [INFO] src.orchestrator: Processing: username=dhayanidhi.r.39 (depth=2, queue_size=38)
01:19:43 [INFO] src.orchestrator: Processing: platform_presence=https://news.ycombinator.com/user?id=dhayanidhi-r-5aa086296 (depth=2, queue_size=38)
01:19:43 [INFO] src.orchestrator: Processing: username=dayanidhi-r-9653391b5 (depth=2, queue_size=38)
01:19:43 [INFO] src.orchestrator: Processing: username=14127625 (depth=2, queue_size=38)
01:19:43 [INFO] src.orchestrator: Processing: domain=urbanpro.com (depth=2, queue_size=38)
01:19:43 [WARNING] src.orchestrator: Unknown artifact type: domain
01:19:43 [ERROR] src.orchestrator: External tools processing failed for urbanpro.com: 'WhoisIntegration' object has no attribute 'search_username'
01:19:43 [INFO] src.plugins.builtins.profile_image_plugin: Extracting profile image from: https://news.ycombinator.com/user?id=dhayanidhi-r-5aa086296
01:19:44 [ERROR] src.modules.username_search: Exception checking GitLab: 'expected_status'
01:19:44 [INFO] src.modules.username_search: Found 14127625 on Steam
01:19:44 [INFO] src.modules.username_search: Found dayanidhi-r-9653391b5 on Steam
01:19:44 [ERROR] src.modules.username_search: Exception checking GitLab: 'expected_status'
01:19:44 [INFO] src.modules.username_search: Found dhayanidhi.r.39 on Instagram
01:19:44 [INFO] src.modules.username_search: Found dayanidhi-r-9653391b5 on Instagram
01:19:44 [INFO] src.modules.username_search: Found dhayanidhi.r.39 on Medium
01:19:44 [INFO] src.modules.username_search: Found dayanidhi-r-9653391b5 on HackerNews
01:19:44 [INFO] src.modules.username_search: Found dhayanidhi.r.39 on HackerNews
01:19:44 [INFO] src.modules.username_search: Found 14127625 on Pinterest
01:19:44 [ERROR] src.modules.username_search: Exception checking GitLab: 'expected_status'
01:19:44 [INFO] src.orchestrator: Plugin system processed 2 plugins, discovered 10 artifacts
01:19:44 [INFO] src.modules.username_search: Found dayanidhi-r-9653391b5 on Pinterest
01:19:44 [INFO] src.modules.username_search: Found dhayanidhi.r.39 on Pinterest
01:19:44 [INFO] src.modules.username_search: Found dhayanidhi.r.39 on Steam
01:19:45 [ERROR] src.modules.username_search: Exception checking Reddit: 'expected_status'
01:19:45 [INFO] src.modules.username_search: Username search complete: dayanidhi-r-9653391b5 → found on 4/12 platforms
01:19:45 [INFO] src.modules.username_search: Found dhayanidhi.r.39 on Mastodon
01:19:45 [INFO] src.modules.username_search: Found 14127625 on Instagram
01:19:45 [ERROR] src.modules.username_search: Exception checking Reddit: 'expected_status'
01:19:45 [INFO] src.orchestrator: Plugin system processed 1 plugins, discovered 0 artifacts
01:19:45 [INFO] src.modules.username_search: Found 14127625 on HackerNews
01:19:45 [INFO] src.modules.username_search: Username search complete: 14127625 → found on 4/12 platforms
01:19:45 [ERROR] src.modules.username_search: Exception checking Reddit: 'expected_status'
01:19:45 [INFO] src.modules.username_search: Username search complete: dhayanidhi.r.39 → found on 6/12 platforms
01:19:47 [INFO] src.modules.google_dorks: Limiting patterns from 8 to 3 to avoid rate limiting
01:19:47 [INFO] src.modules.google_dorks: Searching for username 'dayanidhi-r-9653391b5' with 3 dork patterns
01:19:47 [INFO] src.modules.google_dorks: Pattern 'simple_search' found 10 results
01:19:47 [INFO] src.modules.google_dorks: Limiting patterns from 8 to 3 to avoid rate limiting
01:19:47 [INFO] src.modules.google_dorks: Searching for username '14127625' with 3 dork patterns
01:19:47 [INFO] src.modules.google_dorks: Pattern 'simple_search' found 10 results
01:19:47 [INFO] src.modules.google_dorks: DuckDuckGo search found 0 results for pattern 'social_platforms'
01:19:47 [INFO] src.modules.google_dorks: DuckDuckGo search found 0 results for pattern 'profile_pages'
01:19:47 [WARNING] src.modules.google_dorks: Pattern 'social_platforms' failed: None
01:19:47 [WARNING] src.modules.google_dorks: Pattern 'profile_pages' failed: None
01:19:47 [INFO] src.modules.google_dorks: Google Dorks search discovered 21 artifacts
01:19:47 [INFO] src.orchestrator: Google Dorks found 21 artifacts for username dayanidhi-r-9653391b5
01:19:47 [INFO] src.modules.google_dorks: Limiting patterns from 8 to 3 to avoid rate limiting
01:19:47 [INFO] src.modules.google_dorks: Searching for username 'dayanidhi-r-9653391b5' with 3 dork patterns
01:19:47 [INFO] src.modules.username_search: Found dayanidhi-r-9653391b5 on Instagram
01:19:47 [INFO] src.modules.username_search: Found dayanidhi-r-9653391b5 on HackerNews
01:19:47 [INFO] src.modules.username_search: Found dayanidhi-r-9653391b5 on Pinterest
01:19:47 [INFO] src.modules.username_search: Found dayanidhi-r-9653391b5 on Steam
01:19:48 [INFO] src.modules.google_dorks: DuckDuckGo search found 0 results for pattern 'social_platforms'
01:19:48 [WARNING] src.modules.google_dorks: Pattern 'social_platforms' failed: None
01:19:48 [INFO] src.modules.google_dorks: DuckDuckGo search found 0 results for pattern 'profile_pages'
01:19:48 [WARNING] src.modules.google_dorks: Pattern 'profile_pages' failed: None
01:19:48 [INFO] src.modules.google_dorks: Google Dorks search discovered 20 artifacts
01:19:48 [INFO] src.orchestrator: Google Dorks found 20 artifacts for username 14127625
01:19:48 [INFO] src.modules.google_dorks: Limiting patterns from 8 to 3 to avoid rate limiting
01:19:48 [INFO] src.modules.google_dorks: Searching for username '14127625' with 3 dork patterns
01:19:48 [INFO] src.modules.username_search: Found 14127625 on Pinterest
01:19:48 [INFO] src.modules.username_search: Found 14127625 on HackerNews
01:19:48 [INFO] src.modules.username_search: Found 14127625 on Steam
01:19:48 [INFO] src.modules.username_search: Found 14127625 on Instagram
01:19:48 [INFO] src.modules.google_dorks: Pattern 'social_platforms' found 1 results
01:19:48 [INFO] src.modules.google_dorks: Limiting patterns from 8 to 3 to avoid rate limiting
01:19:48 [INFO] src.modules.google_dorks: Searching for username 'dhayanidhi.r.39' with 3 dork patterns
01:19:48 [INFO] src.modules.google_dorks: Pattern 'simple_search' found 10 results
01:19:48 [ERROR] src.modules.username_search: Exception checking GitLab: 'expected_status'
01:19:48 [ERROR] src.modules.username_search: Exception checking GitLab: 'expected_status'
01:19:48 [INFO] src.modules.google_dorks: DuckDuckGo search found 0 results for pattern 'social_platforms'
01:19:48 [INFO] src.modules.google_dorks: DuckDuckGo search found 0 results for pattern 'profile_pages'
01:19:48 [WARNING] src.modules.google_dorks: Pattern 'social_platforms' failed: None
01:19:48 [WARNING] src.modules.google_dorks: Pattern 'profile_pages' failed: None
01:19:48 [ERROR] src.modules.username_search: Exception checking Reddit: 'expected_status'
01:19:48 [INFO] src.modules.google_dorks: Google Dorks search discovered 20 artifacts
01:19:48 [INFO] src.modules.username_search: Username search complete: 14127625 → found on 4/12 platforms
01:19:48 [INFO] src.orchestrator: Google Dorks found 20 artifacts for username dhayanidhi.r.39
01:19:48 [ERROR] src.modules.username_search: Exception checking Reddit: 'expected_status'
01:19:48 [INFO] src.modules.username_search: Username search complete: dayanidhi-r-9653391b5 → found on 4/12 platforms
01:19:48 [INFO] src.modules.google_dorks: Limiting patterns from 8 to 3 to avoid rate limiting
01:19:48 [INFO] src.modules.google_dorks: Searching for username 'dhayanidhi.r.39' with 3 dork patterns
01:19:48 [INFO] src.modules.username_search: Found dhayanidhi.r.39 on Instagram
01:19:48 [INFO] src.modules.username_search: Found dhayanidhi.r.39 on Medium
01:19:48 [INFO] src.modules.username_search: Found dhayanidhi.r.39 on HackerNews
01:19:48 [INFO] src.modules.username_search: Found dhayanidhi.r.39 on Pinterest
01:19:48 [INFO] src.modules.username_search: Found dhayanidhi.r.39 on Steam
01:19:48 [INFO] src.modules.username_search: Found dhayanidhi.r.39 on Mastodon
01:19:49 [WARNING] src.modules.google_dorks: Google rate limited (429) for query: dayanidhi-r-9653391b5
01:19:49 [WARNING] src.modules.google_dorks: Pattern 'simple_search' failed: Rate limited by Google (429)
01:19:49 [ERROR] src.modules.username_search: Exception checking Reddit: 'expected_status'
01:19:49 [ERROR] src.modules.username_search: Exception checking GitLab: 'expected_status'
01:19:49 [INFO] src.modules.username_search: Username search complete: dhayanidhi.r.39 → found on 6/12 platforms
01:19:49 [WARNING] src.modules.google_dorks: Google rate limited (429) for query: 14127625
01:19:49 [WARNING] src.modules.google_dorks: Pattern 'simple_search' failed: Rate limited by Google (429)
01:19:49 [WARNING] src.modules.google_dorks: Google rate limited (429) for query: dhayanidhi.r.39
01:19:49 [WARNING] src.modules.google_dorks: Pattern 'simple_search' failed: Rate limited by Google (429)
01:19:50 [WARNING] src.modules.google_dorks: Google rate limited (429) for query: site:twitter.com "dayanidhi-r-9653391b5" OR site:linkedin.com "dayanidhi-r-9653391b5" OR site:github.com "dayanidhi-r-9653391b5" OR site:instagram.com "dayanidhi-r-9653391b5"
01:19:50 [WARNING] src.modules.google_dorks: Pattern 'social_platforms' failed: Rate limited by Google (429)
01:19:51 [WARNING] src.modules.google_dorks: Google rate limited (429) for query: intitle:"profile" "14127625" OR intitle:"user" "14127625"
01:19:51 [WARNING] src.modules.google_dorks: Pattern 'profile_pages' failed: Rate limited by Google (429)
01:19:51 [INFO] src.modules.google_dorks: Google Dorks search discovered 2 artifacts
01:19:51 [INFO] src.orchestrator: Plugin system processed 2 plugins, discovered 2 artifacts
01:19:51 [WARNING] src.modules.google_dorks: Google rate limited (429) for query: site:twitter.com "dhayanidhi.r.39" OR site:linkedin.com "dhayanidhi.r.39" OR site:github.com "dhayanidhi.r.39" OR site:instagram.com "dhayanidhi.r.39"
01:19:51 [WARNING] src.modules.google_dorks: Pattern 'social_platforms' failed: Rate limited by Google (429)
01:19:52 [WARNING] src.modules.google_dorks: Google rate limited (429) for query: intitle:"profile" "dayanidhi-r-9653391b5" OR intitle:"user" "dayanidhi-r-9653391b5"
01:19:52 [WARNING] src.modules.google_dorks: Pattern 'profile_pages' failed: Rate limited by Google (429)
01:19:52 [INFO] src.modules.google_dorks: Google Dorks search discovered 0 artifacts
01:19:52 [INFO] src.orchestrator: Plugin system processed 2 plugins, discovered 0 artifacts
01:19:53 [WARNING] src.modules.google_dorks: Google rate limited (429) for query: intitle:"profile" "dhayanidhi.r.39" OR intitle:"user" "dhayanidhi.r.39"
01:19:53 [WARNING] src.modules.google_dorks: Pattern 'profile_pages' failed: Rate limited by Google (429)
01:19:53 [INFO] src.modules.google_dorks: Google Dorks search discovered 0 artifacts
01:19:53 [INFO] src.orchestrator: Plugin system processed 2 plugins, discovered 0 artifacts
01:19:53 [INFO] src.orchestrator: BFS processing complete. Processed 177 artifacts
01:19:53 [INFO] src.orchestrator: Processing batch of 5 artifacts concurrently
01:19:53 [INFO] src.orchestrator: Processing: platform_presence=https://steamcommunity.com/id/dhayanidhi-r-17b862238 (depth=2, queue_size=33)
01:19:53 [INFO] src.orchestrator: Processing: platform_presence=https://www.pinterest.com/dhayanidhi-r-5aa086296/ (depth=2, queue_size=33)
01:19:53 [INFO] src.orchestrator: Processing: platform_presence=https://steamcommunity.com/id/dhayanidhi-r-5aa086296 (depth=2, queue_size=33)
01:19:53 [INFO] src.orchestrator: Processing: platform_presence=https://www.instagram.com/dhayanidhi-r-5aa086296/ (depth=2, queue_size=33)
01:19:53 [INFO] src.orchestrator: Processing: platform_presence=https://medium.com/@dhayanidhi-r-5aa086296 (depth=2, queue_size=33)
01:19:53 [INFO] src.plugins.builtins.profile_image_plugin: Extracting profile image from: https://medium.com/@dhayanidhi-r-5aa086296
01:19:53 [INFO] src.plugins.builtins.profile_image_plugin: Extracting profile image from: https://www.instagram.com/dhayanidhi-r-5aa086296/
01:19:53 [INFO] src.plugins.builtins.profile_image_plugin: Extracting profile image from: https://www.pinterest.com/dhayanidhi-r-5aa086296/
01:19:53 [INFO] src.plugins.builtins.profile_image_plugin: Extracting profile image from: https://steamcommunity.com/id/dhayanidhi-r-5aa086296
01:19:53 [INFO] src.plugins.builtins.profile_image_plugin: Extracting profile image from: https://steamcommunity.com/id/dhayanidhi-r-17b862238
01:19:53 [INFO] src.orchestrator: Plugin system processed 1 plugins, discovered 0 artifacts
01:19:53 [INFO] src.orchestrator: Plugin system processed 1 plugins, discovered 0 artifacts
01:19:53 [INFO] src.orchestrator: Plugin system processed 1 plugins, discovered 0 artifacts
01:19:53 [INFO] src.orchestrator: Plugin system processed 1 plugins, discovered 0 artifacts
01:19:54 [INFO] src.orchestrator: Plugin system processed 1 plugins, discovered 0 artifacts
01:19:54 [INFO] src.orchestrator: BFS processing complete. Processed 182 artifacts
01:19:54 [INFO] src.orchestrator: Processing batch of 5 artifacts concurrently
01:19:54 [INFO] src.orchestrator: Processing: platform_presence=https://news.ycombinator.com/user?id=dhayanidhi-r-17b862238 (depth=2, queue_size=28)
01:19:54 [INFO] src.orchestrator: Processing: platform_presence=https://medium.com/@dhayanidhi-r-17b862238 (depth=2, queue_size=28)
01:19:54 [INFO] src.orchestrator: Processing: platform_presence=https://www.pinterest.com/dhayanidhi-r-17b862238/ (depth=2, queue_size=28)
01:19:54 [INFO] src.orchestrator: Processing: platform_presence=https://www.instagram.com/dhayanidhi-r-17b862238/ (depth=2, queue_size=28)
01:19:54 [INFO] src.orchestrator: Processing: username=dhayanidhi.r.37 (depth=2, queue_size=28)
01:19:54 [INFO] src.plugins.builtins.profile_image_plugin: Extracting profile image from: https://medium.com/@dhayanidhi-r-17b862238
01:19:54 [INFO] src.plugins.builtins.profile_image_plugin: Extracting profile image from: https://www.pinterest.com/dhayanidhi-r-17b862238/
01:19:54 [INFO] src.plugins.builtins.profile_image_plugin: Extracting profile image from: https://www.instagram.com/dhayanidhi-r-17b862238/
01:19:54 [INFO] src.plugins.builtins.profile_image_plugin: Extracting profile image from: https://news.ycombinator.com/user?id=dhayanidhi-r-17b862238
01:19:54 [ERROR] src.modules.username_search: Exception checking Reddit: 'expected_status'
01:19:54 [INFO] src.modules.username_search: Found dhayanidhi.r.37 on Instagram
01:19:54 [INFO] src.orchestrator: Plugin system processed 1 plugins, discovered 0 artifacts
01:19:54 [INFO] src.orchestrator: Plugin system processed 1 plugins, discovered 0 artifacts
01:19:54 [INFO] src.modules.username_search: Found dhayanidhi.r.37 on HackerNews
01:19:54 [INFO] src.modules.username_search: Found dhayanidhi.r.37 on Steam
01:19:54 [INFO] src.modules.username_search: Found dhayanidhi.r.37 on Medium
01:19:54 [INFO] src.orchestrator: Plugin system processed 1 plugins, discovered 0 artifacts
01:19:54 [INFO] src.modules.username_search: Found dhayanidhi.r.37 on Mastodon
01:19:54 [INFO] src.modules.username_search: Found dhayanidhi.r.37 on Pinterest
01:19:54 [INFO] src.orchestrator: Plugin system processed 1 plugins, discovered 0 artifacts
01:19:55 [ERROR] src.modules.username_search: Exception checking GitLab: 'expected_status'
01:19:55 [INFO] src.modules.username_search: Username search complete: dhayanidhi.r.37 → found on 6/12 platforms
01:19:57 [INFO] src.modules.google_dorks: Limiting patterns from 8 to 3 to avoid rate limiting
01:19:57 [INFO] src.modules.google_dorks: Searching for username 'dhayanidhi.r.37' with 3 dork patterns
01:19:57 [INFO] src.modules.google_dorks: Pattern 'simple_search' found 10 results
01:19:58 [INFO] src.modules.google_dorks: DuckDuckGo search found 0 results for pattern 'social_platforms'
01:19:58 [INFO] src.modules.google_dorks: DuckDuckGo search found 0 results for pattern 'profile_pages'
01:19:58 [WARNING] src.modules.google_dorks: Pattern 'social_platforms' failed: None
01:19:58 [WARNING] src.modules.google_dorks: Pattern 'profile_pages' failed: None
01:19:58 [INFO] src.modules.google_dorks: Google Dorks search discovered 20 artifacts
01:19:58 [INFO] src.orchestrator: Google Dorks found 20 artifacts for username dhayanidhi.r.37
01:19:58 [INFO] src.modules.google_dorks: Limiting patterns from 8 to 3 to avoid rate limiting
01:19:58 [INFO] src.modules.google_dorks: Searching for username 'dhayanidhi.r.37' with 3 dork patterns
01:19:58 [INFO] src.modules.username_search: Found dhayanidhi.r.37 on Medium
01:19:58 [INFO] src.modules.username_search: Found dhayanidhi.r.37 on Instagram
01:19:58 [INFO] src.modules.username_search: Found dhayanidhi.r.37 on HackerNews
01:19:58 [INFO] src.modules.username_search: Found dhayanidhi.r.37 on Pinterest
01:19:58 [INFO] src.modules.username_search: Found dhayanidhi.r.37 on Steam
01:19:58 [INFO] src.modules.username_search: Found dhayanidhi.r.37 on Mastodon
01:19:58 [ERROR] src.modules.username_search: Exception checking GitLab: 'expected_status'
01:19:58 [WARNING] src.modules.google_dorks: Google rate limited (429) for query: dhayanidhi.r.37
01:19:58 [WARNING] src.modules.google_dorks: Pattern 'simple_search' failed: Rate limited by Google (429)
01:19:58 [ERROR] src.modules.username_search: Exception checking Reddit: 'expected_status'
01:19:58 [INFO] src.modules.username_search: Username search complete: dhayanidhi.r.37 → found on 6/12 platforms
01:20:01 [WARNING] src.modules.google_dorks: Google rate limited (429) for query: site:twitter.com "dhayanidhi.r.37" OR site:linkedin.com "dhayanidhi.r.37" OR site:github.com "dhayanidhi.r.37" OR site:instagram.com "dhayanidhi.r.37"
01:20:01 [WARNING] src.modules.google_dorks: Pattern 'social_platforms' failed: Rate limited by Google (429)
01:20:02 [WARNING] src.modules.google_dorks: Google rate limited (429) for query: intitle:"profile" "dhayanidhi.r.37" OR intitle:"user" "dhayanidhi.r.37"
01:20:02 [WARNING] src.modules.google_dorks: Pattern 'profile_pages' failed: Rate limited by Google (429)
01:20:02 [INFO] src.modules.google_dorks: Google Dorks search discovered 0 artifacts
01:20:02 [INFO] src.orchestrator: Plugin system processed 2 plugins, discovered 0 artifacts
01:20:02 [INFO] src.orchestrator: BFS processing complete. Processed 187 artifacts
01:20:02 [INFO] src.orchestrator: Processing batch of 5 artifacts concurrently
01:20:02 [INFO] src.orchestrator: Processing: ip=192.178.158.139 (depth=2, queue_size=23)
01:20:02 [WARNING] src.orchestrator: Unknown artifact type: ip
01:20:02 [INFO] src.orchestrator: Processing: ip=192.178.158.101 (depth=2, queue_size=23)
01:20:02 [INFO] src.orchestrator: Processing: ip=192.178.158.113 (depth=2, queue_size=23)
01:20:02 [WARNING] src.orchestrator: Unknown artifact type: ip
01:20:02 [INFO] src.orchestrator: Processing: ip=192.178.158.102 (depth=2, queue_size=23)
01:20:02 [WARNING] src.orchestrator: Unknown artifact type: ip
01:20:02 [WARNING] src.orchestrator: Unknown artifact type: ip
01:20:02 [INFO] src.orchestrator: Processing: ip=192.178.158.100 (depth=2, queue_size=23)
01:20:02 [WARNING] src.orchestrator: Unknown artifact type: ip
01:20:03 [INFO] src.orchestrator: Plugin system processed 1 plugins, discovered 0 artifacts
01:20:03 [INFO] src.orchestrator: Plugin system processed 1 plugins, discovered 0 artifacts
01:20:03 [INFO] src.orchestrator: Plugin system processed 1 plugins, discovered 0 artifacts
01:20:03 [INFO] src.orchestrator: Plugin system processed 1 plugins, discovered 0 artifacts
01:20:03 [INFO] src.orchestrator: Plugin system processed 1 plugins, discovered 0 artifacts
01:20:03 [INFO] src.orchestrator: BFS processing complete. Processed 192 artifacts
01:20:03 [INFO] src.orchestrator: Processing batch of 5 artifacts concurrently
01:20:03 [INFO] src.orchestrator: Processing: ip=192.178.158.138 (depth=2, queue_size=18)
01:20:03 [WARNING] src.orchestrator: Unknown artifact type: ip
01:20:03 [INFO] src.orchestrator: Processing: platform_presence=https://www.instagram.com/websearch/ (depth=2, queue_size=18)
01:20:03 [INFO] src.orchestrator: Processing: image=https://avatars.githubusercontent.com/u/2688015?v=4 (depth=2, queue_size=18)
01:20:03 [INFO] src.orchestrator: Processing: platform_presence=https://github.com/webSearch (depth=2, queue_size=18)
01:20:03 [INFO] src.orchestrator: Processing: platform_presence=https://news.ycombinator.com/user?id=websearch (depth=2, queue_size=18)
01:20:03 [INFO] src.plugins.builtins.profile_image_plugin: Extracting profile image from: https://github.com/webSearch
01:20:03 [INFO] src.plugins.builtins.profile_image_plugin: Extracting profile image from: https://www.instagram.com/websearch/
01:20:03 [INFO] src.plugins.builtins.profile_image_plugin: Extracting profile image from: https://news.ycombinator.com/user?id=websearch
01:20:03 [WARNING] src.plugins.manager: No plugins available for artifact type: image
01:20:03 [INFO] src.orchestrator: Plugin system processed 0 plugins, discovered 0 artifacts
01:20:03 [INFO] src.orchestrator: Plugin system processed 1 plugins, discovered 0 artifacts
01:20:03 [INFO] src.orchestrator: Plugin system processed 1 plugins, discovered 0 artifacts
01:20:03 [INFO] src.orchestrator: Plugin system processed 1 plugins, discovered 0 artifacts
01:35:32 [INFO] src.plugins.builtins.profile_image_plugin: Found profile image for https://github.com/webSearch: https://avatars.githubusercontent.com/u/2688015?s=200&v=4
01:35:32 [INFO] src.orchestrator: Plugin system processed 1 plugins, discovered 1 artifacts
01:35:32 [INFO] src.orchestrator: BFS processing complete. Processed 197 artifacts
01:35:32 [INFO] src.orchestrator: Processing batch of 5 artifacts concurrently
01:35:32 [INFO] src.orchestrator: Processing: platform_presence=https://medium.com/@websearch (depth=2, queue_size=13)
01:35:32 [INFO] src.orchestrator: Processing: domain=search.yahoo.com (depth=2, queue_size=13)
01:35:32 [WARNING] src.orchestrator: Unknown artifact type: domain
01:35:32 [INFO] src.orchestrator: Processing: platform_presence=https://www.pinterest.com/websearch/ (depth=2, queue_size=13)
01:35:32 [INFO] src.orchestrator: Processing: username=search.yahoo.com (depth=2, queue_size=13)
01:35:32 [INFO] src.orchestrator: Processing: username=answer.google.com (depth=2, queue_size=13)
01:35:32 [WARNING] urllib3.connectionpool: Retrying (Retry(total=0, connect=None, read=None, redirect=None, status=None)) after connection broken by 'RemoteDisconnected('Remote end closed connection without response')': /in/search.yahoo.com/
01:35:32 [WARNING] urllib3.connectionpool: Retrying (Retry(total=0, connect=None, read=None, redirect=None, status=None)) after connection broken by 'RemoteDisconnected('Remote end closed connection without response')': /search.yahoo.com
01:35:32 [WARNING] urllib3.connectionpool: Retrying (Retry(total=0, connect=None, read=None, redirect=None, status=None)) after connection broken by 'RemoteDisconnected('Remote end closed connection without response')': /search.yahoo.com/
01:35:32 [WARNING] urllib3.connectionpool: Retrying (Retry(total=0, connect=None, read=None, redirect=None, status=None)) after connection broken by 'RemoteDisconnected('Remote end closed connection without response')': /@search.yahoo.com
01:35:32 [WARNING] urllib3.connectionpool: Retrying (Retry(total=0, connect=None, read=None, redirect=None, status=None)) after connection broken by 'RemoteDisconnected('Remote end closed connection without response')': /users/search.yahoo.com
01:35:32 [WARNING] urllib3.connectionpool: Retrying (Retry(total=0, connect=None, read=None, redirect=None, status=None)) after connection broken by 'RemoteDisconnected('Remote end closed connection without response')': /answer.google.com
01:35:32 [WARNING] urllib3.connectionpool: Retrying (Retry(total=0, connect=None, read=None, redirect=None, status=None)) after connection broken by 'RemoteDisconnected('Remote end closed connection without response')': /api/v4/users?username=search.yahoo.com
01:35:32 [WARNING] urllib3.connectionpool: Retrying (Retry(total=0, connect=None, read=None, redirect=None, status=None)) after connection broken by 'RemoteDisconnected('Remote end closed connection without response')': /search.yahoo.com/
01:35:32 [WARNING] urllib3.connectionpool: Retrying (Retry(total=0, connect=None, read=None, redirect=None, status=None)) after connection broken by 'RemoteDisconnected('Remote end closed connection without response')': /@answer.google.com
01:35:32 [WARNING] urllib3.connectionpool: Retrying (Retry(total=0, connect=None, read=None, redirect=None, status=None)) after connection broken by 'RemoteDisconnected('Remote end closed connection without response')': /in/answer.google.com/
01:35:32 [WARNING] urllib3.connectionpool: Retrying (Retry(total=0, connect=None, read=None, redirect=None, status=None)) after connection broken by 'RemoteDisconnected('Remote end closed connection without response')': /search.yahoo.com
01:35:32 [WARNING] urllib3.connectionpool: Retrying (Retry(total=0, connect=None, read=None, redirect=None, status=None)) after connection broken by 'RemoteDisconnected('Remote end closed connection without response')': /user?id=search.yahoo.com
01:35:32 [WARNING] urllib3.connectionpool: Retrying (Retry(total=0, connect=None, read=None, redirect=None, status=None)) after connection broken by 'RemoteDisconnected('Remote end closed connection without response')': /api/v4/users?username=answer.google.com
01:35:32 [WARNING] urllib3.connectionpool: Retrying (Retry(total=0, connect=None, read=None, redirect=None, status=None)) after connection broken by 'RemoteDisconnected('Remote end closed connection without response')': /answer.google.com/
01:35:32 [ERROR] src.orchestrator: External tools processing failed for search.yahoo.com: 'WhoisIntegration' object has no attribute 'search_username'
01:35:32 [WARNING] urllib3.connectionpool: Retrying (Retry(total=0, connect=None, read=None, redirect=None, status=None)) after connection broken by 'RemoteDisconnected('Remote end closed connection without response')': /answer.google.com/
01:35:32 [WARNING] urllib3.connectionpool: Retrying (Retry(total=0, connect=None, read=None, redirect=None, status=None)) after connection broken by 'RemoteDisconnected('Remote end closed connection without response')': /user?id=answer.google.com
01:35:32 [INFO] src.plugins.builtins.profile_image_plugin: Extracting profile image from: https://medium.com/@websearch
01:35:32 [INFO] src.plugins.builtins.profile_image_plugin: Extracting profile image from: https://www.pinterest.com/websearch/
01:35:32 [WARNING] urllib3.connectionpool: Retrying (Retry(total=0, connect=None, read=None, redirect=None, status=None)) after connection broken by 'RemoteDisconnected('Remote end closed connection without response')': /answer.google.com
01:35:32 [WARNING] urllib3.connectionpool: Retrying (Retry(total=0, connect=None, read=None, redirect=None, status=None)) after connection broken by 'RemoteDisconnected('Remote end closed connection without response')': /websearch/
01:35:32 [INFO] src.orchestrator: Plugin system processed 2 plugins, discovered 7 artifacts
01:35:32 [ERROR] src.modules.username_search: Exception checking Reddit: 'expected_status'
01:35:32 [WARNING] urllib3.connectionpool: Retrying (Retry(total=0, connect=None, read=None, redirect=None, status=None)) after connection broken by 'RemoteDisconnected('Remote end closed connection without response')': /id/answer.google.com
01:35:32 [WARNING] urllib3.connectionpool: Retrying (Retry(total=0, connect=None, read=None, redirect=None, status=None)) after connection broken by 'RemoteDisconnected('Remote end closed connection without response')': /id/search.yahoo.com
01:35:32 [ERROR] src.modules.username_search: Exception checking Reddit: 'expected_status'
01:35:32 [WARNING] urllib3.connectionpool: Retrying (Retry(total=0, connect=None, read=None, redirect=None, status=None)) after connection broken by 'RemoteDisconnected('Remote end closed connection without response')': /@search.yahoo.com
01:35:32 [WARNING] urllib3.connectionpool: Retrying (Retry(total=0, connect=None, read=None, redirect=None, status=None)) after connection broken by 'RemoteDisconnected('Remote end closed connection without response')': /@answer.google.com
01:35:32 [ERROR] src.modules.username_search: Exception checking GitLab: 'expected_status'
01:35:32 [ERROR] src.modules.username_search: Exception checking GitLab: 'expected_status'
01:35:32 [INFO] src.modules.username_search: Found answer.google.com on Medium
01:35:32 [INFO] src.modules.username_search: Found search.yahoo.com on Steam
01:35:32 [INFO] src.modules.username_search: Found answer.google.com on Steam
01:35:33 [INFO] src.modules.username_search: Found search.yahoo.com on Mastodon
01:35:33 [INFO] src.modules.username_search: Found search.yahoo.com on HackerNews
01:35:33 [INFO] src.modules.username_search: Found answer.google.com on HackerNews
01:35:33 [INFO] src.modules.username_search: Found answer.google.com on Pinterest
01:35:33 [INFO] src.modules.username_search: Found search.yahoo.com on Pinterest
01:35:33 [INFO] src.modules.username_search: Found answer.google.com on Instagram
01:35:33 [INFO] src.modules.username_search: Found search.yahoo.com on Instagram
01:35:33 [INFO] src.orchestrator: Plugin system processed 1 plugins, discovered 0 artifacts
01:35:33 [INFO] src.modules.username_search: Found search.yahoo.com on Medium
01:35:33 [INFO] src.modules.username_search: Username search complete: search.yahoo.com → found on 6/12 platforms
01:35:33 [INFO] src.modules.username_search: Found answer.google.com on Mastodon
01:35:33 [INFO] src.modules.username_search: Username search complete: answer.google.com → found on 6/12 platforms
01:35:33 [INFO] src.orchestrator: Plugin system processed 1 plugins, discovered 0 artifacts
01:35:35 [INFO] src.modules.google_dorks: Limiting patterns from 8 to 3 to avoid rate limiting
01:35:35 [INFO] src.modules.google_dorks: Searching for username 'search.yahoo.com' with 3 dork patterns
01:35:36 [INFO] src.modules.google_dorks: DuckDuckGo search found 0 results for pattern 'profile_pages'
01:35:36 [WARNING] src.modules.google_dorks: Pattern 'profile_pages' failed: None
01:35:36 [INFO] src.modules.google_dorks: DuckDuckGo search found 0 results for pattern 'simple_search'
01:35:36 [INFO] src.modules.google_dorks: DuckDuckGo search found 0 results for pattern 'social_platforms'
01:35:36 [WARNING] src.modules.google_dorks: Pattern 'simple_search' failed: None
01:35:36 [WARNING] src.modules.google_dorks: Pattern 'social_platforms' failed: None
01:35:36 [INFO] src.modules.google_dorks: Google Dorks search discovered 0 artifacts
01:35:36 [INFO] src.modules.google_dorks: Limiting patterns from 8 to 3 to avoid rate limiting
01:35:36 [INFO] src.modules.google_dorks: Searching for username 'search.yahoo.com' with 3 dork patterns
01:35:36 [INFO] src.modules.username_search: Found search.yahoo.com on Medium
01:35:36 [INFO] src.modules.username_search: Found search.yahoo.com on HackerNews
01:35:36 [INFO] src.modules.username_search: Found search.yahoo.com on Instagram
01:35:36 [INFO] src.modules.username_search: Found search.yahoo.com on Pinterest
01:35:36 [INFO] src.modules.username_search: Found search.yahoo.com on Steam
01:35:36 [INFO] src.modules.username_search: Found search.yahoo.com on Mastodon
01:35:36 [ERROR] src.modules.username_search: Exception checking GitLab: 'expected_status'
01:35:36 [ERROR] src.modules.username_search: Exception checking Reddit: 'expected_status'
01:35:36 [INFO] src.modules.username_search: Username search complete: search.yahoo.com → found on 6/12 platforms
01:35:36 [INFO] src.modules.google_dorks: Limiting patterns from 8 to 3 to avoid rate limiting
01:35:36 [INFO] src.modules.google_dorks: Searching for username 'answer.google.com' with 3 dork patterns
01:35:36 [INFO] src.modules.google_dorks: DuckDuckGo search found 0 results for pattern 'simple_search'
01:35:36 [WARNING] src.modules.google_dorks: Pattern 'simple_search' failed: None
01:35:36 [INFO] src.modules.google_dorks: DuckDuckGo search found 0 results for pattern 'social_platforms'
01:35:36 [WARNING] src.modules.google_dorks: Pattern 'social_platforms' failed: None
01:35:36 [INFO] src.modules.google_dorks: DuckDuckGo search found 0 results for pattern 'profile_pages'
01:35:36 [WARNING] src.modules.google_dorks: Pattern 'profile_pages' failed: None
01:35:36 [INFO] src.modules.google_dorks: Google Dorks search discovered 0 artifacts
01:35:36 [INFO] src.modules.google_dorks: Limiting patterns from 8 to 3 to avoid rate limiting
01:35:36 [INFO] src.modules.google_dorks: Searching for username 'answer.google.com' with 3 dork patterns
01:35:36 [INFO] src.modules.username_search: Found answer.google.com on Instagram
01:35:36 [INFO] src.modules.username_search: Found answer.google.com on Pinterest
01:35:36 [INFO] src.modules.username_search: Found answer.google.com on Medium
01:35:36 [INFO] src.modules.username_search: Found answer.google.com on HackerNews
01:35:36 [INFO] src.modules.username_search: Found answer.google.com on Mastodon
01:35:36 [INFO] src.modules.username_search: Found answer.google.com on Steam
01:35:36 [WARNING] src.modules.google_dorks: Google rate limited (429) for query: site:twitter.com "search.yahoo.com" OR site:linkedin.com "search.yahoo.com" OR site:github.com "search.yahoo.com" OR site:instagram.com "search.yahoo.com"
01:35:36 [WARNING] src.modules.google_dorks: Pattern 'social_platforms' failed: Rate limited by Google (429)
01:35:37 [ERROR] src.modules.username_search: Exception checking GitLab: 'expected_status'
01:35:37 [ERROR] src.modules.username_search: Exception checking Reddit: 'expected_status'
01:35:37 [INFO] src.modules.username_search: Username search complete: answer.google.com → found on 6/12 platforms
01:35:37 [WARNING] src.modules.google_dorks: Google rate limited (429) for query: answer.google.com
01:35:37 [WARNING] src.modules.google_dorks: Pattern 'simple_search' failed: Rate limited by Google (429)
01:35:38 [WARNING] src.modules.google_dorks: Google rate limited (429) for query: search.yahoo.com
01:35:38 [WARNING] src.modules.google_dorks: Pattern 'simple_search' failed: Rate limited by Google (429)
01:35:39 [WARNING] src.modules.google_dorks: Google rate limited (429) for query: site:twitter.com "answer.google.com" OR site:linkedin.com "answer.google.com" OR site:github.com "answer.google.com" OR site:instagram.com "answer.google.com"
01:35:39 [WARNING] src.modules.google_dorks: Pattern 'social_platforms' failed: Rate limited by Google (429)
01:35:40 [WARNING] src.modules.google_dorks: Google rate limited (429) for query: intitle:"profile" "search.yahoo.com" OR intitle:"user" "search.yahoo.com"
01:35:40 [WARNING] src.modules.google_dorks: Pattern 'profile_pages' failed: Rate limited by Google (429)
01:35:40 [INFO] src.modules.google_dorks: Google Dorks search discovered 0 artifacts
01:35:40 [INFO] src.orchestrator: Plugin system processed 2 plugins, discovered 0 artifacts
01:35:41 [WARNING] src.modules.google_dorks: Google rate limited (429) for query: intitle:"profile" "answer.google.com" OR intitle:"user" "answer.google.com"
01:35:41 [WARNING] src.modules.google_dorks: Pattern 'profile_pages' failed: Rate limited by Google (429)
01:35:41 [INFO] src.modules.google_dorks: Google Dorks search discovered 0 artifacts
01:35:41 [INFO] src.orchestrator: Plugin system processed 2 plugins, discovered 0 artifacts
01:35:41 [INFO] src.orchestrator: BFS processing complete. Processed 202 artifacts
01:35:41 [INFO] src.orchestrator: Processing batch of 5 artifacts concurrently
01:35:41 [INFO] src.orchestrator: Processing: username=open-webSearch (depth=2, queue_size=8)
01:35:41 [INFO] src.orchestrator: Processing: domain=answer.google.com (depth=2, queue_size=8)
01:35:41 [WARNING] src.orchestrator: Unknown artifact type: domain
01:35:41 [INFO] src.orchestrator: Processing: username=search.google (depth=2, queue_size=8)
01:35:41 [INFO] src.orchestrator: Processing: domain=search.google (depth=2, queue_size=8)
01:35:41 [WARNING] src.orchestrator: Unknown artifact type: domain
01:35:41 [INFO] src.orchestrator: Processing: username=10684626-enable-and-use-web-search (depth=2, queue_size=8)
01:35:41 [WARNING] urllib3.connectionpool: Retrying (Retry(total=0, connect=None, read=None, redirect=None, status=None)) after connection broken by 'RemoteDisconnected('Remote end closed connection without response')': /10684626-enable-and-use-web-search
01:35:41 [WARNING] urllib3.connectionpool: Retrying (Retry(total=0, connect=None, read=None, redirect=None, status=None)) after connection broken by 'RemoteDisconnected('Remote end closed connection without response')': /in/10684626-enable-and-use-web-search/
01:35:41 [ERROR] src.orchestrator: External tools processing failed for answer.google.com: 'WhoisIntegration' object has no attribute 'search_username'
01:35:41 [ERROR] src.orchestrator: External tools processing failed for search.google: 'WhoisIntegration' object has no attribute 'search_username'
01:35:41 [WARNING] urllib3.connectionpool: Retrying (Retry(total=0, connect=None, read=None, redirect=None, status=None)) after connection broken by 'RemoteDisconnected('Remote end closed connection without response')': /api/v4/users?username=10684626-enable-and-use-web-search
01:35:41 [WARNING] urllib3.connectionpool: Retrying (Retry(total=0, connect=None, read=None, redirect=None, status=None)) after connection broken by 'RemoteDisconnected('Remote end closed connection without response')': /10684626-enable-and-use-web-search
01:35:41 [WARNING] urllib3.connectionpool: Retrying (Retry(total=0, connect=None, read=None, redirect=None, status=None)) after connection broken by 'RemoteDisconnected('Remote end closed connection without response')': /user?id=10684626-enable-and-use-web-search
01:35:41 [WARNING] urllib3.connectionpool: Retrying (Retry(total=0, connect=None, read=None, redirect=None, status=None)) after connection broken by 'RemoteDisconnected('Remote end closed connection without response')': /10684626-enable-and-use-web-search/
01:35:41 [INFO] src.modules.username_search: Found search.google on Steam
01:35:41 [ERROR] src.modules.username_search: Exception checking GitLab: 'expected_status'
01:35:41 [ERROR] src.modules.username_search: Exception checking GitLab: 'expected_status'
01:35:41 [INFO] src.modules.username_search: Found 10684626-enable-and-use-web-search on Steam
01:35:41 [WARNING] urllib3.connectionpool: Retrying (Retry(total=0, connect=None, read=None, redirect=None, status=None)) after connection broken by 'RemoteDisconnected('Remote end closed connection without response')': /@10684626-enable-and-use-web-search
01:35:41 [ERROR] src.modules.username_search: Exception checking Reddit: 'expected_status'
01:35:41 [ERROR] src.modules.username_search: Exception checking Reddit: 'expected_status'
01:35:41 [INFO] src.modules.username_search: Found open-webSearch on HackerNews
01:35:41 [INFO] src.modules.username_search: Found search.google on HackerNews
01:35:41 [INFO] src.modules.username_search: Found open-webSearch on Instagram
01:35:41 [INFO] src.modules.username_search: Found 10684626-enable-and-use-web-search on Pinterest
01:35:41 [ERROR] src.modules.username_search: Exception checking GitLab: 'expected_status'
01:35:41 [INFO] src.modules.username_search: Found open-webSearch on Steam
01:35:41 [INFO] src.modules.username_search: Found search.google on Instagram
01:35:41 [INFO] src.modules.username_search: Found search.google on Pinterest
01:35:42 [INFO] src.modules.username_search: Found 10684626-enable-and-use-web-search on Instagram
01:35:42 [INFO] src.orchestrator: Plugin system processed 2 plugins, discovered 12 artifacts
01:35:42 [ERROR] src.modules.username_search: Exception checking Reddit: 'expected_status'
01:35:42 [INFO] src.orchestrator: Plugin system processed 2 plugins, discovered 10 artifacts
01:35:42 [INFO] src.modules.username_search: Found 10684626-enable-and-use-web-search on HackerNews
01:35:42 [INFO] src.modules.username_search: Found open-webSearch on Medium
01:35:42 [INFO] src.modules.username_search: Found open-webSearch on Pinterest
01:35:42 [INFO] src.modules.username_search: Username search complete: open-webSearch → found on 5/12 platforms
01:35:42 [INFO] src.modules.username_search: Username search complete: 10684626-enable-and-use-web-search → found on 4/12 platforms
01:35:45 [INFO] src.modules.google_dorks: Limiting patterns from 8 to 3 to avoid rate limiting
01:35:45 [INFO] src.modules.google_dorks: Searching for username 'open-webSearch' with 3 dork patterns
01:35:45 [INFO] src.modules.google_dorks: Limiting patterns from 8 to 3 to avoid rate limiting
01:35:45 [INFO] src.modules.google_dorks: Searching for username '10684626-enable-and-use-web-search' with 3 dork patterns
01:35:45 [INFO] src.modules.google_dorks: Pattern 'simple_search' found 10 results
01:35:45 [INFO] src.modules.google_dorks: DuckDuckGo search found 0 results for pattern 'profile_pages'
01:35:45 [INFO] src.modules.google_dorks: DuckDuckGo search found 0 results for pattern 'social_platforms'
01:35:45 [INFO] src.modules.google_dorks: DuckDuckGo search found 0 results for pattern 'simple_search'
01:35:45 [INFO] src.modules.google_dorks: DuckDuckGo search found 0 results for pattern 'profile_pages'
01:35:45 [WARNING] src.modules.google_dorks: Pattern 'social_platforms' failed: None
01:35:45 [WARNING] src.modules.google_dorks: Pattern 'profile_pages' failed: None
01:35:45 [INFO] src.modules.google_dorks: DuckDuckGo search found 0 results for pattern 'social_platforms'
01:35:45 [WARNING] src.modules.google_dorks: Pattern 'profile_pages' failed: None
01:35:45 [WARNING] src.modules.google_dorks: Pattern 'simple_search' failed: None
01:35:45 [WARNING] src.modules.google_dorks: Pattern 'social_platforms' failed: None
01:35:45 [INFO] src.modules.google_dorks: Google Dorks search discovered 20 artifacts
01:35:45 [INFO] src.orchestrator: Google Dorks found 20 artifacts for username 10684626-enable-and-use-web-search
01:35:45 [INFO] src.modules.google_dorks: Google Dorks search discovered 0 artifacts
01:35:45 [INFO] src.modules.google_dorks: Limiting patterns from 8 to 3 to avoid rate limiting
01:35:45 [INFO] src.modules.google_dorks: Searching for username 'open-webSearch' with 3 dork patterns
01:35:45 [INFO] src.modules.username_search: Found open-webSearch on HackerNews
01:35:45 [INFO] src.modules.username_search: Found open-webSearch on Instagram
01:35:45 [INFO] src.modules.username_search: Found open-webSearch on Medium
01:35:45 [INFO] src.modules.username_search: Found open-webSearch on Pinterest
01:35:45 [INFO] src.modules.username_search: Found open-webSearch on Steam
01:35:45 [INFO] src.modules.google_dorks: Limiting patterns from 8 to 3 to avoid rate limiting
01:35:45 [INFO] src.modules.google_dorks: Searching for username '10684626-enable-and-use-web-search' with 3 dork patterns
01:35:45 [INFO] src.modules.username_search: Found 10684626-enable-and-use-web-search on Instagram
01:35:45 [INFO] src.modules.username_search: Found 10684626-enable-and-use-web-search on HackerNews
01:35:45 [INFO] src.modules.username_search: Found 10684626-enable-and-use-web-search on Pinterest
01:35:45 [INFO] src.modules.username_search: Found 10684626-enable-and-use-web-search on Steam
01:35:45 [ERROR] src.modules.username_search: Exception checking GitLab: 'expected_status'
01:35:46 [ERROR] src.modules.username_search: Exception checking Reddit: 'expected_status'
01:35:46 [ERROR] src.modules.username_search: Exception checking Reddit: 'expected_status'
01:35:46 [INFO] src.modules.username_search: Username search complete: 10684626-enable-and-use-web-search → found on 4/12 platforms
01:35:46 [ERROR] src.modules.username_search: Exception checking GitLab: 'expected_status'
01:35:46 [INFO] src.modules.username_search: Username search complete: open-webSearch → found on 5/12 platforms
01:35:46 [WARNING] src.modules.google_dorks: Google rate limited (429) for query: open-webSearch
01:35:46 [WARNING] src.modules.google_dorks: Google rate limited (429) for query: 10684626-enable-and-use-web-search
01:35:46 [WARNING] src.modules.google_dorks: Pattern 'simple_search' failed: Rate limited by Google (429)
01:35:46 [WARNING] src.modules.google_dorks: Pattern 'simple_search' failed: Rate limited by Google (429)
01:35:48 [WARNING] src.modules.google_dorks: Google rate limited (429) for query: intitle:"profile" "10684626-enable-and-use-web-search" OR intitle:"user" "10684626-enable-and-use-web-search"
01:35:48 [WARNING] src.modules.google_dorks: Google rate limited (429) for query: site:twitter.com "open-webSearch" OR site:linkedin.com "open-webSearch" OR site:github.com "open-webSearch" OR site:instagram.com "open-webSearch"
01:35:48 [WARNING] src.modules.google_dorks: Pattern 'profile_pages' failed: Rate limited by Google (429)
01:35:48 [WARNING] src.modules.google_dorks: Pattern 'social_platforms' failed: Rate limited by Google (429)
01:35:51 [WARNING] src.modules.google_dorks: Google rate limited (429) for query: intitle:"profile" "open-webSearch" OR intitle:"user" "open-webSearch"
01:35:51 [WARNING] src.modules.google_dorks: Google rate limited (429) for query: site:twitter.com "10684626-enable-and-use-web-search" OR site:linkedin.com "10684626-enable-and-use-web-search" OR site:github.com "10684626-enable-and-use-web-search" OR site:instagram.com "10684626-enable-and-use-web-search"
01:35:51 [WARNING] src.modules.google_dorks: Pattern 'profile_pages' failed: Rate limited by Google (429)
01:35:51 [WARNING] src.modules.google_dorks: Pattern 'social_platforms' failed: Rate limited by Google (429)
01:35:51 [INFO] src.modules.google_dorks: Google Dorks search discovered 0 artifacts
01:35:51 [INFO] src.modules.google_dorks: Google Dorks search discovered 0 artifacts
01:35:51 [INFO] src.orchestrator: Plugin system processed 2 plugins, discovered 0 artifacts
01:35:51 [INFO] src.orchestrator: Plugin system processed 2 plugins, discovered 0 artifacts
01:35:51 [WARNING] urllib3.connectionpool: Retrying (Retry(total=0, connect=None, read=None, redirect=None, status=None)) after connection broken by 'ReadTimeoutError("HTTPSConnectionPool(host='mastodon.social', port=443): Read timed out. (read timeout=10)")': /@search.google
01:36:01 [INFO] src.modules.username_search: Username search complete: search.google → found on 4/12 platforms
01:36:03 [INFO] src.modules.google_dorks: Limiting patterns from 8 to 3 to avoid rate limiting
01:36:03 [INFO] src.modules.google_dorks: Searching for username 'search.google' with 3 dork patterns
01:36:03 [INFO] src.modules.google_dorks: Pattern 'simple_search' found 10 results
01:36:03 [INFO] src.modules.google_dorks: DuckDuckGo search found 0 results for pattern 'profile_pages'
01:36:03 [WARNING] src.modules.google_dorks: Pattern 'profile_pages' failed: None
01:36:03 [INFO] src.modules.google_dorks: DuckDuckGo search found 0 results for pattern 'social_platforms'
01:36:03 [WARNING] src.modules.google_dorks: Pattern 'social_platforms' failed: None
01:36:03 [INFO] src.modules.google_dorks: Google Dorks search discovered 20 artifacts
01:36:03 [INFO] src.orchestrator: Google Dorks found 20 artifacts for username search.google
01:36:03 [INFO] src.modules.google_dorks: Limiting patterns from 8 to 3 to avoid rate limiting
01:36:03 [INFO] src.modules.google_dorks: Searching for username 'search.google' with 3 dork patterns
01:36:03 [INFO] src.modules.username_search: Found search.google on HackerNews
01:36:03 [INFO] src.modules.username_search: Found search.google on Instagram
01:36:03 [INFO] src.modules.username_search: Found search.google on Pinterest
01:36:03 [INFO] src.modules.username_search: Found search.google on Steam
01:36:04 [ERROR] src.modules.username_search: Exception checking Reddit: 'expected_status'
01:36:04 [ERROR] src.modules.username_search: Exception checking GitLab: 'expected_status'
01:36:04 [INFO] src.modules.username_search: Username search complete: search.google → found on 4/12 platforms
01:36:04 [WARNING] src.modules.google_dorks: Google rate limited (429) for query: search.google
01:36:04 [WARNING] src.modules.google_dorks: Pattern 'simple_search' failed: Rate limited by Google (429)
01:36:06 [WARNING] src.modules.google_dorks: Google rate limited (429) for query: site:twitter.com "search.google" OR site:linkedin.com "search.google" OR site:github.com "search.google" OR site:instagram.com "search.google"
01:36:06 [WARNING] src.modules.google_dorks: Pattern 'social_platforms' failed: Rate limited by Google (429)
01:36:08 [WARNING] src.modules.google_dorks: Google rate limited (429) for query: intitle:"profile" "search.google" OR intitle:"user" "search.google"
01:36:08 [WARNING] src.modules.google_dorks: Pattern 'profile_pages' failed: Rate limited by Google (429)
01:36:08 [INFO] src.modules.google_dorks: Google Dorks search discovered 0 artifacts
01:36:08 [INFO] src.orchestrator: Plugin system processed 2 plugins, discovered 0 artifacts
01:36:08 [INFO] src.orchestrator: BFS processing complete. Processed 207 artifacts
01:36:08 [INFO] src.orchestrator: Processing batch of 5 artifacts concurrently
01:36:08 [INFO] src.orchestrator: Processing: domain=support.claude.com (depth=2, queue_size=3)
01:36:08 [INFO] src.orchestrator: Processing: username=?hl=en (depth=2, queue_size=3)
01:36:08 [WARNING] src.orchestrator: Unknown artifact type: domain
01:36:08 [INFO] src.orchestrator: Processing: username=www.dogpile.com (depth=2, queue_size=3)
01:36:08 [INFO] src.orchestrator: Processing: username=InteractiveLogin?service=safesearchlock (depth=2, queue_size=3)
01:36:08 [INFO] src.orchestrator: Processing: domain=dogpile.com (depth=2, queue_size=3)
01:36:08 [WARNING] src.orchestrator: Unknown artifact type: domain
01:36:08 [ERROR] src.orchestrator: External tools processing failed for support.claude.com: 'WhoisIntegration' object has no attribute 'search_username'
01:36:08 [ERROR] src.orchestrator: External tools processing failed for dogpile.com: 'WhoisIntegration' object has no attribute 'search_username'
01:36:08 [ERROR] src.modules.username_search: Exception checking Reddit: 'expected_status'
01:36:08 [ERROR] src.modules.username_search: Exception checking Reddit: 'expected_status'
01:36:08 [INFO] src.orchestrator: Plugin system processed 2 plugins, discovered 1 artifacts
01:36:08 [ERROR] src.modules.username_search: Exception checking GitLab: 'expected_status'
01:36:08 [INFO] src.modules.username_search: Found ?hl=en on Steam
01:36:08 [ERROR] src.modules.username_search: Exception checking GitLab: 'expected_status'
01:36:08 [ERROR] src.modules.username_search: Exception checking Reddit: 'expected_status'
01:36:08 [INFO] src.modules.username_search: Found ?hl=en on Instagram
01:36:08 [ERROR] src.modules.username_search: Exception checking GitLab: 'expected_status'
01:36:08 [INFO] src.modules.username_search: Found www.dogpile.com on Instagram
01:36:08 [INFO] src.modules.username_search: Found InteractiveLogin?service=safesearchlock on Steam
01:36:09 [INFO] src.modules.username_search: Found ?hl=en on Keybase
01:36:09 [INFO] src.modules.username_search: Found InteractiveLogin?service=safesearchlock on HackerNews
01:36:09 [INFO] src.modules.username_search: Found ?hl=en on HackerNews
01:36:09 [INFO] src.modules.username_search: Found www.dogpile.com on HackerNews
01:36:09 [INFO] src.modules.username_search: Found www.dogpile.com on Steam
01:36:09 [INFO] src.orchestrator: Plugin system processed 2 plugins, discovered 11 artifacts
01:36:09 [INFO] src.modules.username_search: Found www.dogpile.com on Mastodon
01:36:09 [INFO] src.modules.username_search: Found InteractiveLogin?service=safesearchlock on Instagram
01:36:09 [INFO] src.modules.username_search: Found www.dogpile.com on Medium
01:36:09 [INFO] src.modules.username_search: Found ?hl=en on Pinterest
01:36:09 [INFO] src.modules.username_search: Username search complete: ?hl=en → found on 5/12 platforms
01:36:09 [INFO] src.modules.username_search: Found InteractiveLogin?service=safesearchlock on Medium
01:36:09 [INFO] src.modules.username_search: Username search complete: InteractiveLogin?service=safesearchlock → found on 4/12 platforms
01:36:09 [INFO] src.modules.username_search: Found www.dogpile.com on Pinterest
01:36:09 [INFO] src.modules.username_search: Username search complete: www.dogpile.com → found on 6/12 platforms
01:36:10 [INFO] src.modules.google_dorks: Limiting patterns from 8 to 3 to avoid rate limiting
01:36:10 [INFO] src.modules.google_dorks: Searching for username 'InteractiveLogin?service=safesearchlock' with 3 dork patterns
01:36:10 [INFO] src.modules.google_dorks: Pattern 'simple_search' found 10 results
01:36:11 [INFO] src.modules.google_dorks: DuckDuckGo search found 0 results for pattern 'social_platforms'
01:36:11 [INFO] src.modules.google_dorks: DuckDuckGo search found 0 results for pattern 'profile_pages'
01:36:11 [WARNING] src.modules.google_dorks: Pattern 'social_platforms' failed: None
01:36:11 [WARNING] src.modules.google_dorks: Pattern 'profile_pages' failed: None
01:36:11 [INFO] src.modules.google_dorks: Google Dorks search discovered 20 artifacts
01:36:11 [INFO] src.orchestrator: Google Dorks found 20 artifacts for username InteractiveLogin?service=safesearchlock
01:36:11 [INFO] src.modules.google_dorks: Limiting patterns from 8 to 3 to avoid rate limiting
01:36:11 [INFO] src.modules.google_dorks: Searching for username 'InteractiveLogin?service=safesearchlock' with 3 dork patterns
01:36:11 [INFO] src.modules.username_search: Found InteractiveLogin?service=safesearchlock on HackerNews
01:36:11 [INFO] src.modules.username_search: Found InteractiveLogin?service=safesearchlock on Medium
01:36:11 [INFO] src.modules.username_search: Found InteractiveLogin?service=safesearchlock on Instagram
01:36:11 [INFO] src.modules.username_search: Found InteractiveLogin?service=safesearchlock on Steam
01:36:11 [ERROR] src.modules.username_search: Exception checking Reddit: 'expected_status'
01:36:11 [INFO] src.modules.google_dorks: Limiting patterns from 8 to 3 to avoid rate limiting
01:36:11 [INFO] src.modules.google_dorks: Searching for username '?hl=en' with 3 dork patterns
01:36:11 [INFO] src.modules.google_dorks: DuckDuckGo search found 0 results for pattern 'social_platforms'
01:36:11 [INFO] src.modules.google_dorks: DuckDuckGo search found 0 results for pattern 'profile_pages'
01:36:11 [WARNING] src.modules.google_dorks: Pattern 'social_platforms' failed: None
01:36:11 [INFO] src.modules.google_dorks: DuckDuckGo search found 0 results for pattern 'simple_search'
01:36:11 [WARNING] src.modules.google_dorks: Pattern 'profile_pages' failed: None
01:36:11 [WARNING] src.modules.google_dorks: Pattern 'simple_search' failed: None
01:36:11 [INFO] src.modules.google_dorks: Google Dorks search discovered 0 artifacts
01:36:11 [INFO] src.modules.google_dorks: Limiting patterns from 8 to 3 to avoid rate limiting
01:36:11 [INFO] src.modules.google_dorks: Searching for username '?hl=en' with 3 dork patterns
01:36:11 [INFO] src.modules.username_search: Found ?hl=en on Instagram
01:36:11 [INFO] src.modules.username_search: Found ?hl=en on HackerNews
01:36:11 [INFO] src.modules.username_search: Found ?hl=en on Keybase
01:36:11 [INFO] src.modules.username_search: Found ?hl=en on Pinterest
01:36:11 [INFO] src.modules.username_search: Found ?hl=en on Steam
01:36:11 [ERROR] src.modules.username_search: Exception checking GitLab: 'expected_status'
01:36:11 [INFO] src.modules.username_search: Username search complete: InteractiveLogin?service=safesearchlock → found on 4/12 platforms
01:36:11 [ERROR] src.modules.username_search: Exception checking Reddit: 'expected_status'
01:36:11 [ERROR] src.modules.username_search: Exception checking GitLab: 'expected_status'
01:36:11 [INFO] src.modules.username_search: Username search complete: ?hl=en → found on 5/12 platforms
01:51:12 [ERROR] src.modules.google_dorks: Web scraping search failed: ('Connection aborted.', RemoteDisconnected('Remote end closed connection without response'))
01:51:12 [WARNING] src.modules.google_dorks: Pattern 'simple_search' failed: ('Connection aborted.', RemoteDisconnected('Remote end closed connection without response'))
01:51:13 [WARNING] src.modules.google_dorks: Google rate limited (429) for query: site:twitter.com "InteractiveLogin?service=safesearchlock" OR site:linkedin.com "InteractiveLogin?service=safesearchlock" OR site:github.com "InteractiveLogin?service=safesearchlock" OR site:instagram.com "InteractiveLogin?service=safesearchlock"
01:51:13 [WARNING] src.modules.google_dorks: Pattern 'social_platforms' failed: Rate limited by Google (429)
01:51:14 [WARNING] src.modules.google_dorks: Google rate limited (429) for query: site:twitter.com "?hl=en" OR site:linkedin.com "?hl=en" OR site:github.com "?hl=en" OR site:instagram.com "?hl=en"
01:51:14 [WARNING] src.modules.google_dorks: Pattern 'social_platforms' failed: Rate limited by Google (429)
01:51:16 [WARNING] src.modules.google_dorks: Google rate limited (429) for query: intitle:"profile" "InteractiveLogin?service=safesearchlock" OR intitle:"user" "InteractiveLogin?service=safesearchlock"
01:51:16 [WARNING] src.modules.google_dorks: Google rate limited (429) for query: intitle:"profile" "?hl=en" OR intitle:"user" "?hl=en"
01:51:16 [WARNING] src.modules.google_dorks: Pattern 'profile_pages' failed: Rate limited by Google (429)
01:51:16 [INFO] src.modules.google_dorks: Google Dorks search discovered 0 artifacts
01:51:16 [WARNING] src.modules.google_dorks: Pattern 'profile_pages' failed: Rate limited by Google (429)
01:51:16 [INFO] src.orchestrator: Plugin system processed 2 plugins, discovered 0 artifacts
01:51:21 [WARNING] urllib3.connectionpool: Retrying (Retry(total=0, connect=None, read=None, redirect=None, status=None)) after connection broken by 'ReadTimeoutError("HTTPSConnectionPool(host='www.pinterest.com', port=443): Read timed out. (read timeout=10)")': /www.dogpile.com/
01:51:22 [INFO] src.modules.google_dorks: Limiting patterns from 8 to 3 to avoid rate limiting
01:51:22 [INFO] src.modules.google_dorks: Searching for username 'www.dogpile.com' with 3 dork patterns
01:51:22 [INFO] src.modules.google_dorks: DuckDuckGo search found 0 results for pattern 'social_platforms'
01:51:22 [WARNING] src.modules.google_dorks: Pattern 'social_platforms' failed: None
01:51:22 [INFO] src.modules.google_dorks: DuckDuckGo search found 0 results for pattern 'simple_search'
01:51:22 [INFO] src.modules.google_dorks: DuckDuckGo search found 0 results for pattern 'profile_pages'
01:51:22 [WARNING] src.modules.google_dorks: Pattern 'simple_search' failed: None
01:51:22 [WARNING] src.modules.google_dorks: Pattern 'profile_pages' failed: None
01:51:22 [INFO] src.modules.google_dorks: Google Dorks search discovered 0 artifacts
01:51:22 [INFO] src.modules.google_dorks: Limiting patterns from 8 to 3 to avoid rate limiting
01:51:22 [INFO] src.modules.google_dorks: Searching for username 'www.dogpile.com' with 3 dork patterns
01:51:22 [INFO] src.modules.username_search: Found www.dogpile.com on HackerNews
01:51:22 [INFO] src.modules.username_search: Found www.dogpile.com on Instagram
01:51:22 [INFO] src.modules.username_search: Found www.dogpile.com on Medium
01:51:22 [INFO] src.modules.username_search: Found www.dogpile.com on Pinterest
01:51:22 [INFO] src.modules.username_search: Found www.dogpile.com on Steam
01:51:22 [INFO] src.modules.username_search: Found www.dogpile.com on Mastodon
01:51:22 [WARNING] urllib3.connectionpool: Retrying (Retry(total=0, connect=None, read=None, redirect=None, status=None)) after connection broken by 'RemoteDisconnected('Remote end closed connection without response')': /api/v4/users?username=www.dogpile.com
01:51:22 [ERROR] src.modules.username_search: Exception checking Reddit: 'expected_status'
01:51:22 [ERROR] src.modules.username_search: Exception checking GitLab: 'expected_status'
01:51:22 [INFO] src.modules.username_search: Username search complete: www.dogpile.com → found on 6/12 platforms
01:51:22 [WARNING] src.modules.google_dorks: Google rate limited (429) for query: www.dogpile.com
01:51:22 [WARNING] src.modules.google_dorks: Pattern 'simple_search' failed: Rate limited by Google (429)
01:51:24 [WARNING] src.modules.google_dorks: Google rate limited (429) for query: site:twitter.com "www.dogpile.com" OR site:linkedin.com "www.dogpile.com" OR site:github.com "www.dogpile.com" OR site:instagram.com "www.dogpile.com"
01:51:24 [WARNING] src.modules.google_dorks: Pattern 'social_platforms' failed: Rate limited by Google (429)
01:51:27 [WARNING] src.modules.google_dorks: Google rate limited (429) for query: intitle:"profile" "www.dogpile.com" OR intitle:"user" "www.dogpile.com"
01:51:27 [WARNING] src.modules.google_dorks: Pattern 'profile_pages' failed: Rate limited by Google (429)
01:51:27 [INFO] src.modules.google_dorks: Google Dorks search discovered 0 artifacts
01:51:27 [INFO] src.orchestrator: Plugin system processed 2 plugins, discovered 0 artifacts
01:51:28 [ERROR] src.modules.google_dorks: Web scraping search failed: ('Connection aborted.', RemoteDisconnected('Remote end closed connection without response'))
01:51:28 [WARNING] src.modules.google_dorks: Pattern 'simple_search' failed: ('Connection aborted.', RemoteDisconnected('Remote end closed connection without response'))
01:51:28 [INFO] src.modules.google_dorks: Google Dorks search discovered 0 artifacts
01:51:28 [INFO] src.orchestrator: Plugin system processed 2 plugins, discovered 0 artifacts
01:51:28 [INFO] src.orchestrator: BFS processing complete. Processed 212 artifacts
01:51:28 [INFO] src.orchestrator: Processing batch of 3 artifacts concurrently
01:51:28 [INFO] src.orchestrator: Processing: username=advanced_search (depth=2, queue_size=0)
01:51:28 [INFO] src.orchestrator: Processing: username=en-IN (depth=2, queue_size=0)
01:51:28 [INFO] src.orchestrator: Processing: domain=google.com (depth=2, queue_size=0)
01:51:28 [WARNING] src.orchestrator: Unknown artifact type: domain
01:51:28 [WARNING] urllib3.connectionpool: Retrying (Retry(total=0, connect=None, read=None, redirect=None, status=None)) after connection broken by 'RemoteDisconnected('Remote end closed connection without response')': /advanced_search/
01:51:28 [WARNING] urllib3.connectionpool: Retrying (Retry(total=0, connect=None, read=None, redirect=None, status=None)) after connection broken by 'RemoteDisconnected('Remote end closed connection without response')': /user?id=advanced_search
01:51:28 [WARNING] urllib3.connectionpool: Retrying (Retry(total=0, connect=None, read=None, redirect=None, status=None)) after connection broken by 'RemoteDisconnected('Remote end closed connection without response')': /en-IN/
01:51:28 [ERROR] src.orchestrator: External tools processing failed for google.com: 'WhoisIntegration' object has no attribute 'search_username'
01:51:28 [WARNING] urllib3.connectionpool: Retrying (Retry(total=0, connect=None, read=None, redirect=None, status=None)) after connection broken by 'RemoteDisconnected('Remote end closed connection without response')': /en-IN
01:51:28 [WARNING] urllib3.connectionpool: Retrying (Retry(total=0, connect=None, read=None, redirect=None, status=None)) after connection broken by 'RemoteDisconnected('Remote end closed connection without response')': /users/advanced_search
01:51:28 [WARNING] urllib3.connectionpool: Retrying (Retry(total=0, connect=None, read=None, redirect=None, status=None)) after connection broken by 'RemoteDisconnected('Remote end closed connection without response')': /users/en-IN
01:51:29 [INFO] src.orchestrator: Plugin system processed 2 plugins, discovered 6 artifacts
01:51:29 [ERROR] src.modules.username_search: Exception checking GitLab: 'expected_status'
01:51:29 [ERROR] src.modules.username_search: Exception checking GitLab: 'expected_status'
01:51:29 [ERROR] src.modules.username_search: Exception checking Reddit: 'expected_status'
01:51:29 [ERROR] src.modules.username_search: Exception checking Reddit: 'expected_status'
01:51:29 [INFO] src.modules.username_search: Found advanced_search on Steam
01:51:29 [INFO] src.modules.username_search: Found en-IN on Pinterest
01:51:29 [INFO] src.modules.username_search: Found advanced_search on Instagram
01:51:29 [INFO] src.modules.username_search: Found en-IN on Medium
01:51:29 [INFO] src.modules.username_search: Found advanced_search on Medium
01:51:29 [INFO] src.modules.username_search: Found en-IN on Steam
01:51:29 [INFO] src.modules.username_search: Found advanced_search on HackerNews
01:51:30 [INFO] src.modules.username_search: Found en-IN on HackerNews
01:51:30 [INFO] src.modules.username_search: Found en-IN on Instagram
01:51:30 [INFO] src.modules.username_search: Username search complete: en-IN → found on 5/12 platforms
01:51:32 [INFO] src.modules.username_search: Found advanced_search on Pinterest
01:51:32 [INFO] src.modules.username_search: Username search complete: advanced_search → found on 5/12 platforms
01:51:33 [INFO] src.modules.google_dorks: Limiting patterns from 8 to 3 to avoid rate limiting
01:51:33 [INFO] src.modules.google_dorks: Searching for username 'en-IN' with 3 dork patterns
01:51:33 [INFO] src.modules.google_dorks: Pattern 'profile_pages' found 10 results
01:51:33 [INFO] src.modules.google_dorks: Pattern 'simple_search' found 10 results
01:51:33 [INFO] src.modules.google_dorks: DuckDuckGo search found 0 results for pattern 'social_platforms'
01:51:33 [WARNING] src.modules.google_dorks: Pattern 'social_platforms' failed: None
01:51:33 [WARNING] src.modules.google_dorks: Limiting Google Dorks results from 20 to 10 to prevent exponential growth
01:51:33 [INFO] src.modules.google_dorks: Google Dorks search discovered 40 artifacts
01:51:33 [INFO] src.orchestrator: Google Dorks found 40 artifacts for username en-IN
01:51:34 [INFO] src.modules.google_dorks: Limiting patterns from 8 to 3 to avoid rate limiting
01:51:34 [INFO] src.modules.google_dorks: Searching for username 'en-IN' with 3 dork patterns
01:51:34 [INFO] src.modules.username_search: Found en-IN on Instagram
01:51:34 [INFO] src.modules.username_search: Found en-IN on HackerNews
01:51:34 [INFO] src.modules.username_search: Found en-IN on Medium
01:51:34 [INFO] src.modules.username_search: Found en-IN on Steam
01:51:34 [INFO] src.modules.username_search: Found en-IN on Pinterest
01:51:34 [ERROR] src.modules.username_search: Exception checking GitLab: 'expected_status'
01:51:34 [INFO] src.modules.google_dorks: Limiting patterns from 8 to 3 to avoid rate limiting
01:51:34 [INFO] src.modules.google_dorks: Searching for username 'advanced_search' with 3 dork patterns
01:51:34 [ERROR] src.modules.username_search: Exception checking Reddit: 'expected_status'
01:51:34 [INFO] src.modules.username_search: Username search complete: en-IN → found on 5/12 platforms
01:51:35 [WARNING] src.modules.google_dorks: Google rate limited (429) for query: en-IN
01:51:35 [WARNING] src.modules.google_dorks: Pattern 'simple_search' failed: Rate limited by Google (429)
01:51:35 [INFO] src.modules.google_dorks: DuckDuckGo search found 0 results for pattern 'simple_search'
01:51:35 [WARNING] src.modules.google_dorks: Pattern 'simple_search' failed: None
01:51:35 [INFO] src.modules.google_dorks: DuckDuckGo search found 0 results for pattern 'profile_pages'
01:51:35 [INFO] src.modules.google_dorks: DuckDuckGo search found 0 results for pattern 'social_platforms'
01:51:35 [WARNING] src.modules.google_dorks: Pattern 'profile_pages' failed: None
01:51:35 [WARNING] src.modules.google_dorks: Pattern 'social_platforms' failed: None
01:51:35 [INFO] src.modules.google_dorks: Google Dorks search discovered 0 artifacts
01:51:35 [INFO] src.modules.google_dorks: Limiting patterns from 8 to 3 to avoid rate limiting
01:51:35 [INFO] src.modules.google_dorks: Searching for username 'advanced_search' with 3 dork patterns
01:51:35 [INFO] src.modules.username_search: Found advanced_search on Steam
01:51:35 [INFO] src.modules.username_search: Found advanced_search on Medium
01:51:35 [INFO] src.modules.username_search: Found advanced_search on Instagram
01:51:35 [INFO] src.modules.username_search: Found advanced_search on Pinterest
01:51:35 [INFO] src.modules.username_search: Found advanced_search on HackerNews
01:51:35 [ERROR] src.modules.username_search: Exception checking GitLab: 'expected_status'
01:51:35 [ERROR] src.modules.username_search: Exception checking Reddit: 'expected_status'
01:51:35 [INFO] src.modules.username_search: Username search complete: advanced_search → found on 5/12 platforms
01:51:36 [WARNING] src.modules.google_dorks: Google rate limited (429) for query: advanced_search
01:51:36 [WARNING] src.modules.google_dorks: Pattern 'simple_search' failed: Rate limited by Google (429)
01:51:36 [WARNING] src.modules.google_dorks: Google rate limited (429) for query: site:twitter.com "en-IN" OR site:linkedin.com "en-IN" OR site:github.com "en-IN" OR site:instagram.com "en-IN"
01:51:36 [WARNING] src.modules.google_dorks: Pattern 'social_platforms' failed: Rate limited by Google (429)
01:51:38 [WARNING] src.modules.google_dorks: Google rate limited (429) for query: site:twitter.com "advanced_search" OR site:linkedin.com "advanced_search" OR site:github.com "advanced_search" OR site:instagram.com "advanced_search"
01:51:38 [WARNING] src.modules.google_dorks: Pattern 'social_platforms' failed: Rate limited by Google (429)
01:51:39 [WARNING] src.modules.google_dorks: Google rate limited (429) for query: intitle:"profile" "en-IN" OR intitle:"user" "en-IN"
01:51:39 [WARNING] src.modules.google_dorks: Pattern 'profile_pages' failed: Rate limited by Google (429)
01:51:39 [INFO] src.modules.google_dorks: Google Dorks search discovered 0 artifacts
01:51:39 [INFO] src.orchestrator: Plugin system processed 2 plugins, discovered 0 artifacts
01:51:39 [WARNING] src.modules.google_dorks: Google rate limited (429) for query: intitle:"profile" "advanced_search" OR intitle:"user" "advanced_search"
01:51:39 [WARNING] src.modules.google_dorks: Pattern 'profile_pages' failed: Rate limited by Google (429)
01:51:39 [INFO] src.modules.google_dorks: Google Dorks search discovered 0 artifacts
01:51:39 [INFO] src.orchestrator: Plugin system processed 2 plugins, discovered 0 artifacts
01:51:39 [INFO] src.orchestrator: BFS processing complete. Processed 215 artifacts
01:51:39 [INFO] src.orchestrator: Summary: 214 artifacts, 330 links, 416 platform presences
01:51:39 [INFO] src.modules.correlation: Correlation analysis: 214 artifacts, 330 links, 1 components
01:51:39 [INFO] src.orchestrator: Correlation analysis: 1 connected components, largest component size: 214
01:51:39 [INFO] src.orchestrator: Found 1 unique risk indicators: file_not_found
01:51:39 [INFO] src.orchestrator: Investigation INV-dff41e32 complete: 214 artifacts, 330 links, 416 platforms, 1 risk indicators

============================================================
Investigation Complete: INV-dff41e32
============================================================
  Artifacts discovered: 214
  Connections found:    330
  Platform presences:   416

  Risk Indicators:
    - file_not_found

============================================================
Auto-generating investigation report...
============================================================
01:51:39 [INFO] src.correlation.linker: Correlation complete: 35 nodes, 51 edges, 8 identities
01:51:39 [INFO] src.graph.visualizer: Graph saved to /var/folders/73/s7vzm9_d65n7bx0pjs4gmsmm0000gn/T/tmpyvdqhzaw.html (35 nodes, 51 edges)
01:51:39 [INFO] src.reporting.html_report: ============================================================
01:51:39 [INFO] src.reporting.html_report: INVESTIGATION RECOMMENDATIONS
01:51:39 [INFO] src.reporting.html_report: ============================================================
01:51:39 [INFO] src.reporting.html_report: [MEDIUM Priority - Platform Expansion]
01:51:39 [INFO] src.reporting.html_report:   Action: Expand platform search coverage
01:51:39 [INFO] src.reporting.html_report:   Details: Currently found on 9 platforms. Consider additional platform searches for broader coverage
01:51:39 [INFO] src.reporting.html_report: ------------------------------------------------------------
01:51:39 [INFO] src.reporting.html_report: [MEDIUM Priority - Identity Correlation]
01:51:39 [INFO] src.reporting.html_report:   Action: Deep dive into identity relationships
01:51:39 [INFO] src.reporting.html_report:   Details: 8 identity profiles detected. Investigate potential connections between profiles
01:51:39 [INFO] src.reporting.html_report: ------------------------------------------------------------
01:51:39 [INFO] src.reporting.html_report: HTML report saved to reports/INV-dff41e32_report.html
✓ HTML report saved: reports/INV-dff41e32_report.html

Report generation complete!

To view the report:  ghost-hunter report --id INV-dff41e32
To view the graph:   ghost-hunter graph --id INV-dff41e32